0.245678
0.208839
0.208839
0.245678
0.212751
0.208839
0.208839
0.201756
0.208839
0.191391
0.208839
0.168797
0.157125
0.208839
0.145874
0.208839
0.208839
0.121827
0.208839
0.109677
0.208839
0.0979807
0.0719369
0.208839
0.208839
0.0585749
0.208839
0.046188
0.0182254
0.208839
0.00381804
0.208839
0.208839
-0.00772085
-0.0312509
0.208839
-0.0423784
0.208839
-0.0499626
0.208839
-0.0465874
0.208839
-0.0538861
0.208839
-0.0629873
0.208839
-0.0766348
0.208839
-0.0837123
0.208839
0.208839
-0.0853639
0.208839
-0.0856341
-0.0862634
0.208839
-0.087088
0.208839
0.208839
-0.0871691
0.208839
-0.0856146
-0.0828393
0.208839
-0.0751869
0.208839
0.208839
-0.0715466
-0.0687314
0.208839
-0.0616322
0.208839
-0.0586578
0.208839
0.208839
-0.0567506
-0.0535781
0.208839
-0.0527742
0.208839
-0.052965
0.208839
0.208839
-0.0550109
-0.0572009
0.208839
-0.0603994
0.208839
-0.0675661
0.208839
-0.0702324
0.208839
0.208839
-0.0708366
0.208839
-0.0784074
-0.0815854
0.208839
0.208839
-0.0822944
-0.084318
0.208839
0.208839
-0.085432
-0.0860416
0.208839
0.208839
-0.0867372
0.208839
-0.086954
0.208839
-0.0905084
0.208839
-0.0901169
0.208839
-0.0887973
0.208839
-0.0886634
0.208839
-0.0891954
0.208839
-0.0890405
0.208839
-0.0870858
0.208839
-0.0814987
0.208839
-0.0781464
-0.0735748
0.208839
0.208839
-0.0653223
0.208839
-0.0621584
-0.0599572
0.208839
-0.071203
0.208839
-0.0678813
0.208839
-0.0629673
0.208839
0.208839
-0.0604816
-0.0608709
0.208839
0.208839
-0.0623032
-0.0678374
0.208839
0.208839
-0.0719284
0.208839
-0.0749764
-0.0792395
0.208839
-0.0806351
0.206302
0.195307
-0.0813994
0.190777
-0.0830145
0.180752
-0.0841233
0.182664
-0.0846738
-0.084999
0.17449
0.15959
-0.0853188
-0.0856359
0.143667
0.109807
-0.0858366
0.0909951
-0.0858346
-0.0858164
0.0727495
0.0340607
-0.0858237
-0.0854554
0.0157338
0.00118182
-0.0846602
-0.0796981
-0.0278036
-0.0765931
-0.0397746
-0.073606
-0.0475277
-0.0664262
-0.0624209
-0.0680663
-0.0632605
-0.0608522
-0.0711204
-0.0774052
-0.0560103
-0.0797616
-0.05424
-0.053272
-0.0810335
-0.0833992
-0.0525712
-0.0529799
-0.0842881
-0.0847824
-0.0541844
-0.085616
-0.0582473
-0.0858279
-0.061124
-0.0643777
-0.0858555
-0.0857665
-0.0704316
-0.0726301
-0.0856563
-0.0739974
-0.0854842
-0.0769117
-0.0850531
-0.0781516
-0.0848002
-0.0789238
-0.0845356
-0.0838919
-0.0802619
-0.0807568
-0.0835427
-0.0811133
-0.0832066
-0.0824821
-0.081686
-0.0819061
-0.0821125
-0.0817802
-0.0820128
-0.0809585
-0.0821474
-0.0805253
-0.0821623
-0.0820941
-0.0801183
-0.0792025
-0.079879
-0.0787306
-0.0779536
-0.0756545
-0.0782878
-0.0697029
-0.0773244
-0.0667679
-0.0768393
-0.064245
-0.076389
-0.07539
-0.0590039
-0.0751366
-0.0567933
-0.055189
-0.0752305
-0.0529294
-0.0700446
-0.052337
-0.0743576
-0.0525767
-0.070521
-0.0540774
-0.0736793
-0.0555323
-0.0712276
-0.0574878
-0.0731037
-0.0618486
-0.072503
-0.0636069
-0.0678775
-0.06491
-0.0709763
-0.0674137
-0.0561033
-0.0684176
-0.0593242
-0.0691986
-0.0566368
-0.0706671
-0.0563874
-0.0600876
-0.0712558
-0.0574148
-0.0716335
-0.05989
-0.0722842
-0.0578776
-0.0725165
-0.0574996
-0.0726346
-0.0605256
-0.0727564
-0.0727713
-0.0584201
-0.0605205
-0.0727296
-0.0721684
-0.0594453
-0.0582283
-0.0712317
-0.0698779
-0.0583417
-0.0659974
-0.0589117
-0.0602593
-0.0638592
-0.0592829
-0.0618158
-0.057675
-0.0573591
-0.0553274
-0.0575564
-0.0536361
-0.0572904
-0.0568376
-0.0506748
-0.0495809
-0.0564934
-0.0490104
-0.0561523
-0.0485524
-0.0552106
-0.04888
-0.0547921
-0.0495465
-0.0546107
-0.0535479
-0.0515701
-0.052699
-0.0529617
-0.0535474
-0.0524761
-0.0513783
-0.0550534
-0.050824
-0.0556928
-0.05007
-0.0562007
-0.0487058
-0.0570876
-0.0574294
-0.0480733
-0.0577061
-0.0476331
-0.046176
-0.05816
-0.0582913
-0.0453343
-0.0446834
-0.0583479
-0.043312
-0.0583537
-0.0582985
-0.0425169
-0.0582013
-0.0416782
-0.0578839
-0.0402696
-0.0394537
-0.0575297
-0.0569107
-0.038599
-0.0547904
-0.0368723
-0.0535086
-0.0360099
-0.035216
-0.0521844
-0.0491527
-0.0335396
-0.0476608
-0.0326671
-0.0462963
-0.0318094
-0.0436824
-0.0301414
-0.0292731
-0.0425606
-0.028436
-0.0416728
-0.0267451
-0.0402833
-0.0258924
-0.0399292
-0.0397197
-0.0250446
-0.0250962
-0.0397813
-0.0247624
-0.0400785
-0.0239133
-0.0403687
-0.0233609
-0.0406907
-0.0225342
-0.0407849
-0.021685
-0.0408314
-0.0409139
-0.0211469
-0.040709
-0.0205958
-0.0206202
-0.0406042
-0.0201092
-0.0404008
-0.0400623
-0.0195165
-0.019516
-0.0398559
-0.0179468
-0.0394613
-0.0391122
-0.017178
-0.0164802
-0.0386505
-0.0380484
-0.0150227
-0.0143305
-0.0376125
-0.0371085
-0.0136753
-0.0357406
-0.0123994
-0.0117998
-0.034961
-0.0112386
-0.0342327
-0.0101709
-0.0323849
-0.0314089
-0.00967829
-0.0305298
-0.00922124
-0.00833463
-0.0286847
-0.0278599
-0.00793114
-0.0270992
-0.00757289
-0.0256948
-0.00692555
-0.0250141
-0.00667801
-0.0244512
-0.00645216
-0.0234091
-0.00610392
-0.02289
-0.00595754
-0.00583067
-0.0224002
-0.0214658
-0.00568182
-0.0209023
-0.00563137
-0.0203452
-0.00562167
-0.00566022
-0.0192307
-0.0186066
-0.00574049
-0.00583579
-0.0179821
-0.00603977
-0.0166491
-0.0159623
-0.0061496
-0.0152974
-0.00625674
-0.01391
-0.00650566
-0.00663209
-0.0132202
-0.00676047
-0.0125602
-0.00703948
-0.0111499
-0.00718142
-0.0104561
-0.007326
-0.0097916
-0.00759142
-0.0084507
-0.00770446
-0.00784778
-0.00780055
-0.00728986
-0.00796758
-0.0062518
-0.00803464
-0.005781
-0.00808795
-0.00535335
-0.0081844
-0.00453413
-0.00830879
-0.00414452
-0.00832768
-0.00377432
-0.00300089
-0.00820553
-0.00261078
-0.00809951
-0.00221521
-0.00823587
-0.00822805
-0.00134169
-0.000890584
-0.00823443
-0.0004348
-0.00816988
-0.00797971
0.000531924
-0.00785188
0.000945116
0.00131686
-0.00771607
0.00198775
-0.00737229
0.00228093
-0.00718598
0.00252839
-0.00698572
0.00295548
-0.00647457
-0.00617706
0.00312753
-0.00585757
0.00325392
0.00341201
-0.00512713
0.00339434
-0.00471714
-0.00428546
0.00339681
0.00319916
-0.00337808
0.00308657
-0.00287171
0.002918
-0.00238832
-0.00134395
0.00251416
0.00229913
-0.00070486
-0.000109226
0.00206447
0.00162428
0.00127676
0.00170803
0.00139684
0.00116776
0.00170528
0.000747778
0.00162759
0.000555097
0.00281945
0.00224804
0.000370391
-2.1284e-05
0.00264344
0.00261921
-0.000224021
-0.000434787
0.00382822
0.00484103
-0.000918185
0.00439518
-0.00120065
-0.00149543
0.00586505
0.00604267
-0.00219067
-0.00257573
0.00738892
0.00690114
-0.00292775
0.00695762
-0.00365558
-0.00399427
0.00832931
0.00840052
-0.00430083
-0.00488993
0.0103849
-0.00515944
0.0113234
-0.0054028
0.0120152
-0.00586355
0.0144573
-0.00608872
0.0154997
-0.0062631
0.0167544
-0.00655573
0.0193845
0.0207856
-0.00664978
-0.00673242
0.0223608
0.0254637
-0.00683465
-0.00682489
0.0269347
-0.00679442
0.0288211
-0.00662097
0.0322866
-0.00649205
0.0343177
0.0361008
-0.00635498
-0.00604891
0.0404921
-0.00588492
0.0424934
-0.00571529
0.0449753
-0.00533271
0.0499528
-0.00515559
0.0523297
-0.00496397
0.0552841
0.0608844
-0.00453559
-0.00432525
0.0640288
0.0670233
-0.0040824
-0.00350751
0.073709
-0.0031928
0.0773638
-0.0028454
0.0811886
-0.00205163
0.0888816
-0.00164082
0.0929034
-0.00123218
0.0968458
-0.000197824
0.105803
0.000371268
0.110106
0.115054
0.00100885
0.00225944
0.124652
0.129774
0.00300237
0.135065
0.00364043
0.00521358
0.145456
0.151014
0.0059487
0.00670432
0.157077
0.00855416
0.168105
0.00951141
0.173734
0.0105783
0.179842
0.191964
0.0122296
0.0131069
0.197847
0.203595
0.0137636
0.01485
0.204332
0.203263
0.0154624
0.0158924
0.203853
0.0166891
0.203855
0.20327
0.0170914
0.203383
0.0176736
0.203478
0.0189945
0.203495
0.0197521
0.203503
0.0208527
0.0230589
0.20351
0.203511
0.0246766
0.203511
0.026297
0.203512
0.030053
0.203512
0.0318102
0.203512
0.0337922
0.207373
0.038046
0.212852
0.0405051
0.213087
0.0426751
0.0476705
0.211381
0.211655
0.0505873
0.211653
0.0531005
0.0590923
0.211403
0.0620422
0.21303
0.0654621
0.218868
0.230154
0.0722176
0.0756146
0.228306
0.0794147
0.225988
0.0864324
0.237991
0.243156
0.089869
0.248047
0.0931536
0.257922
0.0986229
0.100808
0.262761
0.103576
0.262909
0.107849
0.261172
0.261548
0.110436
0.112355
0.261603
0.271461
0.117745
0.274596
0.120147
0.273315
0.123588
0.130916
0.272384
0.134824
0.272016
0.139586
0.277423
0.150047
0.28471
0.155112
0.287058
0.289186
0.16039
0.171845
0.288604
0.288539
0.177166
0.29144
0.182656
0.294087
0.193399
0.294693
0.198825
0.294826
0.204158
0.214685
0.293893
0.219578
0.292824
0.291502
0.224215
0.287165
0.233637
0.284261
0.238361
0.280824
0.242604
0.272533
0.249914
0.253087
0.267744
0.25565
0.262568
0.25488
0.259164
0.252984
0.260229
0.246393
0.260767
0.260556
0.231568
0.226072
0.259969
0.22648
0.259141
0.221429
0.256816
0.212972
0.25529
0.204104
0.253556
0.190659
0.249413
0.191459
0.247063
0.192299
0.244541
0.172241
0.238777
0.235473
0.161938
0.152128
0.231767
0.131389
0.223235
0.120974
0.218505
0.111088
0.213531
0.0906126
0.202382
0.0805956
0.196311
0.19014
0.071393
0.176717
0.0527295
0.0439202
0.169617
0.162544
0.0360711
0.0202285
0.147397
0.0129273
0.139615
0.132022
0.00668231
0.116079
-0.00566206
-0.0111806
0.108158
0.100748
-0.0158432
-0.0249804
0.0862292
0.07943
-0.0290137
-0.0323726
0.0732873
-0.0387704
0.0613481
0.0557741
-0.041521
0.0507917
-0.0437408
-0.0480391
0.0407941
-0.0498675
0.0360412
-0.0513812
0.031682
-0.054242
0.0224777
-0.0554438
0.0177914
-0.0563848
0.0134805
-0.0581952
0.00399504
-0.000914915
-0.058948
-0.0595253
-0.00538369
-0.0604998
-0.0138169
-0.017583
-0.0608838
-0.0611642
-0.0207853
-0.0616647
-0.0270134
-0.0634909
-0.0297927
-0.0638046
-0.0321645
-0.0616094
-0.0367485
-0.0617994
-0.0387578
-0.0619801
-0.0404515
-0.0621158
-0.0436861
-0.0621479
-0.0450752
-0.0462318
-0.0621375
-0.0621472
-0.0483738
-0.0637504
-0.0492004
-0.0640499
-0.0497239
-0.0618693
-0.0496648
-0.0618744
-0.0492151
-0.0618222
-0.0485485
-0.0615461
-0.0465662
-0.0629402
-0.0454627
-0.0443904
-0.0632237
-0.0422243
-0.0616034
-0.0600975
-0.0412836
-0.0619335
-0.0405349
-0.0395
-0.062604
-0.0633069
-0.0392682
-0.0620008
-0.0393413
-0.0617699
-0.0400726
-0.0605316
-0.0407387
-0.0619951
-0.041604
-0.0613158
-0.0433716
-0.0605291
-0.0440253
-0.0445588
-0.0600059
-0.0597483
-0.0456258
-0.0597684
-0.0461218
-0.0465775
-0.0597707
-0.0474608
-0.0596426
-0.0595369
-0.0478345
-0.0481901
-0.059423
-0.0592579
-0.0488925
-0.049175
-0.0591808
-0.0591122
-0.0493857
-0.059064
-0.0497595
-0.0499116
-0.0590866
-0.0591105
-0.0500281
-0.0591253
-0.0496682
-0.0591836
-0.0491612
-0.0592636
-0.0484733
-0.0594403
-0.0465446
-0.0594839
-0.0454493
-0.0594899
-0.0443454
-0.0420153
-0.0596458
-0.0409369
-0.0597441
-0.0598148
-0.0400045
-0.0384568
-0.0601113
-0.0602986
-0.0378824
-0.037593
-0.0604511
-0.0376842
-0.0607912
-0.0610029
-0.0379686
-0.0611903
-0.038469
-0.0616526
-0.0400302
-0.0407177
-0.0618834
-0.0413273
-0.0621271
-0.0426265
-0.0626244
-0.0628575
-0.0432838
-0.0439478
-0.0631695
-0.0637307
-0.0452719
-0.0459046
-0.0639619
-0.0465566
-0.0641952
-0.0479475
-0.0647647
-0.0650678
-0.0485557
-0.0653281
-0.0490565
-0.0659854
-0.0501968
-0.0663474
-0.0507507
-0.0512378
-0.0666662
-0.0673613
-0.0517307
-0.0515848
-0.0677817
-0.0681021
-0.0511253
-0.0493584
-0.0687181
-0.0689466
-0.0482806
-0.0691434
-0.0471579
-0.0447321
-0.0697497
-0.070055
-0.0436139
-0.0703887
-0.042667
-0.0411726
-0.0710172
-0.071362
-0.0407044
-0.0716345
-0.0405747
-0.0411382
-0.0724506
-0.0416739
-0.0727839
-0.0730496
-0.0424947
-0.0734799
-0.045448
-0.0468119
-0.0736262
-0.0480511
-0.0736655
-0.0741311
-0.0506538
-0.0518495
-0.0744299
-0.0746553
-0.0530093
-0.0552654
-0.0750291
-0.0563973
-0.0751514
-0.0753231
-0.0574612
-0.0758672
-0.0595508
-0.0605623
-0.076097
-0.0762518
-0.0614789
-0.0764778
-0.0632696
-0.0640152
-0.0765217
-0.0646377
-0.07651
-0.0656292
-0.0765154
-0.0652859
-0.0765731
-0.0766467
-0.064242
-0.0612722
-0.0767934
-0.0595465
-0.0768223
-0.0577072
-0.0768283
-0.0768688
-0.0538806
-0.0799275
-0.0521131
-0.0804976
-0.0506815
-0.0484693
-0.0763276
-0.0476939
-0.0793603
-0.0473576
-0.0798217
-0.0475924
-0.0809405
-0.0484033
-0.0789331
-0.0495413
-0.0764962
-0.0533584
-0.0775778
-0.0557074
-0.0736207
-0.0574899
-0.0766877
-0.0609009
-0.0762624
-0.0624574
-0.0773303
-0.0638444
-0.078656
-0.0775373
-0.0664466
-0.067577
-0.0771752
-0.0770645
-0.0683543
-0.0766674
-0.0704548
-0.0714002
-0.076491
-0.0720882
-0.076326
-0.0732232
-0.0760154
-0.0736096
-0.0758217
-0.07398
-0.0756782
-0.0752867
-0.074868
-0.0750704
-0.0750323
-0.0748586
-0.0746075
-0.0716047
-0.074366
-0.0695965
-0.0741115
-0.0739161
-0.0674934
-0.0734812
-0.0623753
-0.0732547
-0.059921
-0.073017
-0.0578359
-0.0725917
-0.0539074
-0.0523918
-0.0725503
-0.0726393
-0.0513976
-0.0504314
-0.0727055
-0.0703698
-0.0507419
-0.0694146
-0.0513379
-0.0539673
-0.0717979
-0.0712613
-0.0560908
-0.0707506
-0.058067
-0.0614849
-0.0706917
-0.0629473
-0.0703907
-0.070045
-0.0641579
-0.0664622
-0.0694469
-0.067405
-0.0691477
-0.0688607
-0.06817
-0.068261
-0.0696936
-0.0703369
-0.0679677
-0.0677054
-0.0707841
-0.0716381
-0.0671337
-0.0719555
-0.0668134
-0.0721519
-0.0664905
-0.0657961
-0.0724349
-0.0654376
-0.0725173
-0.0725006
-0.0650943
-0.0706264
-0.0643369
-0.0639431
-0.0691061
-0.0673832
-0.0636035
-0.0628501
-0.0629433
-0.062472
-0.0606976
-0.0586684
-0.0621084
-0.0613411
-0.0545393
-0.0611444
-0.0527853
-0.0611997
-0.0514359
-0.0494575
-0.0612412
-0.0598788
-0.0489587
-0.0590713
-0.0489195
-0.0598665
-0.0499028
-0.0592652
-0.0508218
-0.0587448
-0.0520237
-0.0581689
-0.0547937
-0.0577144
-0.0558475
-0.0566773
-0.0572585
-0.0583161
-0.0563156
-0.0558458
-0.0590143
-0.059554
-0.0554
-0.0544378
-0.0605565
-0.0539486
-0.0609864
-0.0534897
-0.0613217
-0.0618863
-0.0525133
-0.0620598
-0.0520122
-0.0515268
-0.0621605
-0.0622691
-0.0504801
-0.0499467
-0.0622644
-0.0622173
-0.0494323
-0.0614939
-0.0483352
-0.0606905
-0.0477792
-0.0596308
-0.0473306
-0.0566907
-0.0460461
-0.0550796
-0.0454608
-0.0535051
-0.0449543
-0.0436439
-0.0501517
-0.0486033
-0.0430301
-0.0424528
-0.0472773
-0.041274
-0.0449722
-0.0440587
-0.0405161
-0.0398796
-0.0434892
-0.0386582
-0.0430157
-0.0379461
-0.0430256
-0.0371934
-0.0433122
-0.0445505
-0.0360694
-0.036388
-0.0451463
-0.0357605
-0.0455434
-0.0462359
-0.035342
-0.0465076
-0.0341609
-0.0467069
-0.0341204
-0.0470187
-0.0335328
-0.047113
-0.0329704
-0.0471588
-0.0321761
-0.0305586
-0.0471647
-0.047127
-0.0298132
-0.0470551
-0.0290422
-0.0468042
-0.0274549
-0.0466336
-0.0266558
-0.025835
-0.0464398
-0.0241486
-0.0458906
-0.0233113
-0.0454374
-0.0224648
-0.0448285
-0.0206946
-0.0431834
-0.0421837
-0.0198001
-0.0188914
-0.0411603
-0.0171135
-0.0389112
-0.0378114
-0.0162118
-0.0367928
-0.0153342
-0.034737
-0.0135686
-0.0338817
-0.0126827
-0.0118064
-0.0331766
-0.0100867
-0.032017
-0.00919633
-0.0316161
-0.0311792
-0.00835868
-0.00670949
-0.0307625
-0.00589848
-0.0307831
-0.0306023
-0.00513154
-0.00360791
-0.0300981
-0.00287684
-0.0299268
-0.0296296
-0.00218804
-0.0289283
-0.000831324
-0.000188607
-0.0286751
-0.0282883
0.000399904
0.00151701
-0.0273342
0.00202836
-0.026895
-0.0263951
0.00247642
0.0032933
-0.0253903
0.00364937
-0.0248172
-0.0242322
0.00395111
-0.0230895
0.00450697
-0.0224443
0.00472387
0.00489977
-0.0217988
-0.0204686
0.00509822
0.00514415
-0.0197662
0.00512333
-0.0190854
0.00498911
-0.0176911
-0.017021
0.00486034
-0.0163903
0.00469833
0.0043021
-0.0151015
0.00404384
-0.0144746
0.00377312
-0.0138744
0.00305311
-0.0126233
-0.0120516
0.00267371
-0.0114267
0.00227793
0.0014214
-0.0101221
-0.00946775
0.000973062
-0.00877859
0.000533116
-0.00736544
-0.000394843
-0.00670842
-0.000853748
-0.00601227
-0.00131293
-0.00465725
-0.00235166
-0.00399303
-0.0028629
-0.00334571
-0.00335728
-0.00209843
-0.00432645
-0.00480161
-0.0014982
-0.00525234
-0.000935887
0.000169604
-0.00615706
-0.00659941
0.000694048
0.00117912
-0.00701361
-0.0078619
0.00210184
-0.00828219
0.00251099
0.00287216
-0.00866346
-0.00940652
0.00341414
0.00361311
-0.00975135
0.00375434
-0.0100645
-0.0106713
0.00392314
0.00395664
-0.0109479
0.00397912
-0.0112003
0.00401333
-0.00853251
0.00400352
-0.00883219
0.00402355
-0.00620022
-0.00106702
0.00397681
0.001177
0.00396062
0.00392621
0.00316272
0.00315641
0.00380779
0.00309831
0.00374145
0.00361573
0.00505678
0.00330387
0.00838934
0.00308906
0.0100064
0.0114255
0.0028697
0.00232513
0.0140105
0.00201913
0.00167989
0.000848654
0.000420765
-3.07475e-06
-0.000898345
-0.00135721
-0.00180158
-0.00273899
-0.003212
-0.0036775
-0.00463351
-0.0050234
-0.0053422
-0.00583083
-0.00601071
-0.00614536
-0.00635418
-0.00644316
-0.00652337
-0.00673342
-0.00685493
-0.00701718
-0.00744752
-0.00773224
-0.00807288
-0.00888067
-0.00926699
-0.00962322
-0.0103083
-0.0106257
-0.010913
-0.0114642
-0.0117174
-0.0119445
-0.00614822
-0.00350585
-0.0041446
0.00324557
0.00256581
0.00426638
0.00793585
0.00958259
0.0111055
0.0117041
0.0132178
-1.28375
-1.22291
-1.2888
-1.26855
-1.28085
-1.28612
-1.25681
-1.29966
-1.29312
-1.25953
-1.28592
-1.28643
-0.486005
-0.0379169
0.0354231
0.0279689
0.0317228
0.046288
-1.29723
0.0916425
0.109752
0.109552
0.202688
0.232405
0.230953
0.230581
0.230518
0.230467
0.230427
0.230415
0.23041
0.230396
0.230381
0.230372
0.230361
-1.17127
0.23036
0.230349
0.230333
0.230329
0.230322
0.230312
0.635918
0.106101
0.626708
0.0991028
0.640098
-0.0527644
0.643062
0.643153
-0.0547559
-0.0564198
0.643021
0.642383
-0.045618
-0.0435117
0.642814
0.643015
-0.0423616
-0.0423142
0.643174
-0.0422963
0.643183
-0.0422804
0.643186
-0.0422649
0.643187
-0.0422636
0.643187
-0.042263
0.643188
-0.0422554
0.643188
-0.0422551
0.643189
-0.042255
0.643187
0.643187
-0.0422506
-0.0422501
0.643188
-0.0422508
0.643188
-0.0422438
0.643189
0.643188
-0.0422364
-0.0422324
0.643188
-0.0422236
0.643187
-0.0422173
0.643187
-0.0422119
0.643187
-0.0421965
0.643186
0.643188
-0.0421963
0.643187
-0.0421955
-0.0421793
0.643186
-0.0421771
0.643187
0.643187
-0.0421665
-0.0421694
0.643186
-0.0421583
0.643186
0.643184
-0.0421515
-0.0421439
0.643185
0.643185
-0.0421434
0.643185
-0.0421334
-0.0421254
0.643183
0.643182
-0.0421237
-0.0421191
0.64318
-0.0421104
0.643179
0.643178
-0.0421059
-0.0420941
0.643179
-0.0420914
0.643178
0.643178
-0.042085
0.643178
-0.0420802
-0.0420851
0.643179
-0.0420768
0.643178
0.643178
-0.0420716
0.643177
-0.042063
0.643177
-0.0420642
0.643177
-0.042051
0.643177
-0.0420434
-0.0420346
0.643177
-0.0420323
0.643177
-0.0420186
0.643176
-0.0420189
0.643177
-0.0420115
0.643176
0.643175
-0.0420061
-0.0420017
0.643175
-0.0419957
0.643175
-0.0419913
0.643175
-0.0419904
0.643175
-0.0419859
0.643174
-0.0419717
0.643175
0.643174
-0.0419732
0.643174
-0.0419602
-0.041956
0.643174
0.643174
-0.0419511
-0.0419447
0.643174
-0.0419321
0.643173
-0.0419308
0.643173
-0.0419203
0.643173
-0.0419134
0.643173
-0.0419116
0.643173
-0.0419105
0.643173
-0.0419016
0.643173
0.643173
-0.0418984
-0.041898
0.643173
0.643172
-0.0418857
-0.0418856
0.643172
-0.0418789
0.643172
-0.0418766
0.643171
-0.0418647
0.64317
-0.0418641
0.643171
-0.0418573
0.643171
-0.041852
0.64317
0.64317
-0.0418474
-0.0418429
0.643171
0.64317
-0.0418426
0.64317
-0.0418431
-0.0418298
0.64317
0.64317
-0.0418226
-0.0418232
0.64317
-0.041821
0.64317
0.643169
-0.0418083
-0.0418148
0.643169
-0.0418015
0.643169
-0.0417946
0.643169
-0.0417917
0.643169
-0.0417922
0.643168
-0.0417805
0.643168
0.643167
-0.0417759
-0.0417658
0.643167
0.643167
-0.0417663
-0.0417468
0.643167
0.643166
-0.0417286
-0.0417168
0.643166
-0.041718
0.643166
-0.0417247
0.643166
0.643166
-0.0417249
-0.0417241
0.643166
-0.0417269
0.643166
-0.0417271
0.643166
0.643166
-0.041726
0.643166
-0.0417242
-0.0417281
0.643166
0.643167
-0.0417282
0.643167
-0.0417226
-0.0417256
0.643167
0.643167
-0.04173
0.643167
-0.0417253
0.643167
-0.0417273
0.643167
-0.0417288
-0.0417267
0.643168
-0.0417257
0.643168
0.643168
-0.0417247
-0.0417237
0.643167
0.643168
-0.041723
-0.0417178
0.643167
-0.0417108
0.643167
-0.041708
0.643167
-0.0417075
0.643167
-0.0416992
0.643167
-0.0416995
0.643167
-0.0416991
0.643166
-0.0416991
0.643166
-0.0416867
0.643166
0.643166
-0.041686
-0.0416853
0.643166
-0.0416846
0.643166
-0.0416785
0.643165
-0.0416742
0.643165
-0.0416742
0.643165
-0.0416736
0.643165
-0.0416656
0.643165
-0.0416655
0.643164
0.643164
-0.0416651
0.643164
-0.0416632
0.643164
-0.04166
0.643164
-0.0416552
-0.0416532
0.643164
-0.0416522
0.643163
-0.0416526
0.643163
-0.0416505
0.643163
0.643163
-0.0416455
-0.0416401
0.643162
-0.0416422
0.643163
-0.0416313
0.643163
-0.0416395
0.643162
-0.041634
0.643162
-0.0416289
0.643162
-0.0416252
0.643162
-0.0416254
0.643162
-0.0416183
0.643162
-0.0416274
0.643161
-0.0416223
0.643161
-0.0416212
0.643161
0.643161
-0.0416141
0.643161
-0.0416177
-0.0416117
0.643161
-0.0416154
0.64316
-0.0416152
0.64316
0.64316
-0.0416097
-0.0416064
0.64316
-0.0416048
0.64316
-0.0416053
0.64316
-0.0416039
0.643159
0.643159
-0.0415982
-0.0415977
0.643159
0.643159
-0.0415953
-0.0415949
0.643158
-0.0415913
0.643159
-0.0415918
0.643159
-0.0415923
0.643158
0.643158
-0.0415912
0.643158
-0.0415903
-0.0415856
0.643157
-0.0415815
0.643157
-0.0415879
0.643157
-0.0415827
0.643157
-0.0415839
0.643157
-0.0415825
0.643157
-0.0415815
0.643157
0.643157
-0.0415808
-0.0415792
0.643157
-0.0415787
0.643157
-0.0415775
0.643157
0.643156
-0.0415734
-0.0415691
0.643156
-0.0415785
0.643156
-0.0415775
0.643156
0.643156
-0.0415748
-0.0415696
0.643155
-0.0415745
0.643155
-0.041573
0.643155
0.643155
-0.0415725
-0.0415732
0.643155
0.643154
-0.0415752
0.643154
-0.0415741
-0.0415748
0.643154
-0.0415725
0.643154
0.643154
-0.0415713
0.643154
-0.0415701
0.643153
-0.041574
-0.0415725
0.643154
0.643153
-0.0415694
-0.0415708
0.643153
-0.0415708
0.643153
-0.0415679
0.643152
-0.0415713
0.643153
-0.0415693
0.643152
-0.0415685
0.643152
-0.0415688
0.643152
-0.0415663
0.643152
0.643152
-0.0415674
0.643152
-0.04157
-0.0415753
0.643152
0.643152
-0.0415761
-0.0415733
0.643151
-0.0415711
0.643152
-0.0415769
0.643151
0.643151
-0.0415764
0.643151
-0.0415753
0.64315
-0.0415746
-0.0415801
0.64315
-0.0415813
0.64315
-0.0415739
0.64315
0.64315
-0.0415788
0.64315
-0.0415782
-0.0415807
0.64315
-0.0415765
0.643149
-0.0415756
0.643149
0.643149
-0.0415741
-0.0415771
0.643149
-0.0415812
0.643149
0.643149
-0.0415814
-0.0415815
0.643149
-0.0415841
0.643149
-0.0415868
0.643149
0.643148
-0.0415856
-0.0415846
0.643148
0.643148
-0.0415918
0.643148
-0.0415881
0.643148
-0.0415892
-0.0415884
0.643148
-0.0415911
0.643148
-0.0415945
0.643148
-0.0415941
0.643148
-0.041597
0.643147
0.643147
-0.0415974
0.643147
-0.0416017
0.643146
-0.041601
-0.0416058
0.643146
0.643146
-0.0416048
-0.0416074
0.643146
-0.0416125
0.643146
-0.0416107
0.643146
-0.0416094
0.643146
0.643145
-0.041614
-0.0416166
0.643145
-0.0416176
0.643145
0.643145
-0.041622
0.643145
-0.0416245
0.643145
-0.0416236
0.643144
-0.041629
-0.0416268
0.643145
-0.0416326
0.643144
-0.0416309
0.643144
-0.0416348
0.643144
-0.0416349
0.643144
0.643144
-0.041633
0.643144
-0.0416369
0.643144
-0.0416345
-0.041641
0.643144
0.643144
-0.0416372
-0.0416453
0.643144
-0.0416425
0.643143
-0.0416543
0.643143
-0.0416524
0.643143
-0.0416512
0.643143
0.643143
-0.041658
0.643143
-0.0416673
-0.0416612
0.643143
0.643143
-0.0416651
-0.0416714
0.643142
-0.041669
0.643142
-0.0416737
0.643142
0.643141
-0.0416786
0.643142
-0.0416797
0.643141
-0.0416855
-0.0416835
0.643141
0.643141
-0.0416844
-0.0416867
0.643141
-0.041693
0.643141
0.64314
-0.041701
0.643141
-0.041696
0.643141
-0.0416955
-0.0416989
0.64314
-0.0417034
0.64314
-0.0417062
0.64314
-0.0417108
0.64314
0.643139
-0.0417119
-0.0417204
0.64314
0.64314
-0.0417204
0.64314
-0.0417191
-0.0417288
0.64314
-0.0417322
0.643139
-0.0417306
0.643139
-0.0417357
0.643139
-0.0417407
0.643139
0.643139
-0.0417448
-0.0417498
0.643139
-0.0417543
0.643138
-0.0417525
0.643139
-0.0417557
0.643138
0.643139
-0.0417544
-0.0417625
0.643138
0.643138
-0.0417632
-0.0417725
0.643138
0.643138
-0.0417705
-0.0417788
0.643138
-0.0417808
0.643137
-0.041778
0.643137
-0.0417827
0.643137
-0.041794
0.643137
-0.0417969
0.643137
0.643137
-0.0418061
0.643136
-0.0418051
0.643136
-0.0418091
-0.0418135
0.643136
-0.0418084
0.643136
0.643136
-0.0418167
-0.0418156
0.643136
0.643136
-0.0418259
-0.0418245
0.643136
0.643136
-0.0418347
-0.0418387
0.643136
-0.0418409
0.643135
-0.0418464
0.643135
0.643136
-0.0418511
-0.041851
0.643135
-0.0418591
0.643136
-0.0418647
0.643135
0.643135
-0.041863
0.643135
-0.0418716
0.643135
-0.0418722
-0.0418756
0.643135
-0.0418812
0.643134
-0.0418889
0.643134
-0.0418867
0.643133
-0.0418984
0.643133
-0.0418965
0.643133
-0.0419069
0.643133
-0.0419155
0.643133
-0.0419144
0.643133
-0.0419207
0.643133
-0.0419232
0.643133
0.643133
-0.0419299
-0.0419327
0.643133
-0.0419429
0.643133
-0.0419412
0.643133
-0.04195
0.643133
-0.0419547
0.643132
0.643132
-0.0419539
0.643132
-0.0419569
-0.0419672
0.643132
-0.0419717
0.643132
0.643132
-0.0419698
-0.0419791
0.643132
0.643132
-0.0419845
-0.0419891
0.643132
-0.0419961
0.643132
-0.0419961
0.643132
-0.0420024
0.643132
-0.0420054
0.643131
-0.042015
0.643131
0.643131
-0.0420189
-0.042024
0.64313
-0.0420326
0.64313
0.64313
-0.0420346
-0.0420408
0.64313
-0.0420451
0.64313
-0.0420465
0.64313
-0.0420531
0.643129
-0.0420593
0.643129
-0.0420674
0.643129
-0.0420719
0.643129
-0.0420781
0.643129
-0.0420746
0.643129
-0.0420868
0.643128
0.643129
-0.0420967
0.643129
-0.0421027
-0.042104
0.643129
0.643128
-0.0421091
-0.0421119
0.643128
0.643128
-0.0421214
-0.0421249
0.643128
0.643129
-0.0421314
-0.0421403
0.643129
0.643128
-0.0421439
0.643128
-0.0421483
-0.0421527
0.643128
-0.0421607
0.643128
-0.0421675
0.643128
-0.0421714
0.643128
0.643128
-0.0421803
0.643127
-0.0421843
0.643127
-0.0421945
0.643127
-0.0421976
-0.0422037
0.643127
0.643127
-0.0422139
-0.0422121
0.643127
-0.0422207
0.643127
-0.0422251
0.643127
0.643126
-0.0422295
0.643126
-0.0422354
0.643126
-0.0422446
0.643126
-0.0422479
0.643126
-0.0422524
0.643126
-0.0422664
0.643126
-0.0422729
-0.042271
0.643125
-0.0422859
0.643125
0.643125
-0.0422884
0.643125
-0.0422933
0.643125
-0.0422982
0.643125
-0.0423025
0.643125
-0.0423129
-0.0423177
0.643124
-0.0423253
0.643125
-0.0423258
0.643125
-0.0423403
0.643125
-0.0423393
0.643125
0.643125
-0.0423451
0.643124
-0.0423574
-0.0423637
0.643124
-0.0423717
0.643124
-0.0423794
0.643124
-0.0423799
0.643124
-0.0423858
0.643124
0.643123
-0.0423984
0.643123
-0.0423988
-0.0424085
0.643123
0.643123
-0.0424176
-0.0424265
0.643123
-0.042426
0.643123
-0.0424365
0.643123
-0.0424455
0.643123
0.643122
-0.0424446
0.643122
-0.0424539
0.643123
-0.0424676
0.643122
-0.0424722
-0.0424757
0.643122
0.643122
-0.0424817
0.643122
-0.0424914
-0.0425013
0.643121
0.643122
-0.0425098
0.643121
-0.0425097
0.643121
-0.0425197
0.643121
-0.0425291
0.643121
-0.0425276
-0.0425379
0.643121
0.643121
-0.0425456
-0.0425526
0.643122
-0.0425656
0.643121
0.643121
-0.0425698
0.643121
-0.0425747
0.643121
-0.0425849
-0.0425927
0.643121
0.643121
-0.0425945
0.64312
-0.0426051
0.64312
-0.0426114
-0.0426245
0.64312
-0.0426314
0.64312
-0.0426321
0.64312
-0.0426405
0.643119
-0.0426572
0.643119
0.643119
-0.04266
0.643119
-0.0426586
0.643119
-0.0426724
0.643119
-0.0426796
0.643119
-0.0426875
-0.0426957
0.643119
0.643119
-0.0427072
-0.0427052
0.643119
-0.0427187
0.643118
-0.0427262
0.643118
-0.0427235
0.643118
-0.0427432
0.643118
-0.0427498
0.643118
-0.0427523
0.643118
0.643118
-0.0427628
-0.0427772
0.643119
-0.0427765
0.643118
-0.0427893
0.643118
0.643119
-0.0427969
-0.042799
0.643118
-0.0428132
0.643118
-0.0428232
0.643118
-0.0428238
0.643118
-0.0428397
0.643117
-0.0428382
0.643117
0.643117
-0.0428471
-0.0428565
0.643117
-0.0428658
0.643116
-0.0428708
0.643116
-0.0428893
0.643116
-0.0428898
0.643116
-0.0428988
0.643116
-0.0429086
0.643116
-0.0429194
0.643116
-0.0429267
0.643116
-0.0429368
0.643116
0.643116
-0.0429372
-0.042947
0.643116
-0.0429578
0.643116
-0.0429595
0.643115
-0.0429745
0.643115
0.643116
-0.0429846
-0.0429953
0.643115
-0.0429999
0.643115
-0.0430084
0.643116
-0.0430141
0.643115
-0.0430216
0.643115
-0.0430346
0.643115
0.643115
-0.0430424
0.643115
-0.0430527
0.643115
-0.0430631
0.643115
-0.0430648
0.643115
-0.0430711
-0.0430844
0.643114
0.643114
-0.0430883
-0.0430987
0.643114
-0.0431132
0.643114
0.643114
-0.0431229
-0.0431242
0.643114
-0.043138
0.643114
0.643114
-0.0431417
0.643114
-0.0431533
0.643114
-0.0431714
-0.0431713
0.643113
-0.0431812
0.643113
-0.0431899
0.643113
-0.0432016
0.643113
0.643113
-0.0431997
0.643113
-0.0432182
-0.0432279
0.643113
0.643113
-0.0432329
-0.043248
0.643113
-0.0432477
0.643113
0.643113
-0.0432576
0.643113
-0.0432679
0.643112
-0.0432814
0.643112
-0.043291
-0.0433005
0.643113
0.643112
-0.0433061
-0.0433098
0.643112
-0.04333
0.643112
0.643112
-0.0433345
-0.0433401
0.643112
-0.0433526
0.643112
0.643112
-0.0433643
-0.0433677
0.643111
-0.0433866
0.643112
-0.0433962
0.643112
-0.043398
0.643112
0.643112
-0.0434161
-0.0434141
0.643111
-0.0434262
0.643111
-0.0434363
0.643111
-0.0434459
0.643111
-0.0434558
0.643111
-0.0434694
0.643111
0.643111
-0.0434724
-0.0434842
0.643111
0.643111
-0.0434941
-0.0435077
0.643111
-0.0435147
0.64311
-0.0435244
0.64311
-0.0435376
0.64311
-0.0435428
0.64311
-0.043555
0.64311
0.64311
-0.0435651
-0.0435754
0.64311
-0.043585
0.64311
-0.0435896
0.64311
0.64311
-0.043603
-0.0436156
0.64311
-0.0436257
0.64311
-0.0436254
0.64311
-0.0436432
0.64311
-0.0436476
0.643109
-0.0436576
0.643109
-0.043677
0.643109
0.643109
-0.043687
0.643109
-0.0436932
-0.0437057
0.643109
-0.0437132
0.643109
-0.0437141
0.643109
-0.0437363
0.643109
-0.0437449
0.643108
0.643109
-0.0437505
-0.0437644
0.643109
-0.0437747
0.643108
-0.0437843
0.643108
-0.0437947
0.643108
0.643108
-0.0438044
-0.0438162
0.643108
-0.0438244
0.643108
0.643108
-0.0438362
-0.0438416
0.643108
0.643108
-0.0438515
-0.0438675
0.643108
0.643108
-0.0438721
-0.0438884
0.643107
0.643108
-0.0438969
-0.043905
0.643108
0.643107
-0.0439253
0.643108
-0.0439253
-0.0439348
0.643107
-0.0439456
0.643107
-0.0439589
0.643107
-0.0439655
0.643107
-0.0439889
0.643107
0.643107
-0.0439907
-0.0439994
0.643107
0.643107
-0.0440188
0.643107
-0.0440233
0.643107
-0.0440375
0.643107
-0.044049
-0.0440556
0.643107
0.643106
-0.0440626
-0.0440837
0.643106
0.643106
-0.0440912
-0.0440959
0.643106
0.643106
-0.0441126
-0.0441205
0.643106
-0.0441276
0.643106
-0.0441454
0.643106
-0.0441569
0.643106
-0.0441625
0.643106
-0.0441746
0.643106
-0.0441862
0.643106
-0.0441948
0.643105
-0.0442109
0.643106
-0.0442183
0.643106
-0.0442238
0.643105
0.643104
-0.0442334
-0.0442301
0.643104
0.643103
-0.0442297
-0.0442509
0.643103
-0.044249
0.643103
-0.044267
0.643103
-0.0442886
0.643103
0.643103
-0.0442984
0.643103
-0.0443108
-0.04433
0.643102
-0.0443409
0.643103
0.643103
-0.044355
-0.044375
0.643103
-0.0443869
0.643103
-0.0443939
0.643103
-0.0444105
0.643104
-0.0444255
0.643104
-0.0444352
0.643104
0.643104
-0.0444561
-0.0444615
0.643104
-0.0444734
0.643104
-0.0444963
0.643104
-0.0445056
0.643105
0.643104
-0.0445064
-0.0445289
0.643104
-0.0445354
0.643105
0.643105
-0.0445417
0.643105
-0.0445597
0.643104
-0.0445743
0.643104
-0.0445845
-0.0445938
0.643104
-0.0446037
0.643104
0.643104
-0.0446132
-0.0446336
0.643104
0.643104
-0.0446436
-0.044649
0.643104
-0.0446636
0.643104
-0.0446735
0.643103
-0.0446817
0.643103
-0.044698
0.643103
-0.0447037
0.643103
-0.0447124
0.643103
0.643103
-0.0447283
-0.0447442
0.643103
0.643103
-0.0447463
-0.0447659
0.643103
-0.0447706
0.643103
-0.0447807
0.643103
-0.0448007
0.643103
-0.0448053
0.643103
-0.0448157
0.643102
-0.0448332
0.643102
-0.0448355
0.643102
0.643102
-0.044851
-0.0448713
0.643102
-0.0448745
0.643102
-0.0448802
0.643102
0.643102
-0.044898
-0.0449085
0.643102
-0.0449201
0.643101
-0.0449292
0.643102
0.643101
-0.0449403
-0.0449498
0.643101
0.643101
-0.0449756
0.643101
-0.0449835
0.643101
-0.0449893
0.643101
-0.0450038
-0.0450133
0.643101
0.643101
-0.0450192
-0.0450446
0.643101
0.643101
-0.0450491
0.6431
-0.0450586
0.6431
-0.0450726
-0.0450822
0.6431
-0.0450916
0.6431
-0.045106
0.6431
0.6431
-0.0451176
-0.0451269
0.6431
-0.0451491
0.6431
-0.0451566
0.6431
0.6431
-0.0451604
0.643099
-0.0451769
0.643099
-0.0451866
-0.0451968
0.643099
-0.0452148
0.643099
-0.0452265
0.643099
-0.045236
0.643099
-0.0452519
0.643099
0.643099
-0.0452603
-0.0452694
0.643099
-0.0452826
0.643099
-0.0452998
0.643099
-0.0453016
0.643099
-0.0453265
0.643098
-0.0453286
0.643099
0.643098
-0.045341
0.643098
-0.0453634
0.643099
-0.0453703
-0.0453735
0.643098
-0.0453935
0.643098
0.643098
-0.0454062
0.643098
-0.0454158
-0.0454328
0.643098
0.643098
-0.0454394
-0.0454449
0.643098
0.643098
-0.0454683
-0.0454785
0.643097
0.643097
-0.0454884
0.643097
-0.0455038
-0.0455083
0.643097
0.643098
-0.0455196
-0.0455367
0.643097
0.643097
-0.0455469
-0.0455586
0.643097
0.643097
-0.0455725
0.643097
-0.0455831
0.643097
-0.045604
-0.0456146
0.643097
0.643097
-0.0456238
-0.0456275
0.643096
0.643096
-0.045654
0.643096
-0.0456623
-0.045669
0.643096
0.643096
-0.0456865
0.643096
-0.0456988
-0.0457089
0.643096
0.643096
-0.0457229
0.643096
-0.0457322
0.643096
-0.0457476
-0.0457678
0.643096
-0.0457778
0.643096
-0.0457814
0.643096
-0.045798
0.643096
-0.0458097
0.643095
-0.045816
0.643095
-0.0458376
0.643095
-0.0458467
0.643095
0.643095
-0.0458591
-0.045872
0.643095
0.643095
-0.0458856
0.643095
-0.0458933
-0.0459116
0.643095
-0.0459201
0.643095
0.643095
-0.0459312
-0.0459528
0.643094
-0.0459578
0.643094
0.643095
-0.0459677
-0.0459878
0.643094
0.643094
-0.0460075
-0.0460079
0.643094
-0.046027
0.643094
-0.0460351
0.643094
0.643094
-0.0460466
0.643094
-0.0460611
0.643094
-0.0460766
-0.0460886
0.643094
0.643093
-0.0461015
-0.0461125
0.643094
0.643094
-0.0461174
-0.0461408
0.643093
-0.0461557
0.643093
-0.0461661
0.643093
-0.0461875
0.643093
-0.0461951
0.643093
0.643093
-0.0461956
-0.0462172
0.643093
-0.0462257
0.643093
-0.0462371
0.643093
-0.0462631
0.643093
0.643093
-0.0462706
0.643093
-0.0462824
-0.0462968
0.643092
-0.0463131
0.643093
-0.0463203
0.643092
0.643092
-0.0463357
-0.0463421
0.643092
0.643092
-0.046358
-0.0463747
0.643092
-0.0463869
0.643092
-0.0463964
0.643092
-0.0464151
0.643092
0.643091
-0.0464284
0.643091
-0.0464354
-0.0464558
0.643091
-0.0464649
0.643092
0.643091
-0.0464732
0.643091
-0.0464923
0.643091
-0.0465006
-0.046512
0.643091
-0.0465317
0.643091
-0.0465477
0.643091
0.643091
-0.046554
-0.0465712
0.643091
-0.0465823
0.643091
-0.0465966
0.643091
-0.0466164
0.64309
0.64309
-0.0466271
-0.0466326
0.643091
-0.0466575
0.64309
-0.046668
0.64309
-0.0466773
0.64309
0.64309
-0.0466972
0.64309
-0.0467028
-0.046715
0.64309
-0.0467328
0.64309
-0.0467441
0.64309
0.64309
-0.0467535
-0.0467739
0.64309
0.643089
-0.0467846
0.643089
-0.0467918
-0.0468137
0.643089
0.643089
-0.0468288
0.643089
-0.0468377
-0.0468588
0.643089
0.643089
-0.0468623
-0.0468779
0.643089
-0.0468993
0.643089
-0.0469091
0.643089
-0.0469147
0.643089
-0.0469444
0.643089
-0.046946
0.643088
-0.0469537
0.643088
-0.0469752
0.643088
0.643088
-0.0469857
0.643088
-0.0469961
0.643088
-0.0470213
0.643088
-0.0470303
-0.0470376
0.643088
-0.0470591
0.643088
-0.04707
0.643088
0.643088
-0.0470799
-0.047101
0.643088
-0.0471169
0.643088
0.643088
-0.0471215
-0.0471447
0.643087
0.643088
-0.0471544
-0.0471659
0.643087
-0.0471855
0.643087
0.643087
-0.0471879
-0.0472065
0.643087
-0.0472243
0.643087
-0.0472365
0.643087
-0.0472506
0.643087
-0.0472618
0.643087
0.643087
-0.0472713
0.643087
-0.0472826
-0.0473016
0.643087
-0.0473166
0.643087
0.643086
-0.0473264
0.643086
-0.0473522
-0.0473577
0.643087
0.643087
-0.0473675
-0.0473938
0.643086
-0.0474037
0.643086
0.643086
-0.0474155
0.643086
-0.0474289
0.643086
-0.0474425
-0.0474519
0.643086
-0.0474738
0.643086
-0.0474839
0.643086
-0.0474966
0.643086
-0.0475204
0.643085
-0.0475284
0.643085
0.643085
-0.0475346
-0.0475598
0.643086
-0.0475697
0.643085
-0.0475855
0.643085
0.643085
-0.0476004
0.643085
-0.0476112
0.643085
-0.0476245
-0.0476445
0.643085
0.643085
-0.0476546
0.643085
-0.0476651
-0.0476907
0.643085
-0.0477008
0.643085
-0.0477069
0.643085
-0.0477324
0.643084
-0.0477422
0.643085
-0.0477473
0.643084
-0.0477703
0.643084
0.643084
-0.0477824
-0.047791
0.643084
0.643084
-0.0478172
-0.0478271
0.643084
-0.0478319
0.643084
-0.0478582
0.643084
-0.0478679
0.643084
-0.0478779
0.643084
-0.0479031
0.643084
-0.0479128
0.643083
0.643083
-0.0479189
-0.0479384
0.643084
0.643083
-0.0479543
-0.0479652
0.643083
0.643083
-0.0479858
0.643083
-0.0479946
-0.0480103
0.643083
-0.0480282
0.643083
-0.048046
0.643083
0.643083
-0.0480498
-0.0480696
0.643083
-0.0480853
0.643083
-0.0480911
0.643082
-0.048116
0.643083
-0.0481265
0.643083
-0.048143
0.643082
-0.0481621
0.643082
0.643083
-0.0481729
-0.0481778
0.643082
-0.0482071
0.643082
0.643082
-0.0482194
0.643082
-0.0482267
-0.0482474
0.643082
-0.0482628
0.643082
-0.0482726
0.643082
-0.0482933
0.643082
-0.0483042
0.643081
-0.0483188
0.643081
-0.0483345
0.643082
-0.0483453
0.643081
-0.0483599
0.643081
-0.048382
0.643081
-0.0483899
0.643081
-0.0483995
0.643081
-0.048425
0.643081
-0.0484343
0.643081
-0.0484442
0.643081
-0.048466
0.643081
0.643081
-0.0484818
0.643081
-0.0484917
0.643081
-0.0485127
-0.0485218
0.643081
-0.0485329
0.64308
-0.0485586
0.64308
-0.0485701
0.64308
-0.0485739
0.64308
0.64308
-0.0486051
0.64308
-0.0486156
-0.0486126
0.64308
-0.0486444
0.64308
0.64308
-0.0486545
-0.0486697
0.64308
-0.0486894
0.64308
-0.0486993
0.64308
-0.0487106
0.64308
-0.048737
0.64308
-0.0487464
0.643079
-0.0487562
0.64308
-0.0487781
0.643079
-0.0487873
0.643079
-0.0488034
0.643079
-0.0488289
0.643079
-0.0488343
0.643079
0.643079
-0.048849
0.643079
-0.0488662
-0.0488859
0.643079
-0.0488932
0.643079
-0.0489139
0.643079
-0.0489288
0.643079
0.643079
-0.0489384
-0.0489605
0.643078
0.643079
-0.048971
0.643079
-0.0489803
0.643078
-0.0490056
-0.0490214
0.643078
-0.0490266
0.643078
-0.0490465
0.643078
-0.0490624
0.643078
-0.0490772
0.643078
-0.0490976
0.643078
-0.0491075
0.643078
0.643078
-0.0491175
0.643077
-0.0491447
-0.0491512
0.643078
0.643077
-0.0491642
0.643078
-0.0491912
-0.0491956
0.643077
-0.0492112
0.643077
-0.0492313
0.643077
-0.0492501
0.643077
-0.0492506
0.643077
0.643077
-0.0492803
0.643077
-0.0492899
-0.0493012
0.643077
-0.0493218
0.643077
-0.0493334
0.643076
0.643077
-0.0493513
-0.0493678
0.643077
0.643076
-0.0493777
0.643076
-0.0493936
-0.0494149
0.643076
-0.0494234
0.643076
-0.0494341
0.643076
-0.0494565
0.643076
0.643076
-0.0494759
-0.0494867
0.643076
-0.049506
0.643076
-0.0495209
0.643076
-0.0495331
0.643076
-0.049552
0.643076
-0.0495685
0.643076
-0.0495731
0.643076
-0.0496035
0.643075
0.643075
-0.0496179
-0.0496187
0.643075
-0.049648
0.643075
0.643075
-0.04966
0.643076
-0.0496704
-0.0496954
0.643075
0.643075
-0.0497059
0.643075
-0.0497157
0.643075
-0.0497403
0.643075
-0.0497479
-0.0497666
0.643075
-0.0497877
0.643075
-0.0497981
0.643075
-0.0498135
0.643074
-0.0498352
0.643074
-0.0498432
0.643074
-0.049855
0.643074
-0.0498802
0.643074
-0.0498902
0.643074
-0.0499017
0.643074
-0.0499317
0.643074
0.643074
-0.0499322
-0.0499533
0.643074
-0.049976
0.643074
0.643074
-0.0499826
-0.0499984
0.643074
-0.0500167
0.643074
-0.0500332
0.643073
-0.0500494
0.643073
-0.050064
0.643074
0.643073
-0.0500837
0.643073
-0.0500943
-0.0501165
0.643073
0.643073
-0.0501258
-0.0501404
0.643073
0.643073
-0.0501621
-0.0501726
0.643073
0.643073
-0.0501921
-0.0502137
0.643073
-0.0502237
0.643073
-0.0502341
0.643073
-0.0502593
0.643073
-0.050269
0.643073
-0.0502846
0.643073
-0.0502999
0.643072
-0.0503194
0.643072
-0.0503311
0.643072
0.643072
-0.0503509
0.643072
-0.0503651
-0.0503724
0.643072
0.643072
-0.0503959
-0.0504081
0.643072
-0.0504222
0.643072
-0.0504532
0.643072
-0.0504592
0.643072
0.643072
-0.0504689
-0.0504981
0.643072
0.643072
-0.0505118
-0.0505203
0.643072
0.643071
-0.0505417
0.643071
-0.0505609
0.643071
-0.050573
-0.0505936
0.643071
0.643071
-0.0506085
0.643071
-0.0506188
0.643071
-0.0506395
-0.0506508
0.643071
0.643071
-0.0506591
0.643071
-0.0506912
-0.0506895
0.643071
0.643071
-0.0507105
0.643071
-0.0507374
0.64307
-0.0507409
-0.0507584
0.64307
-0.0507874
0.64307
0.64307
-0.0507974
-0.050805
0.64307
0.64307
-0.0508336
-0.0508435
0.64307
0.64307
-0.0508591
-0.0508813
0.64307
0.64307
-0.0508908
-0.0509055
0.64307
0.64307
-0.050927
-0.0509373
0.64307
0.64307
-0.0509514
0.64307
-0.0509723
0.64307
-0.0509868
0.643069
-0.050999
0.64307
-0.0510315
-0.0510302
0.64307
-0.0510506
0.64307
0.64307
-0.0510698
-0.0510875
0.643069
0.643069
-0.0510965
-0.0511235
0.643069
-0.0511375
0.643069
-0.0511553
0.643069
-0.0511747
0.643069
-0.0511843
0.643069
-0.0511962
0.643069
-0.0512152
0.643069
-0.051227
0.643069
-0.0512471
0.643069
0.643069
-0.0512672
0.643068
-0.0512834
0.643069
-0.0512929
0.643068
-0.0513183
-0.051328
0.643068
-0.0513434
0.643068
0.643068
-0.0513678
-0.0513747
0.643068
-0.0513927
0.643068
-0.0514127
0.643068
-0.0514273
0.643068
-0.0514423
0.643068
-0.0514644
0.643068
-0.0514787
0.643068
-0.0514944
0.643068
-0.0515106
0.643068
0.643067
-0.0515255
-0.0515441
0.643067
-0.051565
0.643067
-0.0515755
0.643067
-0.051593
0.643067
-0.051612
0.643067
0.643067
-0.0516289
-0.0516443
0.643067
-0.0516634
0.643067
0.643067
-0.0516723
-0.051685
0.643067
-0.051711
0.643067
0.643067
-0.0517311
-0.0517373
0.643067
-0.0517617
0.643066
-0.0517717
0.643067
-0.0517819
0.643066
-0.051809
0.643066
-0.0518233
0.643066
-0.0518385
0.643066
0.643066
-0.0518596
0.643066
-0.051872
-0.0518806
0.643066
-0.0519083
0.643066
-0.051924
0.643066
-0.0519369
0.643066
-0.0519593
0.643066
-0.0519743
0.643066
-0.0519798
0.643066
-0.0520104
0.643066
-0.0520263
0.643066
-0.0520321
0.643066
-0.0520573
0.643065
0.643065
-0.0520748
-0.052077
0.643065
0.643065
-0.052111
-0.0521235
0.643065
-0.0521339
0.643065
-0.0521556
0.643065
-0.0521756
0.643065
-0.0521866
0.643065
0.643065
-0.0522113
0.643065
-0.0522259
0.643065
-0.0522328
0.643065
-0.0522574
0.643065
-0.0522734
-0.0522839
0.643065
-0.0523052
0.643065
-0.0523232
0.643065
0.643064
-0.0523319
-0.0523665
0.643065
-0.052372
0.643065
-0.0523823
0.643065
-0.0524095
0.643064
-0.052424
0.643064
-0.0524353
0.643064
-0.0524606
0.643064
-0.0524764
0.643064
-0.0524807
0.643064
0.643064
-0.0525097
-0.052523
0.643064
-0.0525377
0.643064
-0.0525595
0.643063
-0.0525746
0.643064
-0.052587
0.643063
0.643063
-0.0526104
-0.0526257
0.643063
-0.0526357
0.643063
0.643063
-0.0526634
-0.0526799
0.643063
-0.0526833
0.643063
-0.0527148
0.643063
-0.0527309
0.643063
0.643063
-0.0527405
-0.0527663
0.643063
-0.0527756
0.643063
-0.0527918
0.643063
-0.0528164
0.643063
-0.0528317
0.643063
-0.0528385
0.643063
0.643063
-0.0528706
-0.0528806
0.643062
-0.0528902
0.643062
-0.0529178
0.643063
-0.0529274
0.643063
-0.052948
0.643063
-0.0529675
0.643062
-0.0529819
0.643062
-0.0529955
0.643062
0.643062
-0.0530175
-0.0530326
0.643062
0.643062
-0.0530481
0.643062
-0.0530675
0.643062
-0.0530837
0.643061
-0.0530961
0.643061
-0.0531252
-0.053137
0.643061
0.643062
-0.0531475
-0.0531786
0.643061
-0.0531879
0.643061
-0.0532024
0.643061
0.643061
-0.0532289
0.643061
-0.0532388
0.643061
-0.0532481
0.643061
-0.0532753
0.643061
-0.0532919
-0.0533016
0.643061
0.643061
-0.0533274
-0.0533475
0.643061
0.643061
-0.0533543
-0.0533811
0.643061
0.643061
-0.053395
-0.0534043
0.643061
0.643061
-0.053426
-0.0534478
0.643061
0.64306
-0.0534573
0.64306
-0.05348
0.643061
-0.0534991
0.64306
-0.0535101
-0.0535342
0.64306
-0.053545
0.64306
0.64306
-0.0535563
-0.0535887
0.64306
-0.0535977
0.643059
0.64306
-0.0536132
-0.0536401
0.64306
-0.053649
0.64306
0.643059
-0.0536644
0.643059
-0.0536879
0.643059
-0.0537088
-0.0537104
0.643059
0.643059
-0.0537438
0.643059
-0.0537596
-0.0537629
0.643059
-0.0537913
0.643059
-0.0538109
0.643059
0.643059
-0.0538231
0.643059
-0.0538482
-0.053864
0.643059
0.643059
-0.0538751
0.643059
-0.0538997
0.643059
-0.0539095
0.643059
-0.0539204
-0.0539518
0.643059
0.643059
-0.0539634
-0.0539792
0.643059
-0.0540005
0.643059
0.643058
-0.0540207
0.643059
-0.0540308
0.643058
-0.054055
0.643058
-0.0540677
0.643058
-0.0540777
-0.0541101
0.643058
0.643058
-0.0541209
-0.0541316
0.643058
-0.0541609
0.643058
-0.0541702
0.643058
-0.0541862
0.643058
-0.0542098
0.643057
0.643057
-0.0542234
-0.0542356
0.643057
0.643057
-0.0542644
-0.0542808
0.643057
-0.0542923
0.643057
-0.0543161
0.643057
0.643057
-0.0543338
-0.0543451
0.643058
-0.0543665
0.643058
-0.0543861
0.643057
-0.0543972
0.643057
-0.0544211
0.643057
0.643057
-0.0544335
0.643057
-0.0544497
-0.0544749
0.643057
0.643057
-0.054485
0.643057
-0.0544998
-0.0545301
0.643057
0.643057
-0.0545402
-0.0545524
0.643057
-0.0545793
0.643057
-0.0545885
0.643057
0.643056
-0.0546051
-0.0546302
0.643056
-0.054643
0.643056
-0.0546604
0.643056
-0.0546878
0.643056
-0.0547007
0.643056
-0.054711
0.643056
-0.0547397
0.643055
-0.0547554
0.643056
-0.054768
0.643055
0.643055
-0.0547876
-0.0548087
0.643056
-0.0548196
0.643055
0.643055
-0.0548442
0.643055
-0.0548566
-0.0548721
0.643055
0.643056
-0.054898
-0.0549069
0.643056
0.643055
-0.0549297
0.643055
-0.0549497
-0.0549671
0.643055
-0.0549816
0.643055
-0.0549971
0.643055
-0.0550163
0.643055
-0.0550339
0.643055
-0.055056
0.643055
-0.05507
0.643055
0.643055
-0.0550861
-0.0551084
0.643055
-0.0551205
0.643055
-0.0551402
0.643055
-0.0551652
0.643054
-0.0551747
0.643054
-0.0551912
0.643054
-0.0552162
0.643054
-0.0552328
0.643054
-0.0552416
0.643054
-0.0552764
0.643054
-0.0552859
0.643054
-0.0552964
0.643054
-0.0553206
0.643054
0.643054
-0.0553412
-0.0553556
0.643054
-0.0553783
0.643054
-0.0553906
0.643054
-0.0554051
0.643053
-0.0554317
0.643054
0.643054
-0.0554425
-0.0554595
0.643053
-0.0554864
0.643054
0.643054
-0.055496
-0.0555118
0.643053
0.643053
-0.0555421
-0.0555517
0.643053
-0.0555693
0.643053
-0.0555907
0.643053
-0.0556061
0.643053
0.643053
-0.0556197
-0.0556484
0.643053
-0.0556585
0.643053
-0.0556745
0.643053
-0.0556991
0.643053
-0.0557147
0.643053
-0.0557269
0.643053
-0.0557546
0.643053
0.643052
-0.0557666
0.643052
-0.055785
0.643052
-0.0558086
0.643052
-0.0558262
-0.0558307
0.643052
-0.0558618
0.643052
-0.0558782
0.643052
-0.0558896
0.643052
0.643052
-0.0559154
-0.0559316
0.643052
0.643052
-0.0559409
-0.0559667
0.643052
-0.0559841
0.643052
0.643052
-0.0560027
-0.0560247
0.643052
-0.0560359
0.643052
0.643052
-0.0560539
-0.0560826
0.643052
-0.0560905
0.643052
0.643051
-0.0561057
-0.0561339
0.643051
0.643051
-0.0561452
0.643051
-0.0561634
-0.0561872
0.643051
-0.0562019
0.643051
-0.056215
0.643051
-0.0562413
0.643051
-0.0562551
0.643051
0.643051
-0.0562722
-0.0562978
0.64305
-0.0563039
0.643051
0.64305
-0.0563243
-0.0563498
0.64305
-0.0563558
0.643051
-0.0563735
0.64305
-0.0564033
0.64305
0.64305
-0.0564131
-0.0564349
0.64305
0.64305
-0.056462
0.64305
-0.056473
0.64305
-0.0564891
-0.0565156
0.64305
-0.0565249
0.643051
0.64305
-0.0565406
-0.0565724
0.64305
0.64305
-0.0565824
0.64305
-0.0565935
0.64305
-0.0566237
0.64305
-0.0566344
-0.0566519
0.64305
0.64305
-0.0566775
0.64305
-0.0566929
-0.056703
0.643049
-0.0567312
0.643049
-0.0567426
0.643049
0.64305
-0.0567632
0.643049
-0.0567867
-0.0567926
0.643049
-0.0568186
0.643049
0.643049
-0.056842
-0.0568523
0.643049
0.643049
-0.0568672
0.643048
-0.0568942
0.643048
-0.0569136
0.643048
-0.0569233
0.643048
-0.0569515
-0.0569674
0.643048
-0.0569772
0.643048
-0.0570106
0.643048
-0.0570207
0.643048
-0.0570311
0.643048
-0.0570659
0.643048
-0.0570765
0.643049
-0.0570878
0.643049
-0.057115
0.643048
-0.0571302
0.643048
-0.0571461
0.643049
-0.057173
0.643048
-0.0571892
0.643048
0.643048
-0.0571982
0.643048
-0.0572276
-0.0572451
0.643048
0.643048
-0.0572518
0.643048
-0.0572796
-0.057295
0.643048
0.643048
-0.0573109
-0.0573373
0.643048
-0.0573523
0.643048
0.643048
-0.057367
0.643048
-0.0573907
-0.0574072
0.643047
0.643047
-0.0574213
-0.0574462
0.643047
-0.0574637
0.643047
-0.0574798
0.643047
-0.0575001
0.643047
0.643047
-0.0575154
-0.0575255
0.643046
-0.0575629
0.643046
0.643046
-0.0575698
-0.0575846
0.643046
-0.0576145
0.643046
-0.0576259
0.643046
-0.0576424
0.643047
-0.0576695
0.643047
0.643047
-0.0576842
-0.0576945
0.643047
-0.0577287
0.643046
-0.0577384
0.643046
0.643046
-0.0577544
-0.0577803
0.643046
0.643046
-0.0577907
-0.057809
0.643046
0.643046
-0.0578411
0.643046
-0.0578537
0.643046
-0.0578646
-0.0578978
0.643046
0.643046
-0.0579081
0.643045
-0.0579184
-0.0579494
0.643046
-0.0579634
0.643046
0.643045
-0.0579776
0.643045
-0.058003
0.643045
-0.0580232
-0.0580337
0.643045
0.643045
-0.0580607
0.643045
-0.0580759
-0.0580935
0.643045
0.643045
-0.0581132
-0.0581356
0.643045
-0.0581435
0.643045
-0.0581724
0.643045
-0.0581874
0.643045
-0.0582022
0.643045
-0.05823
0.643045
-0.0582405
0.643045
0.643045
-0.0582616
0.643045
-0.0582821
0.643045
-0.0583028
-0.0583166
0.643045
-0.0583367
0.643044
-0.0583516
0.643044
0.643044
-0.0583712
-0.0583931
0.643044
0.643044
-0.0584066
0.643044
-0.0584263
0.643044
-0.0584515
0.643044
-0.0584621
0.643044
-0.0584854
0.643044
-0.0585056
0.643044
-0.0585213
-0.0585408
0.643044
-0.0585652
0.643044
0.643044
-0.0585748
-0.058595
0.643043
0.643043
-0.0586203
-0.0586311
0.643043
0.643043
-0.0586443
-0.0586812
0.643043
0.643043
-0.0586911
-0.0587004
0.643043
0.643043
-0.0587339
0.643043
-0.0587446
-0.0587571
0.643043
-0.0587904
0.643043
-0.058802
0.643043
0.643043
-0.0588147
0.643043
-0.0588451
0.643043
-0.0588563
0.643043
-0.0588664
-0.0589043
0.643043
0.643043
-0.0589176
-0.0589245
0.643043
-0.0589622
0.643043
0.643042
-0.0589736
0.643042
-0.0589841
-0.0590137
0.643043
-0.0590291
0.643042
-0.0590443
0.643043
-0.0590711
0.643042
-0.0590839
0.643042
-0.0590964
0.643042
-0.0591275
0.643042
0.643042
-0.0591436
0.643042
-0.0591541
0.643042
-0.0591836
0.643041
-0.0591933
-0.0592167
0.643041
-0.0592438
0.643041
-0.0592533
0.643041
0.643041
-0.0592692
-0.0592983
0.643041
0.643041
-0.0593113
0.643041
-0.0593322
0.643041
-0.0593532
0.643042
-0.0593664
-0.0593812
0.643041
-0.0594137
0.643042
0.643041
-0.0594243
0.643041
-0.0594402
-0.0594679
0.643041
0.643041
-0.0594806
-0.0594934
0.643041
0.643041
-0.059523
-0.0595368
0.643041
0.643041
-0.0595509
-0.0595771
0.643041
0.643041
-0.0595938
0.643041
-0.0596112
0.64304
-0.0596379
0.64304
-0.0596512
0.643041
-0.0596677
-0.0596954
0.643041
0.64304
-0.0597104
0.64304
-0.0597174
0.64304
-0.0597549
-0.059765
0.64304
-0.0597849
0.64304
-0.0598109
0.64304
0.643039
-0.059818
-0.0598434
0.64304
0.643039
-0.0598654
0.64304
-0.0598746
0.64304
-0.0598977
-0.059925
0.643039
-0.0599347
0.643039
-0.0599553
0.64304
-0.0599829
0.64304
-0.0599957
0.64304
-0.0600041
0.643039
-0.0600354
0.643039
-0.0600505
0.643039
-0.0600696
0.643039
-0.0600953
0.643039
-0.0601045
0.643039
-0.0601262
0.643039
-0.0601526
0.643039
-0.060165
0.643039
0.643039
-0.0601796
-0.0602103
0.643039
0.643039
-0.0602275
-0.060238
0.643039
-0.0602655
0.643039
0.643039
-0.0602793
-0.0602975
0.643039
0.643038
-0.0603229
-0.0603391
0.643038
0.643038
-0.0603552
-0.0603795
0.643038
0.643038
-0.0603976
-0.0604096
0.643038
-0.0604369
0.643038
-0.0604579
0.643038
-0.0604729
0.643038
0.643037
-0.0604994
-0.0605126
0.643038
-0.0605265
0.643038
-0.0605499
0.643038
-0.060569
0.643038
-0.0605829
0.643038
-0.060612
0.643037
0.643037
-0.0606275
-0.0606396
0.643038
0.643037
-0.06067
0.643037
-0.0606877
-0.060697
0.643037
0.643038
-0.0607221
0.643037
-0.0607378
-0.060756
0.643037
-0.0607866
0.643037
0.643037
-0.0607977
0.643037
-0.0608136
-0.060845
0.643037
-0.0608527
0.643037
0.643037
-0.0608679
0.643037
-0.0608998
-0.0609118
0.643037
-0.0609254
0.643037
-0.0609599
0.643036
0.643036
-0.0609705
0.643036
-0.0609896
-0.061013
0.643036
-0.0610261
0.643036
0.643036
-0.061044
0.643036
-0.0610727
-0.0610865
0.643036
0.643036
-0.0611014
0.643036
-0.0611346
-0.0611444
0.643036
-0.0611609
0.643037
-0.0611866
0.643036
-0.061201
0.643036
-0.0612216
0.643036
0.643036
-0.0612534
0.643036
-0.0612647
0.643036
-0.061275
-0.0613047
0.643036
0.643036
-0.0613211
-0.0613313
0.643036
0.643036
-0.0613658
-0.0613792
0.643036
-0.0613914
0.643036
-0.0614193
0.643036
0.643035
-0.0614358
-0.0614501
0.643036
-0.0614816
0.643035
0.643035
-0.0614936
-0.0615065
0.643035
0.643035
-0.0615365
0.643035
-0.0615522
-0.0615633
0.643034
-0.0615939
0.643034
-0.0616105
0.643034
-0.0616284
0.643034
-0.0616541
0.643034
0.643034
-0.0616645
-0.0616843
0.643035
-0.0617115
0.643034
-0.0617245
0.643034
-0.0617387
0.643034
0.643035
-0.0617672
-0.061788
0.643035
0.643034
-0.0617994
-0.0618278
0.643034
-0.0618481
0.643034
0.643034
-0.0618569
-0.0618837
0.643034
-0.0619055
0.643034
-0.061917
0.643034
-0.0619396
0.643034
0.643034
-0.0619638
-0.0619705
0.643034
-0.0620055
0.643034
-0.0620179
0.643034
-0.0620339
0.643034
-0.0620634
0.643034
0.643034
-0.0620765
0.643034
-0.0620964
0.643033
-0.0621212
-0.0621361
0.643033
-0.0621489
0.643033
0.643033
-0.0621816
-0.0621909
0.643033
-0.0622114
0.643033
0.643033
-0.0622333
-0.0622472
0.643033
0.643033
-0.0622658
0.643033
-0.0622973
-0.0623033
0.643033
-0.062324
0.643033
-0.0623523
0.643033
-0.062372
0.643033
-0.0623818
0.643033
-0.0624116
0.643033
0.643033
-0.0624308
0.643032
-0.062443
-0.0624744
0.643032
-0.0624855
0.643032
0.643032
-0.0625021
-0.0625332
0.643032
-0.0625462
0.643032
0.643032
-0.0625572
-0.0625915
0.643032
0.643032
-0.0626017
-0.0626158
0.643032
-0.0626465
0.643032
-0.062659
0.643032
0.643032
-0.0626765
-0.0627066
0.643032
-0.0627167
0.643031
-0.0627368
0.643031
-0.0627647
0.643031
-0.0627771
0.643031
-0.0627973
0.643031
-0.062825
0.643031
0.643031
-0.0628351
-0.0628557
0.643031
-0.0628899
0.643031
-0.0629001
0.643031
-0.0629105
0.643031
-0.0629419
0.643031
0.643032
-0.0629549
0.643031
-0.0629708
-0.0630028
0.643031
-0.0630159
0.643031
-0.0630268
0.643031
-0.0630605
0.643031
0.643031
-0.0630764
-0.0630832
0.643031
-0.063115
0.643031
-0.0631303
0.643031
0.643031
-0.0631451
0.64303
-0.0631792
-0.0631944
0.64303
-0.0632105
0.643031
-0.0632381
0.64303
-0.0632535
0.64303
-0.0632653
0.64303
0.64303
-0.0632906
0.64303
-0.0633124
0.64303
-0.0633292
0.64303
-0.0633554
0.643029
-0.0633734
0.64303
-0.0633846
-0.063414
0.643029
-0.0634255
0.643029
-0.0634444
0.643029
-0.0634759
0.64303
-0.0634867
0.643029
0.643029
-0.0634986
0.643029
-0.0635349
0.643029
-0.063544
-0.0635644
0.64303
0.643029
-0.06359
-0.0636048
0.643029
-0.0636199
0.643029
0.643029
-0.0636474
0.643029
-0.0636679
0.643029
-0.0636795
-0.0637159
0.643029
-0.0637278
0.643029
0.643029
-0.06374
-0.0637735
0.643029
-0.063789
0.643029
0.643029
-0.0637988
-0.0638298
0.643029
-0.0638409
0.643029
0.643029
-0.0638591
0.643028
-0.06389
0.643029
-0.0638995
0.643029
-0.0639223
0.643028
-0.063946
0.643028
-0.06396
0.643028
-0.0639774
-0.0639973
0.643032
-0.0640135
0.643032
-0.0640233
0.643031
-0.0640529
0.643029
0.643028
-0.0640782
-0.0640902
0.643028
-0.0641179
0.643027
-0.0641385
0.643027
-0.0641502
0.643027
-0.064189
0.643027
-0.0641992
0.643027
-0.0642106
0.643027
-0.0642478
0.643027
0.643027
-0.0642595
0.643028
-0.0642774
-0.0643128
0.643027
0.643028
-0.0643229
0.643027
-0.0643328
-0.0643646
0.643027
0.643027
-0.0643798
0.643027
-0.0643934
-0.0644294
0.643027
-0.0644352
0.643027
-0.0644543
0.643027
-0.0644833
0.643027
0.643026
-0.0644937
-0.0645098
0.643026
-0.0645484
0.643026
0.643026
-0.0645547
0.643025
-0.0645704
0.643025
-0.0646087
0.643025
-0.0646206
0.643025
-0.0646338
-0.0646635
0.643025
-0.0646846
0.643025
0.643025
-0.0646938
0.643025
-0.0647266
0.643026
-0.0647386
0.643026
-0.064749
0.643026
-0.0647835
0.643026
-0.0647995
-0.0648199
0.643026
-0.0648426
0.643026
-0.0648684
0.643026
0.643026
-0.0648745
0.643026
-0.064906
-0.0649236
0.643026
-0.0649382
0.643026
-0.0649716
0.643026
-0.0649834
0.643026
-0.0649937
0.643026
0.643026
-0.065032
0.643026
-0.0650424
-0.0650543
0.643026
-0.0650906
0.643026
0.643025
-0.0651029
0.643025
-0.0651181
-0.0651518
0.643025
-0.0651675
0.643025
0.643025
-0.0651785
-0.0652148
0.643024
-0.0652261
0.643024
0.643024
-0.0652381
0.643024
-0.065269
0.643024
-0.0652875
-0.0652971
0.643024
-0.0653287
0.643024
-0.0653456
0.643024
-0.0653622
0.643025
-0.0653931
0.643025
-0.0654038
0.643025
-0.0654256
0.643025
-0.0654529
0.643025
0.643025
-0.0654662
-0.0654859
0.643025
0.643025
-0.0655124
0.643025
-0.0655307
0.643025
-0.0655473
-0.0655735
0.643025
-0.065583
0.643024
-0.0656062
0.643024
0.643025
-0.0656317
-0.0656438
0.643024
-0.0656643
0.643025
-0.0656929
0.643025
-0.0657061
0.643025
-0.0657249
0.643024
0.643024
-0.0657579
0.643023
-0.0657675
-0.0657834
0.643023
0.643023
-0.0658121
0.643023
-0.0658322
-0.0658395
0.643023
0.643023
-0.0658734
0.643023
-0.0658946
0.643023
-0.0659111
0.643023
-0.0659326
-0.0659524
0.643023
-0.0659709
0.643023
0.643023
-0.066001
-0.0660134
0.643023
0.643024
-0.0660273
-0.066057
0.643023
0.643024
-0.0660729
0.643024
-0.0660834
0.643023
-0.0661178
-0.0661331
0.643024
0.643023
-0.0661532
-0.0661758
0.643023
0.643024
-0.0661993
-0.0662122
0.643023
-0.0662415
0.643023
-0.0662567
0.643023
-0.0662688
0.643023
-0.0663017
0.643023
0.643023
-0.0663181
-0.0663328
0.643023
0.643023
-0.0663612
0.643022
-0.0663809
0.643023
-0.0663934
-0.066421
0.643022
-0.0664386
0.643022
-0.0664583
0.643022
0.643022
-0.0664868
-0.0665007
0.643022
-0.0665167
0.643021
0.643021
-0.0665455
-0.0665614
0.643021
0.643022
-0.066582
-0.0666021
0.643022
-0.0666269
0.643022
-0.0666385
0.643022
-0.0666751
0.643022
0.643022
-0.0666859
-0.0666984
0.643023
-0.0667354
0.643022
-0.0667471
0.643022
-0.0667582
0.643022
-0.0667949
0.643022
-0.0668056
0.643022
-0.066822
0.643022
0.643022
-0.0668522
0.643022
-0.0668733
0.643022
-0.0668827
-0.0669216
0.643022
0.643022
-0.0669324
-0.066942
0.643022
-0.0669809
0.643021
-0.0669864
0.643021
-0.067007
0.643021
-0.0670372
0.643021
-0.0683582
0.643021
-0.0683778
0.643021
-0.0684063
0.64302
-0.0684237
0.64302
-0.068438
0.643021
0.64302
-0.0684685
-0.0684801
0.64302
-0.0685012
0.64302
-0.0685301
0.64302
0.643021
-0.0685399
-0.0685561
0.64302
-0.0685918
0.643021
-0.0686041
0.643021
-0.0686199
0.643021
-0.068653
0.643021
0.643021
-0.0686627
-0.0686781
0.643021
-0.0687114
0.643021
-0.0687226
0.643021
-0.0687377
0.64302
-0.0687695
0.643021
-0.0687904
0.64302
0.643021
-0.0688007
-0.0688299
0.643021
0.64302
-0.0688493
-0.0688591
0.643021
0.64302
-0.0688922
0.64302
-0.0689098
0.64302
-0.0689195
-0.068952
0.64302
0.643019
-0.0689681
0.643019
-0.0689842
0.643019
-0.0690119
-0.0690318
0.643019
-0.069042
0.643019
-0.0690699
0.643019
0.643019
-0.06909
-0.0690997
0.643019
-0.0691342
0.643019
-0.0691471
0.643019
0.643019
-0.0691601
0.64302
-0.0691947
-0.0692083
0.64302
-0.069223
0.64302
0.643019
-0.069252
0.64302
-0.0692722
0.64302
-0.0692827
0.64302
-0.069317
0.643019
-0.0693328
0.643019
-0.0693422
-0.0693769
0.643019
-0.0693894
0.643019
-0.0694063
0.643019
-0.069434
0.643019
-0.0694543
0.643019
-0.0694657
0.643019
0.643019
-0.0694996
-0.0695139
0.643019
-0.0695242
0.643019
-0.069559
0.643018
0.643019
-0.0695733
-0.0695888
0.643018
0.643018
-0.0696167
-0.069637
0.643018
-0.069655
0.643018
-0.0696848
0.643018
-0.0696971
0.643018
0.643018
-0.0697127
0.643018
-0.0697411
-0.0697572
0.643018
-0.069767
0.643018
-0.0698039
0.643018
-0.0698188
0.643018
-0.0698292
0.643018
0.643018
-0.0698589
-0.0698786
0.643018
-0.0698902
0.643018
0.643018
-0.0699228
-0.0699375
0.643018
-0.0699596
0.643018
0.643018
-0.0699828
0.643018
-0.0699968
-0.0700195
0.643018
0.643018
-0.0700448
-0.0700619
0.643018
0.643018
-0.0700799
-0.0701095
0.643018
0.643017
-0.0701214
0.643017
-0.0701371
-0.070164
0.643017
-0.0701793
0.643017
-0.0702021
0.643017
-0.0702287
0.643017
0.643017
-0.0702429
0.643016
-0.0702623
-0.0702885
0.643017
0.643016
-0.0703026
-0.0703201
0.643016
-0.070351
0.643016
-0.070362
0.643016
-0.0703852
0.643016
-0.0704109
0.643017
0.643017
-0.0704336
-0.070445
0.643017
-0.070476
0.643017
-0.0704892
0.643017
0.643017
-0.0705034
-0.0705336
0.643017
0.643017
-0.0705445
0.643017
-0.0705634
-0.0705902
0.643017
-0.0706124
0.643017
0.643017
-0.0706282
0.643017
-0.0706538
-0.0706696
0.643016
-0.0706864
0.643016
-0.0707083
0.643016
-0.0707306
0.643016
0.643016
-0.0707512
0.643016
-0.0707804
0.643016
-0.0707909
0.643016
-0.0708108
0.643016
-0.0708369
-0.0708531
0.643016
0.643015
-0.0708689
0.643015
-0.070903
0.643015
-0.0709187
0.643015
-0.0709288
-0.0709591
0.643015
0.643015
-0.0709777
-0.0709932
0.643015
-0.0710195
0.643015
0.643015
-0.0710425
0.643016
-0.0710532
0.643015
-0.0710778
0.643015
-0.0711019
-0.0711174
0.643015
0.643015
-0.0711378
-0.0711599
0.643016
-0.0711764
0.643015
-0.0712055
0.643015
0.643015
-0.0712165
0.643015
-0.0712363
-0.0712653
0.643015
-0.0712827
0.643015
-0.0712985
0.643015
-0.071331
0.643015
-0.0713439
0.643015
-0.0713637
0.643015
-0.0713963
0.643015
0.643015
-0.0714093
-0.0714245
0.643015
-0.0714583
0.643015
-0.0714747
0.643014
-0.071488
0.643014
-0.0715173
0.643014
-0.0715366
0.643014
-0.0715578
0.643014
0.643014
-0.0715787
-0.0716009
0.643014
-0.0716185
0.643014
0.643014
-0.0716501
0.643014
-0.0716626
0.643014
-0.0716796
-0.0717117
0.643014
0.643014
-0.0717212
-0.0717396
0.643014
-0.0717671
0.643014
-0.0717879
0.643014
0.643014
-0.0718052
-0.0718377
0.643014
-0.0718491
0.643014
0.643014
-0.0718687
0.643014
-0.0718988
-0.0719121
0.643014
0.643014
-0.0719317
0.643014
-0.0719604
0.643014
-0.0719824
-0.0719935
0.643014
-0.0720267
0.643013
-0.072042
0.643013
-0.0720545
0.643013
-0.0720885
0.643013
-0.0720999
0.643013
-0.0721209
0.643013
-0.0721584
0.643013
-0.0721683
0.643013
-0.0721809
0.643013
-0.0722169
0.643013
-0.0722262
0.643013
-0.0722472
0.643013
-0.0722753
0.643013
-0.0722917
0.643013
-0.0723088
0.643012
0.643013
-0.0723458
-0.0723576
0.643013
-0.0723687
0.643013
0.643013
-0.0724064
0.643013
-0.0724188
-0.0724305
0.643013
0.643013
-0.0724689
0.643012
-0.0724841
-0.0724888
0.643012
-0.0725342
0.643013
-0.0725454
0.643012
-0.0725568
0.643012
0.643012
-0.0725947
0.643012
-0.0726049
0.643012
-0.0726279
0.643012
-0.0726567
0.643012
-0.072671
0.643012
-0.0726899
-0.0727215
0.643011
-0.0727312
0.643012
-0.0727525
0.643012
-0.0727822
0.643012
0.643011
-0.072801
-0.072813
0.643012
-0.0728515
0.643011
-0.0728617
0.643011
-0.0728777
0.643012
-0.072917
0.643011
0.643011
-0.0729234
0.643011
-0.0729398
0.643011
-0.0729732
-0.0729895
0.643011
0.643011
-0.0730064
-0.0730409
0.643011
0.643011
-0.0730555
0.643011
-0.0730664
-0.0731047
0.643011
-0.0731175
0.643011
0.643011
-0.0731278
0.643011
-0.0731615
-0.0731766
0.643011
-0.0731942
0.643011
0.643011
-0.0732327
-0.0732438
0.643011
-0.0732537
0.643011
-0.0732935
0.643011
0.643011
-0.0733036
0.643011
-0.0733186
0.643011
-0.0733503
-0.073366
0.643011
-0.0733874
0.643011
-0.0734207
0.64301
0.64301
-0.0734318
-0.0734491
0.64301
0.64301
-0.0734818
0.64301
-0.0734942
-0.0735172
0.64301
-0.0735435
0.64301
-0.0735668
0.64301
0.64301
-0.073578
-0.0736121
0.64301
-0.0736265
0.64301
-0.0736383
0.64301
-0.0736741
0.64301
-0.0736874
0.64301
-0.0737054
0.64301
-0.0737386
0.64301
-0.0737546
0.64301
0.64301
-0.0737649
-0.073804
0.643009
-0.0738198
0.643009
0.64301
-0.0738351
-0.0738605
0.64301
-0.0738817
0.64301
-0.073897
0.643009
-0.0739364
0.64301
-0.0739424
0.643009
0.643009
-0.0739584
0.643009
-0.0739915
-0.0740045
0.643009
-0.0740146
0.643009
-0.0740543
0.643009
0.643009
-0.0740762
-0.0740855
0.643009
0.643009
-0.0741159
0.643009
-0.0741392
0.643009
-0.0741504
0.643009
-0.0741868
0.643009
-0.074195
-0.0742165
0.643009
-0.0742428
0.643009
0.643009
-0.0742657
-0.0742823
0.643009
-0.0743091
0.643009
-0.074331
0.643009
-0.0743411
0.643009
-0.0743773
0.643009
-0.0743893
0.643008
0.643009
-0.0744047
0.643008
-0.0744446
-0.0744547
0.643008
0.643008
-0.0744647
-0.0745057
0.643008
0.643008
-0.0745158
-0.0745322
0.643008
-0.0745655
0.643008
-0.074586
0.643008
0.643008
-0.0745943
0.643008
-0.0746322
-0.0746489
0.643008
-0.0746596
0.643008
-0.074694
0.643007
-0.0747172
0.643007
-0.074728
0.643007
0.643008
-0.0747568
0.643007
-0.0747776
0.643007
-0.0747897
0.643008
-0.0748222
-0.0748397
0.643007
0.643008
-0.0748512
0.643008
-0.0748863
-0.0749005
0.643008
-0.074917
0.643008
0.643007
-0.0749568
-0.0749674
0.643007
0.643007
-0.0749788
0.643007
-0.0750185
-0.0750283
0.643007
-0.0750503
0.643007
-0.075079
0.643007
-0.0750991
0.643007
-0.0751101
0.643007
0.643007
-0.0751447
-0.0751605
0.643007
0.643007
-0.0751685
-0.0752048
0.643007
0.643007
-0.0752276
0.643007
-0.075238
0.643007
-0.0752667
-0.0752883
0.643006
0.643007
-0.075301
-0.0753341
0.643006
0.643006
-0.0753505
-0.0753693
0.643006
-0.075397
0.643006
-0.0754192
0.643007
-0.0754292
0.643006
-0.0754691
0.643006
-0.0754816
0.643006
-0.075496
0.643007
-0.0755289
0.643006
-0.0755424
0.643006
0.643006
-0.0755586
-0.0755875
0.643006
0.643006
-0.0756119
-0.0756258
0.643006
-0.0756586
0.643006
-0.0756752
0.643006
0.643006
-0.075682
-0.0757193
0.643005
-0.0757369
0.643006
0.643006
-0.0757485
0.643006
-0.075781
-0.0758022
0.643006
-0.0758144
0.643006
-0.0758482
0.643006
-0.0758652
0.643005
-0.075878
0.643005
-0.0759092
0.643005
-0.0759307
0.643005
-0.075944
0.643005
-0.0759771
0.643005
-0.0759908
0.643005
-0.0760057
0.643005
0.643005
-0.0760449
0.643005
-0.0760564
0.643005
-0.0760722
-0.0761125
0.643005
0.643005
-0.0761256
-0.0761335
0.643005
-0.0761726
0.643005
-0.0761889
0.643005
0.643005
-0.076199
-0.0762345
0.643005
0.643005
-0.0762566
0.643005
-0.0762665
0.643004
-0.0763026
0.643004
-0.0763173
-0.0763287
0.643004
0.643004
-0.0763622
-0.07638
0.643004
-0.0763895
0.643004
0.643004
-0.0764244
-0.0764458
0.643004
0.643004
-0.076456
-0.0764916
0.643004
-0.076506
0.643004
-0.0765173
0.643004
0.643004
-0.0765576
-0.0765693
0.643004
-0.0765875
0.643004
-0.0766193
0.643004
-0.0766363
0.643004
-0.0766532
0.643004
-0.0766898
0.643004
0.643004
-0.0767093
0.643004
-0.0767211
-0.0767496
0.643004
-0.0767699
0.643004
-0.0767824
0.643004
-0.0768165
0.643004
0.643004
-0.076832
0.643004
-0.0768512
-0.0768786
0.643004
-0.0769
0.643004
-0.0769154
0.643004
0.643003
-0.0769507
-0.0769607
0.643003
-0.0769786
0.643003
-0.0770069
0.643003
-0.0770225
0.643003
0.643003
-0.0770467
0.643003
-0.0770726
-0.0770918
0.643003
0.643003
-0.0771088
-0.0771393
0.643003
0.643003
-0.0771588
0.643003
-0.0771748
-0.0772008
0.643003
-0.077226
0.643003
0.643003
-0.0772355
0.643003
-0.0772718
0.643003
-0.0772865
-0.0772982
0.643003
-0.0773325
0.643003
-0.0773482
0.643003
-0.0773693
0.643003
-0.0773988
0.643002
0.643003
-0.0774152
0.643003
-0.0774334
0.643003
-0.0774653
-0.0774838
0.643003
0.643002
-0.0775007
0.643002
-0.0775281
-0.0775512
0.643002
0.643002
-0.0775613
-0.0775945
0.643002
0.643002
-0.0776137
-0.0776236
0.643002
-0.0776561
0.643002
-0.0776742
0.643001
-0.0776909
0.643002
-0.077725
0.643002
0.643002
-0.0777417
-0.0777515
0.643002
-0.0777912
0.643002
0.643001
-0.0778034
-0.0778186
0.643002
-0.0778537
0.643001
-0.0778704
0.643002
-0.0778896
0.643001
-0.0779195
0.643001
0.643001
-0.0779316
-0.0779553
0.643001
-0.0779827
0.643001
-0.0779945
0.643001
-0.0780206
0.643001
-0.0780489
0.643001
-0.0780676
0.643001
-0.078089
0.643001
0.643002
-0.0781176
-0.0781295
0.643001
0.643001
-0.0781507
0.643001
-0.0781762
0.643001
-0.0781972
0.643001
-0.0782115
0.643001
-0.0782479
0.643001
-0.0782641
-0.0782789
0.643001
0.643
-0.0783081
0.643
-0.078326
-0.0783443
0.643
0.643
-0.0783754
-0.0783881
0.643
-0.0784154
0.643
-0.0784388
0.643
-0.0784615
0.643
0.643
-0.0784745
0.643
-0.0785056
-0.0785249
0.643
0.643
-0.0785347
0.643
-0.0785677
-0.0785847
0.643
0.643
-0.0786061
0.643
-0.0786366
-0.0786525
0.642999
0.642999
-0.0786687
-0.0787046
0.643
0.643
-0.0787187
0.643
-0.0787309
0.643
-0.0787649
0.643
-0.0787885
0.643
-0.0788051
-0.0788376
0.643
-0.0788508
0.643
-0.078872
0.643
0.643
-0.0788951
0.643
-0.0789132
0.642999
-0.0789352
0.642999
-0.0789558
0.642999
-0.0789802
0.642999
-0.0789956
-0.0790319
0.642999
0.642999
-0.0790426
-0.0790583
0.642999
-0.0790927
0.642999
-0.0791101
0.642999
-0.0791258
0.642999
-0.0791652
0.642998
-0.0791702
0.642999
0.642998
-0.079188
-0.0792197
0.642999
-0.0792367
0.642998
0.642998
-0.0792564
0.642999
-0.0792837
-0.0793079
0.642998
-0.0793199
0.642998
-0.0793533
0.642999
0.642999
-0.079375
-0.0793899
0.642999
-0.0794204
0.642999
0.642999
-0.0794405
0.642999
-0.0794542
-0.0794869
0.642999
-0.0795031
0.642999
0.642999
-0.0795206
-0.0795496
0.642998
0.642998
-0.0795709
-0.0795831
0.642998
0.642998
-0.0796171
-0.0796337
0.642998
-0.0796451
0.642998
-0.0796789
0.642997
-0.0797004
0.642997
-0.0797187
0.642997
-0.0797411
0.642997
-0.0797647
0.642997
0.642997
-0.0797815
-0.0798135
0.642997
0.642997
-0.079827
-0.0798487
0.642997
-0.079883
0.642997
0.642997
-0.0798994
0.642997
-0.0799157
0.642997
-0.0799464
0.642997
-0.0799566
-0.0799772
0.642997
-0.0800083
0.642997
-0.0800277
0.642997
-0.0800482
0.642997
-0.0800803
0.642997
-0.0800908
0.642997
0.642997
-0.0801137
-0.0801418
0.642997
-0.0801659
0.642997
-0.0801774
0.642997
-0.0802107
0.642997
-0.0802266
0.642997
-0.0802491
0.642997
-0.0802742
0.642997
0.642997
-0.0802942
0.642996
-0.0803061
-0.0803414
0.642996
0.642996
-0.0803558
-0.0803725
0.642996
-0.0804031
0.642996
-0.0804209
0.642996
-0.0804393
0.642996
0.642996
-0.0804671
0.642995
-0.0804862
-0.0805059
0.642996
0.642996
-0.0805379
0.642996
-0.0805496
-0.0805674
0.642996
-0.0805993
0.642996
-0.0806202
0.642996
-0.0806396
0.642995
-0.080674
0.642995
0.642995
-0.0806811
-0.0806993
0.642996
-0.0807377
0.642996
-0.0807578
0.642996
0.642996
-0.0807678
-0.0808049
0.642996
-0.0808235
0.642996
0.642996
-0.080844
-0.0808657
0.642996
-0.0808907
0.642996
-0.0809022
0.642996
-0.0809344
0.642996
-0.0809462
0.642996
-0.0809647
0.642995
-0.0809964
0.642995
-0.0810162
0.642995
-0.0810367
0.642995
-0.0810593
0.642995
-0.0810848
0.642995
-0.0810995
0.642995
-0.0811334
0.642995
-0.0811442
0.642994
-0.0811662
0.642995
0.642995
-0.0811969
-0.0812125
0.642994
-0.0812305
0.642994
0.642994
-0.0812655
0.642994
-0.0812799
-0.081292
0.642994
-0.0813256
0.642995
0.642994
-0.0813483
-0.0813677
0.642994
0.642995
-0.0813998
0.642994
-0.0814118
0.642995
-0.0814333
-0.081464
0.642995
0.642995
-0.0814811
-0.0814987
0.642994
0.642995
-0.0815296
0.642995
-0.0815421
0.642994
-0.0815664
0.642995
-0.0815981
0.642995
-0.0816141
-0.0816285
0.642994
0.642994
-0.0816577
0.642994
-0.0816725
0.642993
-0.0816908
0.642993
-0.081725
0.642993
-0.0817419
-0.0817627
0.642993
-0.0817895
0.642994
0.642993
-0.0818096
-0.0818261
0.642993
-0.0818612
0.642993
0.642993
-0.0818764
-0.0818941
0.642993
0.642993
-0.0856451
0.642993
-0.0856667
-0.0856769
0.642993
-0.0857105
0.642993
0.642993
-0.0857267
0.642993
-0.0857377
-0.0857713
0.642993
0.642993
-0.0857922
-0.0858037
0.642993
-0.085842
0.642994
0.642994
-0.0858555
0.642994
-0.0858803
0.642994
-0.0859119
-0.0859284
0.642994
-0.0859416
0.642994
0.642993
-0.0859737
0.642993
-0.0859838
0.642993
-0.0859959
-0.0860283
0.642993
0.642992
-0.086045
-0.0860685
0.642992
-0.0860906
0.642992
0.642992
-0.0861111
0.642992
-0.0861286
0.642992
-0.0861601
-0.0861787
0.642992
0.642992
-0.0861953
-0.086221
0.642992
-0.086244
0.642992
-0.086254
0.642992
-0.0862895
0.642991
-0.0863042
0.642992
0.642992
-0.0863203
0.642992
-0.0863589
-0.0863686
0.642991
-0.0863897
0.642991
-0.0864185
0.642991
-0.0864318
0.642992
0.642992
-0.0864527
0.642992
-0.0864793
0.642992
-0.0865019
0.642992
-0.0865183
0.642992
-0.0865511
-0.0865647
0.642993
0.642992
-0.0865858
-0.0866186
0.642993
0.642992
-0.086634
0.642992
-0.0866478
-0.086678
0.642992
0.642991
-0.0866896
-0.0867048
0.642991
0.64299
-0.0867398
-0.086752
0.64299
0.64299
-0.0867731
-0.0867992
0.64299
-0.086816
0.64299
0.64299
-0.0868331
0.64299
-0.0887219
-0.088734
0.64299
0.64299
-0.088759
-0.0887811
0.64299
-0.0888091
0.64299
0.64299
-0.0888184
-0.0888525
0.64299
0.64299
-0.0888738
-0.0888829
0.64299
0.64299
-0.0889179
0.64299
-0.0889333
0.64299
-0.0889511
-0.088978
0.64299
0.64299
-0.0890007
-0.089017
0.642991
0.642991
-0.0890452
0.642991
-0.0890617
-0.0890776
0.642991
-0.0891098
0.642991
-0.089127
0.642991
-0.089141
0.642991
0.642991
-0.0891763
-0.0891865
0.64299
0.64299
-0.0892034
-0.0892347
0.64299
-0.0892464
0.642989
0.642989
-0.0892689
-0.0892997
0.642989
-0.089316
0.642989
0.642989
-0.0893306
-0.0893614
0.642989
-0.089379
0.642989
-0.0893953
0.642989
-0.0894279
0.642989
0.642988
-0.0894489
-0.0894607
0.642988
-0.0894935
0.642989
0.642988
-0.0895036
0.642988
-0.0895314
-0.0895536
0.642988
0.642988
-0.0895749
-0.0895918
0.642989
-0.0896224
0.642989
-0.0896407
0.642989
-0.0896577
0.642989
-0.089683
0.642989
-0.0897013
0.64299
-0.0897183
0.64299
0.64299
-0.0897516
-0.0897676
0.64299
0.64299
-0.0897883
0.64299
-0.0898107
0.642989
-0.0898326
0.642989
-0.0898428
-0.0898762
0.642989
0.642988
-0.0898921
-0.0899061
0.642988
0.642987
-0.0899405
0.642988
-0.0899534
0.642988
-0.089975
0.642987
-0.0900019
0.642987
-0.0900247
-0.090046
0.642987
-0.0900661
0.642987
0.642987
-0.0900903
0.642987
-0.0901012
0.642987
-0.0901348
0.642987
-0.090149
-0.0901646
0.642987
-0.0901997
0.642987
-0.0902118
0.642987
-0.0902328
0.642987
0.642987
-0.0902604
0.642987
-0.0902826
-0.0902937
0.642987
0.642988
-0.0903319
0.642988
-0.0903492
0.642988
-0.0903622
-0.0903979
0.642988
0.642988
-0.0904139
-0.0904301
0.642988
0.642988
-0.0904578
-0.0904818
0.642988
-0.0904918
0.642988
-0.0905176
0.642987
-0.0905346
0.642987
-0.0905529
0.642987
-0.0905845
0.642986
0.642986
-0.090602
0.642986
-0.0906187
0.642986
-0.0906444
0.642986
-0.0906662
0.642986
-0.090683
-0.0907099
0.642986
0.642986
-0.0907269
-0.0907478
0.642986
-0.0907774
0.642985
0.642985
-0.0907983
0.642985
-0.0908103
-0.0908429
0.642985
-0.090857
0.642986
-0.0908793
0.642985
0.642986
-0.0909013
0.642986
-0.0909264
0.642986
-0.0909427
-0.0909683
0.642986
0.642986
-0.090996
-0.0910065
0.642987
-0.0910445
0.642987
0.642987
-0.0910509
0.642987
-0.091069
-0.0911055
0.642987
-0.091119
0.642987
-0.0911352
0.642987
-0.0911696
0.642986
-0.091182
0.642986
-0.0911996
0.642986
-0.0912312
0.642985
-0.0912448
0.642985
0.642985
-0.091264
-0.091294
0.642985
0.642984
-0.0913146
0.642984
-0.0913252
0.642984
-0.0913599
-0.0913762
0.642985
0.642984
-0.0913928
-0.091419
0.642984
0.642984
-0.0914427
0.642984
-0.0914572
0.642984
-0.0914884
-0.0915042
0.642984
0.642984
-0.0915184
0.642984
-0.0915514
-0.0915695
0.642984
-0.0915843
0.642984
-0.0916196
0.642985
-0.0916339
0.642985
0.642986
-0.0916508
0.642985
-0.091689
-0.0917074
0.642986
-0.0917177
0.642986
-0.0917525
0.642986
-0.0917665
0.642986
-0.0917834
0.642986
-0.0918121
0.642985
-0.0918338
0.642985
0.642985
-0.091851
-0.0918798
0.642984
-0.0918974
0.642984
0.642983
-0.0919191
-0.0919499
0.642983
-0.0919657
0.642983
-0.0919849
0.642983
0.642983
-0.0920138
-0.0920303
0.642983
0.642983
-0.0920469
-0.0920818
0.642983
0.642983
-0.0921037
-0.0921165
0.642983
-0.092151
0.642983
-0.0921643
0.642983
-0.0921797
0.642983
-0.0922168
0.642983
0.642982
-0.0922374
-0.0922488
0.642983
0.642983
-0.0922871
-0.0922988
0.642983
-0.092323
0.642984
-0.09235
0.642984
-0.092376
0.642984
-0.0923908
0.642984
-0.0924269
0.642984
-0.0924372
0.642985
0.642984
-0.0924585
0.642984
-0.0924888
0.642984
-0.0925071
-0.0925231
0.642983
-0.0925545
0.642983
0.642982
-0.0925688
0.642982
-0.0925871
0.642982
-0.0926219
-0.0926376
0.642982
0.642982
-0.092656
-0.0926903
0.642982
-0.0927094
0.642982
0.642982
-0.0927304
0.642982
-0.0927525
0.642982
-0.0927782
-0.0927923
0.642982
0.642981
-0.0928301
0.642981
-0.0928424
-0.0928613
0.642981
-0.0928922
0.642981
-0.0929089
0.642981
0.642981
-0.0929277
0.642981
-0.092961
-0.0929779
0.642982
0.642982
-0.0929944
0.642982
-0.093032
0.642983
-0.0930527
-0.0930639
0.642983
-0.0931045
0.642983
0.642983
-0.0931213
0.642983
-0.0931325
-0.0931733
0.642983
0.642982
-0.0931836
0.642982
-0.0931963
0.642982
-0.0932376
-0.0932504
0.642981
-0.0932583
0.642981
-0.0933013
0.642981
-0.0933233
0.64298
-0.093334
0.64298
0.64298
-0.0933678
0.64298
-0.0933875
-0.093398
0.64298
-0.0934316
0.64298
-0.0934542
0.64298
0.64298
-0.0934671
0.642979
-0.0935035
-0.0935192
0.64298
0.64298
-0.0935372
-0.0935664
0.64298
0.64298
-0.0935892
0.64298
-0.0936063
0.64298
-0.0936405
-0.093659
0.64298
0.642981
-0.0936697
-0.0937065
0.642981
0.642981
-0.0937278
0.642981
-0.0937446
-0.0937787
0.642982
-0.0937921
0.642982
-0.0938147
0.642982
-0.0938475
0.642982
-0.0938703
0.642981
-0.0938782
0.642981
-0.0939187
0.642981
-0.0939287
0.64298
-0.0939511
0.64298
-0.0939744
0.642979
0.642979
-0.0939978
-0.0940155
0.642979
-0.0940504
0.642979
-0.0940628
0.642978
-0.094079
0.642979
-0.0941147
0.642979
-0.0941318
0.642979
-0.0941506
0.642979
-0.0941824
0.642979
0.642979
-0.094202
-0.0942125
0.642979
-0.0942528
0.642978
0.642978
-0.0942714
0.642978
-0.0942818
0.642978
-0.0943226
-0.0943378
0.642978
-0.0943543
0.642979
-0.0943947
0.642979
-0.0944103
0.642979
-0.0944219
0.64298
-0.0944605
0.64298
0.64298
-0.0944787
0.64298
-0.0944936
-0.0945311
0.64298
0.64298
-0.0945424
0.64298
-0.0945598
-0.0945948
0.64298
0.642979
-0.0946168
-0.0946303
0.642979
-0.0946676
0.642978
0.642978
-0.0946794
-0.0946938
0.642978
0.642977
-0.0947326
-0.0947519
0.642977
-0.0947562
0.642977
-0.094795
0.642977
0.642977
-0.0948172
0.642977
-0.0948251
-0.0948655
0.642977
0.642977
-0.0948831
-0.0948996
0.642977
-0.0949296
0.642977
0.642977
-0.0949514
-0.0949707
0.642977
-0.0949997
0.642977
0.642977
-0.0950231
0.642977
-0.0950393
-0.0950671
0.642977
0.642978
-0.0950913
-0.0951122
0.642978
0.642978
-0.0951434
-0.0951619
0.642979
-0.0951749
0.642979
0.642979
-0.0952118
-0.0952355
0.642979
0.642979
-0.0952479
0.642979
-0.0952884
-0.0952999
0.642978
-0.0953109
0.642978
-0.0953455
0.642977
-0.0953642
0.642977
-0.0953759
0.642976
-0.0954123
0.642976
-0.0954318
0.642976
0.642976
-0.0954499
-0.0954842
0.642976
-0.0954961
0.642976
-0.0955128
0.642976
-0.0955479
0.642976
-0.0955715
0.642975
-0.0955841
0.642975
-0.0956185
0.642975
-0.0956353
0.642976
-0.0956487
0.642976
0.642975
-0.0956898
-0.0957056
0.642975
-0.0957165
0.642975
-0.0957579
0.642976
-0.0957828
0.642976
-0.0957882
0.642976
-0.0958285
0.642977
0.642977
-0.0958448
-0.0958621
0.642977
-0.0958984
0.642978
-0.0959192
0.642978
-0.095933
0.642977
-0.0959656
0.642978
-0.0959817
0.642977
-0.0959976
0.642977
-0.096033
0.642976
-0.0960468
0.642976
-0.096064
0.642975
-0.0960956
0.642975
0.642975
-0.0961189
0.642975
-0.0961322
0.642974
-0.096168
-0.0961831
0.642974
0.642974
-0.0961946
-0.0962345
0.642974
-0.0962523
0.642974
0.642974
-0.096268
-0.096304
0.642974
0.642974
-0.0963204
0.642974
-0.0963319
-0.0963733
0.642974
0.642974
-0.0963908
0.642974
-0.0964099
0.642974
-0.0964362
-0.0964652
0.642974
-0.0964776
0.642975
0.642975
-0.0965139
0.642976
-0.0965307
0.642976
-0.096555
0.642976
-0.0965869
0.642976
-0.0966049
-0.096619
0.642977
-0.0966531
0.642977
-0.0966753
0.642976
0.642976
-0.0966865
0.642975
-0.0967268
0.642975
-0.0967347
0.642974
-0.096751
0.642973
-0.0967876
-0.0968043
0.642973
0.642973
-0.096816
0.642973
-0.0968562
0.642973
-0.0968777
0.642973
-0.0968853
0.642973
-0.0969241
-0.0969442
0.642973
0.642973
-0.0969621
-0.0969894
0.642973
0.642973
-0.0970126
0.642973
-0.097026
-0.0970608
0.642972
0.642973
-0.0970774
-0.0970886
0.642973
-0.0971293
0.642973
0.642973
-0.0971461
-0.0971615
0.642973
-0.0972059
0.642974
0.642974
-0.0972174
-0.0972354
0.642974
-0.0972757
0.642975
-0.0972871
0.642975
0.642975
-0.097311
-0.0973412
0.642975
-0.0973605
0.642975
-0.097375
0.642975
-0.0974076
0.642974
0.642974
-0.0974296
-0.0974394
0.642974
-0.0974727
0.642973
0.642972
-0.0974982
-0.0975095
0.642972
-0.0975497
0.642971
0.642971
-0.0975626
-0.097574
0.642971
-0.0976146
0.642971
-0.0976245
0.642971
0.642972
-0.0976472
0.642971
-0.0976841
-0.0977009
0.642972
-0.0977134
0.642971
0.642971
-0.097753
0.642971
-0.097763
-0.0977842
0.642971
0.642971
-0.0978218
-0.0978416
0.642971
0.642971
-0.0978519
0.642972
-0.097889
-0.0979118
0.642972
0.642972
-0.0979288
-0.0979618
0.642973
-0.0979865
0.642973
0.642974
-0.0979987
-0.0980341
0.642974
-0.0980505
0.642974
-0.0980618
0.642974
-0.0981028
0.642973
0.642973
-0.0981149
-0.0981322
0.642972
-0.0981683
0.642972
0.642971
-0.0981859
0.642971
-0.0981975
0.64297
-0.098232
0.64297
-0.0982541
-0.0982723
0.64297
0.64297
-0.0983093
-0.098326
0.64297
0.64297
-0.0983382
-0.0983725
0.64297
-0.0983946
0.64297
-0.0984071
0.64297
-0.0984488
0.64297
-0.0984625
0.64297
-0.0984788
0.64297
-0.0985135
0.64297
-0.0985379
0.642969
-0.0985488
0.642969
-0.0985807
0.64297
-0.0986026
0.64297
-0.0986218
0.64297
-0.0986588
0.642971
0.642972
-0.0986698
-0.0986891
0.642972
-0.0987295
0.642973
-0.0987476
0.642973
0.642972
-0.0987635
0.642972
-0.0987994
-0.0988107
0.642972
-0.0988284
0.642972
-0.0988651
0.642971
-0.0988784
0.64297
0.64297
-0.0988976
-0.0989282
0.642969
-0.0989461
0.642969
0.642969
-0.0989622
0.642968
-0.098998
-0.099016
0.642968
-0.0990342
0.642968
0.642968
-0.0990669
0.642968
-0.0990862
-0.0991035
0.642968
-0.099136
0.642968
-0.0991516
0.642968
-0.0991738
0.642968
0.642968
-0.0992083
-0.0992216
0.642968
0.642968
-0.0992362
-0.0992738
0.642968
-0.0992982
0.642968
-0.0993132
0.642969
0.642969
-0.0993497
-0.0993663
0.64297
-0.0993905
0.64297
-0.0994248
0.642971
0.642971
-0.099437
-0.0994621
0.642971
-0.0994885
0.642971
-0.0995135
0.642971
-0.099526
0.64297
-0.0995581
0.64297
-0.0995713
0.642969
0.642969
-0.0995913
-0.099624
0.642968
-0.0996393
0.642967
0.642967
-0.099662
-0.0996918
0.642967
-0.0997123
0.642967
-0.0997247
0.642967
-0.0997613
0.642967
-0.0997783
0.642967
-0.09979
0.642967
-0.099839
0.642967
0.642966
-0.099854
-0.0998652
0.642967
-0.0999067
0.642967
0.642966
-0.0999188
-0.099932
0.642966
0.642966
-0.0999757
-0.099989
0.642967
0.642967
-0.100008
0.642968
-0.100044
-0.100067
0.642968
-0.100082
0.642969
-0.100118
0.642969
-0.100136
0.642969
-0.100155
0.64297
-0.100188
0.64297
0.64297
-0.100208
-0.100218
0.642969
-0.100256
0.642969
0.642968
-0.100271
-0.100285
0.642968
-0.100325
0.642967
-0.100336
0.642967
-0.100354
0.642966
0.642966
-0.100395
-0.100411
0.642966
-0.100424
0.642966
-0.100461
0.642965
0.642965
-0.100482
-0.100493
0.642965
-0.100531
0.642965
-0.100549
0.642965
-0.100566
0.642965
-0.100605
0.642965
0.642965
-0.100619
0.642965
-0.100631
-0.100668
0.642965
-0.100694
0.642965
-0.100709
0.642965
0.642966
-0.100746
0.642966
-0.100759
0.642967
-0.100782
0.642968
-0.100819
0.642968
-0.100836
0.642968
-0.100858
-0.100887
0.642968
-0.100906
0.642969
-0.100925
0.642969
-0.100957
0.642968
-0.100974
0.642968
-0.100986
0.642967
-0.101024
0.642966
0.642965
-0.101035
-0.101059
0.642965
-0.101093
0.642964
-0.101111
0.642964
0.642964
-0.101124
0.642964
-0.10116
-0.101173
0.642964
0.642964
-0.101194
-0.101236
0.642964
-0.101247
0.642964
-0.101261
0.642964
0.642964
-0.101299
-0.101312
0.642964
0.642964
-0.101335
-0.101378
0.642964
0.642964
-0.101389
-0.101402
0.642963
-0.101446
0.642964
0.642964
-0.101459
0.642965
-0.101479
-0.10152
0.642966
-0.101531
0.642966
-0.101552
0.642971
-0.101603
0.642983
-0.10162
0.642986
-0.101637
0.642987
-0.101667
0.642987
-0.101686
0.642988
-0.101699
0.642988
0.642989
-0.101733
0.64299
-0.101754
0.64299
-0.101767
-0.101803
0.64299
0.64299
-0.101815
0.642988
-0.101837
-0.101875
0.642988
0.642988
-0.101888
-0.10191
0.642987
0.642987
-0.101953
-0.101968
0.642987
-0.101992
0.642987
-0.102032
0.642986
-0.102055
0.642987
-0.102068
0.642987
0.642988
-0.102103
0.642987
-0.102122
-0.102149
0.642987
-0.102183
0.642986
0.642987
-0.102197
-0.102215
0.642985
-0.102253
0.642983
-0.102275
0.642982
0.642983
-0.102286
-0.102332
0.642983
0.642982
-0.102338
0.642982
-0.102364
-0.102405
0.642981
-0.102421
0.642981
0.642981
-0.102441
0.642983
-0.102481
-0.102497
0.642984
0.642984
-0.102521
0.642986
-0.102555
0.642986
-0.10257
-0.102586
0.642986
-0.102626
0.642986
0.642986
-0.102643
-0.102664
0.642986
-0.102697
0.642986
0.642986
-0.102717
-0.102738
0.642986
0.642986
-0.102775
-0.102792
0.642986
-0.10281
0.642986
-0.102843
0.642986
-0.102864
0.642986
0.642987
-0.102878
-0.102916
0.642986
-0.102929
0.642986
0.642985
-0.102954
-0.102991
0.642984
-0.103004
0.642983
-0.103024
0.642982
-0.103059
0.642981
-0.103081
0.642981
-0.103094
0.64298
-0.103135
0.64298
0.64298
-0.103146
-0.10317
0.642981
-0.103199
0.642981
-0.103217
0.642982
-0.103237
0.642982
-0.10327
0.642984
-0.103289
0.642985
0.642985
-0.103306
0.642985
-0.103349
-0.103361
0.642985
-0.103377
0.642985
-0.103415
0.642985
0.642985
-0.103425
-0.10345
0.642985
0.642985
-0.103488
0.642985
-0.103502
0.642985
-0.10352
0.642985
-0.103562
-0.103573
0.642985
-0.103593
0.642985
-0.103632
0.642985
0.642984
-0.103643
0.642984
-0.103668
-0.103705
0.642983
0.642982
-0.103718
-0.10374
0.642981
-0.10377
0.64298
-0.103791
0.64298
0.642979
-0.103812
0.642979
-0.103848
-0.103861
0.642978
-0.103883
0.642979
0.64298
-0.103923
-0.103935
0.64298
-0.103946
0.642981
-0.103988
0.642982
0.642983
-0.104
0.642983
-0.104026
0.642984
-0.104059
0.642984
-0.104074
0.642996
-0.104097
0.643
-0.104141
-0.104166
0.643002
0.643002
-0.104183
-0.104233
0.643003
0.643003
-0.104248
0.643003
-0.104272
-0.10432
0.643003
0.643003
-0.104344
-0.104363
0.643002
-0.1044
0.643003
-0.104423
0.643002
0.643004
-0.104447
0.643001
-0.104489
0.643
-0.104512
0.642999
-0.104532
-0.104573
0.642996
0.642995
-0.10459
-0.104612
0.642995
-0.10466
0.642993
-0.104677
0.642992
0.642992
-0.104706
0.642993
-0.104754
-0.104771
0.642993
0.642994
-0.104796
-0.104834
0.642997
-0.104856
0.642998
0.643002
-0.104871
-0.104912
0.643003
0.643003
-0.104931
0.643004
-0.104955
-0.104993
0.643003
0.643004
-0.105018
0.643003
-0.105042
-0.105082
0.642999
-0.105102
0.643001
0.642998
-0.105126
0.642998
-0.105167
0.643
-0.105185
-0.105204
0.642998
-0.105258
0.642997
-0.105275
0.643
-0.105296
0.642997
-0.105346
0.642997
-0.105366
0.642998
-0.10538
0.642999
-0.105428
0.642997
-0.105448
0.642996
-0.105475
0.642995
0.642994
-0.105518
-0.10554
0.642994
-0.105563
0.642994
0.642994
-0.105605
-0.105633
0.642994
0.642994
-0.105647
0.642993
-0.105688
0.642995
-0.105711
0.642994
-0.105737
-0.105774
0.642996
0.642998
-0.105799
-0.105815
0.642996
0.642996
-0.105865
-0.105886
0.642998
0.642996
-0.105901
0.642996
-0.105956
0.642998
-0.105968
-0.105989
0.642996
0.642996
-0.106034
-0.106056
0.642998
-0.106082
0.642996
0.642996
-0.106122
0.642998
-0.106143
0.642996
-0.106167
0.642995
-0.106202
-0.106233
0.642995
-0.106253
0.642993
0.642991
-0.106294
-0.10632
0.642991
-0.106336
0.64299
-0.106384
0.642988
-0.106402
0.642987
-0.106432
0.642986
-0.106468
0.642984
-0.106493
0.642984
-0.106517
0.642984
-0.106561
0.642984
-0.106586
0.642985
-0.106616
0.642985
-0.106665
0.642987
-0.106682
0.642987
-0.106705
0.642987
-0.106747
0.642988
-0.106774
0.642988
-0.106788
0.642988
-0.106826
0.642988
-0.106849
0.642988
-0.106877
0.642988
-0.106916
0.642988
0.642988
-0.106946
-0.106962
0.642988
-0.106999
0.642988
0.642988
-0.107022
0.642988
-0.10704
-0.107086
0.642988
0.642988
-0.107106
0.642987
-0.10713
-0.107172
0.642986
-0.107191
0.642986
0.642985
-0.107209
0.642984
-0.107251
0.642984
-0.107273
-0.107293
0.642983
-0.107339
0.642983
-0.107358
0.642982
-0.107377
0.642982
0.642983
-0.112422
0.642983
-0.112444
0.642984
-0.112461
-0.112502
0.642985
0.642986
-0.112522
-0.112543
0.642987
-0.112581
0.642987
-0.112604
0.642987
-0.112624
0.642987
0.642987
-0.112663
0.642987
-0.112687
0.642987
-0.112706
-0.112744
0.642987
0.642987
-0.112765
0.642986
-0.112795
-0.11283
0.642986
0.642986
-0.112841
-0.112871
0.642986
0.642986
-0.112908
0.642986
-0.11293
-0.112948
0.642986
-0.112991
0.642985
-0.113014
0.642985
0.642984
-0.113029
-0.113067
0.642983
-0.113097
0.642982
-0.11311
0.642982
-0.113146
0.642981
-0.113162
0.642981
-0.113185
0.642981
-0.113232
0.642982
-0.113247
0.642982
0.642982
-0.113265
0.642983
-0.113311
0.642983
-0.113329
0.642984
-0.113349
-0.113389
0.642985
-0.113413
0.642985
-0.113429
0.642985
-0.113467
0.642985
-0.113487
0.642985
-0.113503
0.642985
-0.113544
0.642985
-0.113564
0.642984
-0.113595
0.642984
-0.113621
0.642984
0.642984
-0.113643
-0.113668
0.642984
0.642984
-0.113709
-0.11372
0.642984
-0.113749
0.642984
-0.113786
0.642984
-0.113805
0.642983
-0.113828
0.642983
-0.113863
0.642982
-0.113889
0.642981
-0.113907
0.64298
-0.113946
0.64298
-0.113963
0.64298
0.642979
-0.113989
0.642979
-0.114026
0.642979
-0.114041
0.64298
-0.114066
-0.1141
0.64298
0.642981
-0.11412
0.642981
-0.114136
-0.11418
0.642982
0.642983
-0.114202
-0.11422
0.642983
-0.114256
0.642983
0.642983
-0.114281
-0.11429
0.642983
-0.114338
0.642983
0.642983
-0.114357
0.642983
-0.114383
-0.114411
0.642983
0.642982
-0.114436
0.642982
-0.114457
0.642982
-0.114498
-0.114517
0.642982
-0.114536
0.642982
-0.114573
0.642982
-0.114596
0.642982
0.642981
-0.114614
0.642981
-0.114649
0.64298
-0.114677
0.642979
-0.114691
-0.114733
0.642978
-0.114756
0.642978
0.642978
-0.114769
-0.114815
0.642978
0.642977
-0.11483
0.642978
-0.114851
0.642978
-0.114888
-0.114907
0.642978
-0.114932
0.642979
0.64298
-0.114968
-0.114984
0.642981
-0.115006
0.642981
0.642981
-0.115047
0.642981
-0.115062
-0.115084
0.642981
-0.11512
0.642981
-0.115136
0.642981
-0.115161
0.642981
-0.115198
0.642981
-0.115215
0.642981
-0.11524
0.642981
-0.115275
0.642981
0.64298
-0.115298
-0.115317
0.642981
-0.115351
0.64298
-0.115376
0.64298
-0.115393
0.64298
-0.115429
0.642979
-0.115455
0.642978
-0.115483
0.642978
-0.115511
0.642977
-0.115535
0.642977
-0.115549
0.642976
-0.115585
0.642976
-0.115607
0.642976
-0.115631
0.642976
-0.115673
0.642977
0.642977
-0.115685
0.642977
-0.115709
-0.11574
0.642978
-0.115762
0.642978
-0.115774
0.642979
-0.115821
0.642979
-0.115834
0.642979
0.642979
-0.115854
0.642979
-0.115895
-0.115917
0.642979
0.642979
-0.115931
-0.115974
0.642979
0.642979
-0.115994
0.642978
-0.116016
-0.11605
0.642978
0.642978
-0.116069
0.642979
-0.11609
-0.116129
0.642978
0.642978
-0.116147
-0.116168
0.642978
-0.116206
0.642978
0.642977
-0.116222
0.642977
-0.116247
-0.116284
0.642976
-0.116301
0.642975
-0.116317
0.642975
-0.116365
0.642974
-0.116379
0.642974
0.642974
-0.116402
-0.116437
0.642974
0.642975
-0.116455
-0.116473
0.642975
-0.116516
0.642975
-0.116526
0.642976
-0.116556
0.642976
-0.116582
0.642977
0.642977
-0.116606
-0.116623
0.642977
-0.116659
0.642977
-0.116684
0.642977
0.642977
-0.116702
-0.116738
0.642977
0.642977
-0.116759
-0.116772
0.642977
0.642977
-0.116822
0.642977
-0.116833
0.642977
-0.116855
0.642976
-0.11689
-0.116911
0.642976
0.642976
-0.116929
0.642976
-0.11697
-0.116994
0.642976
-0.117013
0.642975
0.642974
-0.117054
0.642974
-0.117065
-0.117086
0.642973
-0.117121
0.642972
-0.117144
0.642972
0.642972
-0.117169
-0.117197
0.642972
-0.117214
0.642972
-0.117239
0.642972
-0.117276
0.642973
-0.117293
0.642974
0.642974
-0.117311
-0.117352
0.642975
0.642975
-0.117363
-0.117387
0.642975
0.642975
-0.117431
-0.117439
0.642975
-0.117465
0.642975
-0.117502
0.642975
-0.117522
0.642975
-0.117537
0.642975
0.642975
-0.117576
-0.117598
0.642975
-0.117616
0.642975
0.642975
-0.11766
-0.117669
0.642974
-0.117688
0.642975
-0.11773
0.642974
-0.11775
0.642974
-0.117768
0.642974
-0.117802
0.642972
-0.117827
0.642972
0.642971
-0.11784
0.642971
-0.117885
-0.117904
0.642971
-0.117917
0.642971
-0.117964
0.64297
-0.11798
0.642971
-0.117994
0.642971
-0.118032
0.642971
-0.118055
0.642971
-0.118069
0.642971
-0.118109
0.642973
-0.118126
0.642973
0.642973
-0.118143
-0.118181
0.642973
-0.118203
0.642973
-0.118222
0.642973
0.642973
-0.118258
0.642973
-0.118272
-0.118297
0.642973
-0.118325
0.642973
0.642973
-0.118347
0.642973
-0.118373
-0.118404
0.642973
0.642972
-0.118421
-0.118451
0.642972
0.642973
-0.11848
0.642972
-0.118501
-0.118521
0.642972
-0.118559
0.642971
0.642971
-0.118577
-0.118595
0.64297
-0.118636
0.64297
-0.118654
0.642969
-0.118673
0.642969
-0.118714
0.642969
-0.118726
0.642969
-0.118751
0.642968
-0.118786
0.642969
-0.1188
0.642969
0.642969
-0.118822
-0.118853
0.64297
0.642971
-0.118878
-0.118895
0.642971
-0.118925
0.642971
-0.118944
0.642971
-0.118966
0.642971
-0.119004
0.642971
0.642971
-0.119022
-0.119045
0.642971
-0.119079
0.642971
-0.119095
0.642971
-0.119118
0.642971
0.642971
-0.119154
0.642971
-0.11917
-0.119191
0.64297
-0.119224
0.642971
0.642971
-0.119249
-0.119266
0.64297
-0.119304
0.64297
0.642969
-0.119323
0.642969
-0.119339
0.642968
-0.119381
-0.119403
0.642968
0.642967
-0.119419
0.642967
-0.119459
0.642967
-0.119473
0.642966
-0.119495
-0.119536
0.642967
0.642967
-0.119548
-0.119568
0.642967
-0.119604
0.642968
-0.119611
0.642968
-0.119639
0.642968
-0.119677
0.642969
-0.119689
0.642969
0.642969
-0.119711
-0.119753
0.642969
-0.11976
0.642969
-0.119785
0.642969
-0.11982
0.642969
0.642969
-0.119844
-0.119857
0.642968
-0.119898
0.642968
0.642969
-0.119921
0.642969
-0.119929
-0.119971
0.642968
-0.119995
0.642969
0.642968
-0.120007
-0.120048
0.642968
0.642968
-0.120066
0.642968
-0.120087
-0.12012
0.642966
0.642966
-0.120141
0.642966
-0.120163
-0.1202
0.642965
0.642965
-0.12022
0.642965
-0.120231
-0.120272
0.642965
0.642965
-0.120294
0.642965
-0.120307
0.642966
-0.120345
0.642966
-0.120362
-0.120379
0.642966
-0.120415
0.642967
0.642967
-0.120436
0.642967
-0.120448
0.642967
-0.120487
-0.120513
0.642967
0.642967
-0.120524
-0.120562
0.642967
-0.120578
0.642967
-0.120603
0.642967
-0.120628
0.642967
-0.120653
0.642967
0.642967
-0.12067
0.642966
-0.120708
-0.120729
0.642967
0.642966
-0.120751
-0.120783
0.642966
0.642966
-0.1208
0.642966
-0.12082
-0.120857
0.642965
-0.120876
0.642965
0.642964
-0.120901
-0.120928
0.642963
-0.120954
0.642963
-0.120976
0.642963
-0.121009
0.642963
-0.121029
0.642963
0.642963
-0.121044
-0.121078
0.642964
-0.121101
0.642964
-0.121123
0.642964
-0.121146
0.642965
0.642965
-0.121172
-0.121185
0.642966
0.642966
-0.121226
0.642965
-0.121237
0.642966
-0.121265
-0.121289
0.642965
0.642965
-0.121315
-0.121329
0.642965
-0.121368
0.642965
-0.121389
0.642965
-0.121405
0.642965
0.642965
-0.121443
0.642965
-0.121456
-0.121479
0.642965
0.642964
-0.121515
-0.121531
0.642965
-0.121543
0.642964
-0.121588
0.642963
-0.121611
0.642963
-0.121624
0.642963
-0.121667
0.642962
-0.121677
0.642962
-0.121702
0.642961
0.642961
-0.12174
-0.121756
0.642961
0.642961
-0.121774
0.642961
-0.121812
0.642962
-0.121828
-0.121845
0.642961
0.642963
-0.121878
-0.121901
0.642963
0.642963
-0.121917
0.642963
-0.121956
0.642963
-0.121967
0.642963
-0.121988
-0.122021
0.642963
-0.12204
0.642963
0.642963
-0.122063
-0.122093
0.642963
0.642963
-0.122118
-0.12213
0.642963
0.642963
-0.122168
0.642963
-0.12219
-0.122204
0.642963
-0.122246
0.642963
0.642963
-0.12226
-0.122282
0.642962
-0.122313
0.642962
-0.122332
0.642961
-0.122352
0.642961
0.64296
-0.12239
-0.12241
0.64296
-0.122427
0.64296
0.64296
-0.122464
0.642959
-0.122487
0.642959
-0.122505
0.642959
-0.122542
-0.122553
0.64296
0.64296
-0.122572
0.64296
-0.122608
-0.122623
0.642961
0.642961
-0.122646
-0.122671
0.642961
0.642961
-0.122697
0.642961
-0.122711
0.642961
-0.122747
-0.122764
0.642962
-0.122783
0.642961
0.642961
-0.122816
-0.122839
0.642961
0.642961
-0.122857
0.642961
-0.122889
-0.122904
0.642961
-0.122931
0.642961
0.642961
-0.122966
0.642961
-0.122984
0.64296
-0.123002
0.64296
-0.123041
-0.123057
0.64296
-0.123075
0.64296
-0.123113
0.642959
-0.123137
0.642958
-0.123153
0.642958
-0.123191
0.642958
-0.123205
0.642957
-0.123225
0.642958
-0.123256
0.642958
-0.123279
0.642958
-0.123295
0.642958
0.642958
-0.123337
0.642958
-0.123349
0.642959
-0.123368
-0.123401
0.64296
0.642959
-0.123415
-0.12344
0.642959
0.642959
-0.12347
-0.123489
0.642959
0.642959
-0.123501
-0.123545
0.642959
-0.123556
0.642959
0.642959
-0.123577
0.642959
-0.123615
0.642959
-0.123629
0.642959
-0.123649
-0.123686
0.642959
0.642959
-0.123707
-0.123722
0.642959
-0.123759
0.642959
0.642959
-0.123781
-0.123799
0.642958
-0.12384
0.642957
0.642957
-0.123852
0.642957
-0.123872
0.642956
-0.123902
0.642956
-0.123932
-0.123944
0.642956
0.642956
-0.123981
0.642955
-0.123998
0.642955
-0.124016
0.642956
-0.124048
-0.12407
0.642957
-0.124088
0.642956
0.642957
-0.124126
0.642957
-0.124137
-0.124151
0.642958
-0.124192
0.642958
-0.124205
0.642957
-0.124222
0.642958
-0.124265
0.642957
-0.124281
0.642957
-0.124295
0.642957
0.642957
-0.124329
-0.124345
0.642957
0.642957
-0.12437
-0.124401
0.642957
-0.124417
0.642957
-0.124434
0.642957
-0.124465
0.642957
0.642957
-0.124487
-0.124504
0.642957
0.642956
-0.124537
-0.124557
0.642956
-0.124577
0.642955
-0.124602
0.642954
-0.124627
0.642954
-0.124651
0.642954
-0.124678
0.642954
0.642954
-0.124702
0.642954
-0.124715
-0.124753
0.642954
-0.124767
0.642955
-0.124779
0.642955
-0.124818
0.642955
-0.12483
0.642956
0.642956
-0.124852
-0.124885
0.642956
-0.124891
0.642956
-0.124913
0.642956
-0.124953
0.642956
0.642956
-0.124963
-0.124985
0.642956
-0.125022
0.642956
0.642956
-0.125039
-0.125052
0.642956
0.642956
-0.125087
0.642956
-0.125112
0.642956
-0.125123
0.642956
-0.12516
0.642956
-0.125179
-0.12519
0.642956
0.642955
-0.125231
0.642955
-0.125249
0.642955
-0.125261
0.642954
-0.1253
-0.125316
0.642953
-0.125336
0.642953
-0.125372
0.642953
-0.125388
0.642953
0.642953
-0.125402
-0.125441
0.642953
-0.125464
0.642953
-0.125475
0.642953
-0.125509
0.642954
-0.125523
0.642954
0.642954
-0.125545
0.642954
-0.125576
-0.125588
0.642955
0.642954
-0.125608
-0.125646
0.642954
-0.125664
0.642955
0.642954
-0.125675
-0.125711
0.642955
-0.125727
0.642955
0.642954
-0.12575
0.642954
-0.125782
0.642954
-0.125799
0.642954
-0.12581
0.642954
-0.125851
0.642954
-0.125875
-0.125883
0.642954
-0.12592
0.642954
0.642953
-0.125939
-0.125955
0.642953
-0.125996
0.642952
0.642952
-0.126009
0.642952
-0.126031
-0.126064
0.642951
-0.126085
0.642951
0.642951
-0.126101
0.642951
-0.126137
0.642951
-0.126152
0.642951
-0.126171
-0.126202
0.642952
-0.126213
0.642952
-0.126234
0.642952
-0.126271
0.642953
0.642953
-0.126287
0.642953
-0.1263
0.642953
-0.126336
-0.126351
0.642953
0.642963
-0.126373
-0.126408
0.642961
0.642961
-0.126433
-0.126446
0.642961
-0.126491
0.642961
0.642961
-0.126519
-0.126528
0.642961
0.642961
-0.126572
0.642961
-0.126596
-0.126617
0.642961
0.642961
-0.126663
-0.126678
0.64296
-0.126698
0.642961
-0.126745
0.642959
-0.126759
0.642959
-0.126782
0.642959
-0.126828
0.642958
0.642958
-0.126846
0.642958
-0.126865
0.642958
-0.126913
-0.126934
0.642958
-0.126945
0.642959
0.642959
-0.126991
0.642959
-0.127011
-0.127027
0.642959
0.642959
-0.127068
-0.127089
0.64296
0.642959
-0.127114
0.64296
-0.127151
-0.127176
0.64296
-0.127188
0.642959
0.642959
-0.127228
-0.127251
0.64296
0.64296
-0.127277
0.642959
-0.127317
0.642959
-0.127329
-0.127355
0.642959
0.642959
-0.127395
0.642959
-0.127416
-0.127429
0.642959
0.642959
-0.127478
0.642959
-0.127492
-0.127517
0.642959
-0.127558
0.642959
0.642958
-0.127579
0.642958
-0.127594
-0.127647
0.642957
-0.12766
0.642957
-0.127684
0.642957
-0.127734
0.642956
0.642956
-0.127746
0.642957
-0.127761
-0.127811
0.642957
-0.127827
0.642957
0.642957
-0.127843
0.642958
-0.127886
-0.127908
0.642958
0.642957
-0.12792
0.642958
-0.127966
0.642958
-0.127984
-0.128002
0.642958
0.642958
-0.12805
0.642958
-0.12806
-0.128085
0.642958
-0.128126
0.642958
0.642957
-0.128138
0.642957
-0.128163
0.642957
-0.128203
-0.128227
0.642958
-0.12824
0.642957
0.642957
-0.128286
-0.128305
0.642957
-0.128327
0.642957
0.642957
-0.128366
0.642957
-0.128383
-0.128404
0.642957
-0.128444
0.642956
0.642955
-0.12847
-0.128493
0.642955
-0.128535
0.642955
0.642955
-0.128547
-0.12857
0.642955
0.642955
-0.128621
0.642955
-0.128633
-0.128652
0.642955
0.642955
-0.1287
-0.128711
0.642956
-0.128735
0.642956
0.642956
-0.128772
0.642956
-0.128788
0.642956
-0.128801
0.642956
-0.128848
-0.128865
0.642956
-0.128883
0.642956
-0.128932
0.642956
-0.12895
0.642955
0.642955
-0.128961
0.642955
-0.129007
-0.129029
0.642956
0.642955
-0.12905
-0.129089
0.642955
0.642955
-0.129103
0.642955
-0.129126
0.642955
-0.129161
-0.129182
0.642954
0.642954
-0.129205
-0.129242
0.642954
-0.129267
0.642954
-0.129285
0.642954
-0.129333
0.642953
-0.129349
0.642953
-0.129369
0.642953
0.642953
-0.129411
-0.129427
0.642953
0.642953
-0.129447
-0.129488
0.642953
-0.129509
0.642954
-0.129525
0.642954
0.642954
-0.129561
-0.129584
0.642954
0.642954
-0.129598
-0.12964
0.642954
-0.129661
0.642954
-0.129677
0.642954
-0.129714
0.642954
0.642954
-0.129735
-0.129765
0.642953
0.642954
-0.129796
0.642954
-0.129812
0.642953
-0.129842
0.642953
-0.129877
-0.129904
0.642953
-0.129915
0.642954
-0.129955
0.642953
0.642953
-0.129979
-0.129994
0.642953
0.642952
-0.130034
0.642952
-0.130055
-0.130081
0.642952
-0.130116
0.642951
-0.130136
0.642951
-0.130157
0.642951
-0.130197
0.642951
0.642951
-0.13021
0.642951
-0.130239
0.642951
-0.130274
-0.1303
0.642952
-0.130313
0.642952
-0.130353
0.642952
0.642952
-0.130366
0.642952
-0.130388
-0.130425
0.642952
-0.130443
0.642952
0.642952
-0.130461
0.642952
-0.130499
0.642951
-0.130524
-0.130539
0.642951
0.642952
-0.130581
0.642952
-0.130601
0.642951
-0.130617
0.642952
-0.130657
-0.130681
0.642951
0.642951
-0.130698
0.642951
-0.130733
-0.130756
0.642951
-0.130781
0.642951
-0.130814
0.64295
0.64295
-0.130831
0.64295
-0.130856
0.64295
-0.1309
0.64295
-0.130912
0.64295
-0.130935
-0.130971
0.64295
-0.131
0.642949
-0.131011
0.642949
-0.131052
0.64295
-0.131074
0.64295
-0.13109
0.64295
-0.131127
0.64295
0.642951
-0.131148
-0.131167
0.64295
0.64295
-0.131202
0.64295
-0.131219
-0.131239
0.64295
0.64295
-0.131279
-0.131295
0.64295
-0.131316
0.64295
-0.131354
0.64295
-0.131375
0.64295
-0.131395
0.64295
0.64295
-0.131435
-0.131453
0.64295
-0.131471
0.642949
0.642949
-0.131506
-0.13153
0.642949
-0.131548
0.642949
0.642949
-0.131597
0.642949
-0.131608
0.642948
-0.131624
-0.131672
0.642948
0.642949
-0.131692
0.642957
-0.131726
-0.131766
0.642962
-0.131788
0.642962
-0.131811
0.642962
-0.131853
0.642962
-0.131871
0.642962
-0.131891
0.642963
0.642964
-0.131929
-0.131947
0.642965
0.642935
-0.13193
-0.131938
0.64292
-0.131946
0.642915
0.642916
-0.131974
0.642914
-0.132009
0.642913
-0.132032
-0.132049
0.642911
-0.132086
0.642908
-0.132115
0.642908
-0.132139
0.642908
-0.132177
0.642907
-0.132201
0.642908
0.642908
-0.132217
-0.132264
0.642907
-0.132283
0.642907
-0.132295
0.642907
0.642907
-0.132341
-0.132361
0.642907
-0.132378
0.642907
-0.132419
0.642907
-0.132446
0.642907
0.642907
-0.132457
-0.132498
0.642907
-0.132522
0.642907
-0.132539
0.642906
-0.132582
0.642906
-0.132604
0.642906
-0.132623
0.642906
0.642906
-0.132663
0.642906
-0.13268
-0.132704
0.642906
0.642905
-0.132742
0.642906
-0.132767
0.642905
-0.132779
-0.132826
0.642905
0.642905
-0.132844
-0.132863
0.642905
-0.132906
0.642905
-0.132928
0.642905
0.642905
-0.132945
0.642905
-0.132982
0.642905
-0.133007
-0.133033
0.642905
0.642905
-0.133061
0.642904
-0.133085
0.642905
-0.133111
-0.133149
0.642905
0.642904
-0.133165
0.642904
-0.133186
0.642904
-0.133227
-0.133243
0.642904
0.642904
-0.133268
0.642904
-0.133306
-0.13333
0.642904
-0.133345
0.642904
-0.13339
0.642903
0.642903
-0.133409
-0.133431
0.642903
-0.133467
0.642903
0.642903
-0.133486
0.642903
-0.133513
-0.133549
0.642903
-0.133571
0.642903
-0.133587
0.642903
-0.133628
0.642903
-0.133653
0.642903
-0.133671
0.642903
0.642902
-0.133713
0.642902
-0.133729
0.642902
-0.133749
0.642902
-0.133786
0.642902
-0.133807
-0.133827
0.642902
-0.133869
0.642902
0.642902
-0.133882
-0.133906
0.642901
-0.133948
0.642902
0.642901
-0.133963
-0.133989
0.642902
-0.134026
0.642901
0.642901
-0.134048
0.642901
-0.134063
0.642901
-0.134111
-0.134126
0.642901
-0.13415
0.642901
-0.134191
0.642901
-0.134205
0.642901
-0.13423
0.6429
-0.134267
0.642901
0.6429
-0.134283
0.6429
-0.134304
0.6429
-0.134342
-0.134372
0.6429
-0.13438
0.6429
-0.134426
0.6429
0.6429
-0.134446
-0.134459
0.6429
-0.134499
0.6429
-0.134525
0.6429
0.6429
-0.134535
0.6429
-0.134584
0.6429
-0.134607
0.6429
-0.134624
-0.134667
0.642899
-0.134678
0.6429
-0.134697
0.642899
-0.134744
0.642899
-0.134758
0.642899
-0.134782
0.642899
-0.134817
0.642899
0.642899
-0.134836
0.642898
-0.134861
0.642898
-0.134898
0.642898
-0.134914
-0.134935
0.642898
0.642898
-0.134974
0.642898
-0.134999
-0.135015
0.642898
0.642898
-0.135051
0.642898
-0.135077
0.642898
-0.135093
0.642898
-0.13513
-0.135152
0.642898
0.642898
-0.135172
-0.135218
0.642898
-0.135232
0.642898
0.642897
-0.135248
-0.135297
0.642897
-0.135309
0.642897
0.642897
-0.135326
-0.135369
0.642897
0.642897
-0.135388
-0.13541
0.642897
-0.135449
0.642897
-0.135464
0.642896
0.642896
-0.13549
0.642896
-0.135527
-0.135543
0.642896
-0.135569
0.642896
-0.135603
0.642896
-0.135621
0.642896
0.642896
-0.135641
-0.135682
0.642896
-0.1357
0.642896
0.642896
-0.135718
0.642895
-0.135756
-0.135771
0.642896
0.642895
-0.135798
0.642895
-0.135839
0.642895
-0.135851
-0.135876
0.642895
0.642895
-0.135918
0.642895
-0.13594
-0.135955
0.642895
-0.135996
0.642895
-0.136018
0.642895
-0.136031
0.642895
-0.136073
0.642895
-0.136098
0.642894
-0.13611
0.642894
0.642894
-0.13615
-0.136169
0.642894
-0.136188
0.642894
-0.136227
0.642894
-0.136248
0.642894
-0.136267
0.642894
-0.136301
0.642894
0.642894
-0.136326
0.642893
-0.136352
-0.136376
0.642893
-0.136406
0.642894
-0.136421
0.642893
-0.136461
0.642893
0.642893
-0.136478
-0.136497
0.642893
0.642893
-0.136535
-0.136557
0.642892
-0.136577
0.642893
-0.13661
0.642892
-0.136636
0.642893
-0.136648
0.642893
-0.13669
0.642893
-0.136714
0.642893
0.642892
-0.13673
-0.136768
0.642893
0.642892
-0.136789
-0.136809
0.642892
-0.13684
0.642892
0.642892
-0.135602
0.642892
-0.135615
-0.135655
0.642891
0.642892
-0.135677
-0.135694
0.642891
-0.135736
0.642891
-0.135748
0.642891
-0.135769
0.642891
-0.135816
0.642891
-0.135827
0.642891
0.642891
-0.135849
0.642891
-0.135888
0.642891
-0.1359
0.642891
-0.135925
-0.135967
0.642891
0.64289
-0.135986
0.642891
-0.136005
-0.136047
0.64289
-0.136065
0.64289
0.64289
-0.136081
0.64289
-0.136121
0.64289
-0.136144
-0.136161
0.64289
-0.136199
0.64289
-0.136224
0.64289
0.64289
-0.136232
-0.136275
0.64289
0.642889
-0.136294
0.64289
-0.136313
-0.13635
0.642889
-0.136375
0.642889
0.642889
-0.136397
-0.136422
0.642889
0.642889
-0.136451
-0.13647
0.642889
-0.136506
0.642889
-0.136527
0.642889
-0.136548
0.642889
-0.13658
0.642888
0.642888
-0.136602
0.642888
-0.136617
-0.136667
0.642888
-0.136681
0.642888
0.642888
-0.136708
-0.136737
0.642888
-0.136756
0.642888
-0.136774
0.642888
0.642887
-0.136816
-0.136835
0.642887
-0.136846
0.642887
0.642888
-0.136889
-0.136915
0.642888
0.642888
-0.136926
0.642888
-0.136969
-0.136989
0.642888
-0.137007
0.642888
0.642887
-0.137049
-0.137061
0.642887
-0.137087
0.642886
0.642887
-0.137121
-0.137142
0.642887
0.642886
-0.137164
-0.137201
0.642886
-0.137215
0.642886
-0.137236
0.642886
-0.137274
0.642886
0.642886
-0.137295
0.642886
-0.137306
0.642886
-0.137357
-0.13737
0.642886
-0.137386
0.642886
-0.137427
0.642886
0.642885
-0.13745
0.642885
-0.137463
-0.137505
0.642885
0.642885
-0.137524
0.642885
-0.137542
0.642885
-0.13758
-0.137602
0.642885
-0.137623
0.642885
0.642885
-0.137656
0.642885
-0.137676
0.642886
-0.137695
-0.137737
0.642886
0.642886
-0.137754
-0.137775
0.642886
-0.137813
0.642886
-0.137829
0.642885
-0.137853
0.642885
-0.137883
0.642884
-0.137902
0.642884
0.642884
-0.137922
0.642884
-0.137955
-0.137983
0.642884
-0.137998
0.642883
-0.138036
0.642883
0.642884
-0.138054
-0.138074
0.642883
-0.138109
0.642883
0.642883
-0.138129
-0.138151
0.642883
-0.138193
0.642883
-0.138206
0.642883
-0.138221
0.642883
-0.138269
0.642883
-0.138282
0.642883
0.642883
-0.138303
0.642882
-0.138346
-0.138359
0.642882
-0.138373
0.642882
-0.138421
0.642883
0.642883
-0.138439
0.642883
-0.138451
0.642884
-0.138493
-0.138518
0.642884
-0.138535
0.642884
-0.138574
0.642884
-0.138591
0.642884
-0.138608
0.642883
-0.138642
0.642883
0.642882
-0.138666
-0.138688
0.642882
-0.13872
0.642881
-0.13874
0.642881
0.642881
-0.138759
-0.138793
0.642881
-0.138816
0.642881
-0.138835
0.64288
0.64288
-0.138869
0.64288
-0.13889
0.64288
-0.138908
-0.138947
0.64288
-0.138963
0.64288
0.64288
-0.138989
-0.139018
0.64288
0.64288
-0.139038
-0.139057
0.64288
0.64288
-0.139094
-0.139117
0.642879
0.64288
-0.139128
-0.13917
0.64288
-0.139197
0.642881
0.642881
-0.139209
-0.139251
0.642882
0.642882
-0.139267
0.642882
-0.139289
0.642882
-0.13933
0.642882
-0.139347
-0.139366
0.642881
-0.139398
0.642881
-0.139417
0.64288
-0.139436
0.64288
0.642879
-0.139473
-0.139497
0.642879
-0.139513
0.642878
0.642878
-0.139552
0.642878
-0.139568
-0.13958
0.642878
-0.139621
0.642878
-0.13964
0.642877
-0.139662
0.642877
-0.139699
0.642877
-0.139721
0.642877
-0.139736
0.642877
0.642877
-0.139777
-0.13979
0.642877
-0.139814
0.642877
-0.139852
0.642877
0.642877
-0.139869
0.642877
-0.139882
-0.139921
0.642877
0.642878
-0.139943
-0.139962
0.642878
-0.139997
0.642879
-0.140021
0.642879
-0.14004
0.64288
-0.140078
0.64288
-0.140103
0.64288
-0.14012
0.64288
-0.140154
0.642879
-0.140171
0.642879
-0.140193
0.642878
-0.140224
0.642877
0.642876
-0.140245
0.642876
-0.140262
0.642875
-0.140299
-0.140315
0.642875
-0.140335
0.642875
0.642875
-0.140378
-0.140391
0.642875
-0.140414
0.642875
-0.140445
0.642875
0.642875
-0.140468
-0.140481
0.642875
0.642875
-0.140519
0.642874
-0.140536
0.642875
-0.140561
-0.140604
0.642874
-0.140612
0.642874
-0.14063
0.642874
-0.140676
0.642875
-0.14069
0.642875
0.642875
-0.140708
-0.140753
0.642877
-0.14077
0.642877
-0.140787
0.642877
-0.140826
0.642878
0.642878
-0.140851
-0.14086
0.642877
-0.140898
0.642877
0.642877
-0.140922
-0.140943
0.642877
0.642876
-0.140974
0.642875
-0.140992
-0.141005
0.642874
-0.141045
0.642873
0.642873
-0.141063
-0.141086
0.642873
0.642873
-0.141114
0.642873
-0.141138
0.642873
-0.141157
-0.141187
0.642873
-0.141214
0.642873
0.642873
-0.141231
0.642873
-0.141268
-0.141285
0.642873
0.642872
-0.141305
-0.141336
0.642872
-0.141361
0.642873
-0.141378
0.642873
-0.141416
0.642872
0.208839
0.245678
0.208839
0.245678
0.208839
0.212831
0.208839
0.201853
0.191496
0.208839
0.168948
0.208839
0.157279
0.208839
0.146017
0.208839
0.121957
0.208839
0.208839
0.109786
0.098037
0.208839
0.208839
0.0718891
0.208839
0.0584704
0.208839
0.0460115
0.0179267
0.208839
0.208839
0.00371799
0.208839
-0.00780339
0.208839
-0.0313733
0.208839
-0.0425287
0.208839
-0.0499875
-0.0465956
0.208839
0.208839
-0.0538682
0.208839
-0.0629634
0.208839
-0.0758723
-0.0821857
0.208839
-0.0831856
0.208839
-0.0851814
0.208839
-0.0863849
0.208839
0.208839
-0.0869917
-0.0878566
0.208839
-0.0875953
0.208839
-0.0858079
0.208839
-0.0785812
0.208839
0.208839
-0.0748523
-0.0719349
0.208839
-0.064472
0.208839
-0.0611831
0.208839
0.208839
-0.0589154
-0.054698
0.208839
-0.0533899
0.208839
-0.0530076
0.208839
-0.0539684
0.208839
0.208839
-0.0551897
0.208839
-0.0571867
-0.0635525
0.208839
0.208839
-0.0674483
0.208839
-0.0710285
-0.0787071
0.208839
0.208839
-0.0813958
-0.0823049
0.208839
0.208839
-0.0844429
-0.0854505
0.208839
0.208839
-0.085936
-0.0865733
0.208839
0.208839
-0.0872169
-0.0905356
0.208839
0.208839
-0.089647
-0.0885176
0.208839
0.208839
-0.0883716
0.208839
-0.0889668
-0.0888562
0.208839
-0.0883786
0.208839
-0.0825845
0.208839
0.208839
-0.0789984
0.208839
-0.0758343
-0.0679275
0.208839
-0.0644951
0.208839
0.208839
-0.0621269
-0.0730427
0.208839
0.208839
-0.068927
0.208839
-0.0628028
0.208839
-0.0584671
0.208839
-0.0579739
-0.0588049
0.208839
-0.061665
0.208839
0.208839
-0.0641913
0.208839
-0.0676528
-0.076084
0.208839
-0.0783919
0.206302
-0.079032
0.195307
-0.0814412
0.190775
-0.0823099
0.180747
0.182659
-0.0831845
-0.08459
0.174486
-0.0851064
0.159596
-0.0853034
0.143707
-0.0856104
0.109823
0.0910153
-0.0857021
0.0727001
-0.0857079
-0.0857692
0.0340391
-0.0856901
0.0157604
-0.0856879
0.00144488
-0.0836755
-0.027824
-0.081428
-0.0398316
-0.047535
-0.0786723
-0.0715781
-0.0623578
-0.068022
-0.0681057
-0.071105
-0.0652883
-0.07739
-0.0593301
-0.056906
-0.0797517
-0.0552739
-0.0810147
-0.0529078
-0.0833873
-0.0523884
-0.0842774
-0.0847574
-0.0527354
-0.0550823
-0.0855988
-0.0569067
-0.0858157
-0.0593069
-0.0858498
-0.0661681
-0.0857609
-0.0692569
-0.0856521
-0.0710922
-0.0854802
-0.0850489
-0.0746571
-0.0762386
-0.0847972
-0.0772817
-0.0845323
-0.0838891
-0.0790783
-0.0835421
-0.0797606
-0.0832096
-0.0801922
-0.0810371
-0.0824837
-0.0821151
-0.0813698
-0.0815437
-0.08178
-0.0818187
-0.0809587
-0.0805253
-0.0819034
-0.081879
-0.080118
-0.0814858
-0.0792031
-0.0806241
-0.0787321
-0.0782944
-0.0791052
-0.0741013
-0.0773293
-0.0712995
-0.0768424
-0.076388
-0.0686465
-0.075392
-0.0627778
-0.0751384
-0.0601343
-0.0580613
-0.0752315
-0.0543933
-0.0728141
-0.0531035
-0.0734722
-0.0732491
-0.0525093
-0.0524856
-0.0733539
-0.0532853
-0.0710908
-0.0544274
-0.0699632
-0.0579769
-0.0716467
-0.0604318
-0.0709166
-0.0621409
-0.0705184
-0.0697923
-0.0651102
-0.066334
-0.0692344
-0.0672733
-0.0684624
-0.0691419
-0.0672332
-0.0698851
-0.0668443
-0.066321
-0.0704085
-0.0652076
-0.0713191
-0.071661
-0.0643039
-0.0718651
-0.063737
-0.0721542
-0.0626115
-0.0623449
-0.0722429
-0.0722542
-0.0617054
-0.0722188
-0.060096
-0.0594559
-0.072019
-0.0715033
-0.0589331
-0.0688055
-0.0578438
-0.0670571
-0.0573628
-0.0652063
-0.0574089
-0.0608108
-0.0549745
-0.0563846
-0.0586433
-0.0548106
-0.0567232
-0.0529516
-0.0563105
-0.0513935
-0.055569
-0.0502245
-0.0536231
-0.0485867
-0.0539555
-0.0482209
-0.0514701
-0.0483033
-0.0496123
-0.0492626
-0.0355993
-0.0501598
-0.0364009
-0.0513367
-0.0365915
-0.0532581
-0.0364744
-0.0540257
-0.0359972
-0.0546314
-0.0354835
-0.0557435
-0.0363129
-0.0561839
-0.0358818
-0.0353463
-0.0565414
-0.0355681
-0.0571679
-0.057383
-0.0350511
-0.0351032
-0.0575084
-0.0576464
-0.0346609
-0.0576497
-0.0342667
-0.0576037
-0.033903
-0.0330405
-0.0574087
-0.0572589
-0.032489
-0.0570935
-0.0320522
-0.0558263
-0.0309684
-0.0548659
-0.0303426
-0.029751
-0.0537583
-0.050988
-0.02848
-0.0278313
-0.0495315
-0.0272258
-0.0481406
-0.0452635
-0.025847
-0.0251949
-0.0439606
-0.0428433
-0.0245361
-0.0409357
-0.0231305
-0.0402241
-0.0224375
-0.0397402
-0.0217531
-0.0392779
-0.0203307
-0.0392655
-0.0196254
-0.0189356
-0.0394111
-0.0398962
-0.0175387
-0.0400303
-0.0168567
-0.0162101
-0.040106
-0.0149027
-0.0402658
-0.040228
-0.0142677
-0.0400213
-0.0136648
-0.0398761
-0.0124332
-0.0396432
-0.0118444
-0.0393689
-0.0112984
-0.0390474
-0.0102374
-0.00974434
-0.0387267
-0.00930344
-0.0382837
-0.0376105
-0.00843551
-0.00803741
-0.0373336
-0.0369038
-0.00768137
-0.0358713
-0.00699254
-0.00668856
-0.0353131
-0.034598
-0.00642032
-0.0328436
-0.00599123
-0.0318738
-0.0058249
-0.00570255
-0.0310515
-0.0292302
-0.00570695
-0.0283667
-0.00563222
-0.00551603
-0.0275874
-0.0259794
-0.00546615
-0.00546223
-0.0252522
-0.00546176
-0.024617
-0.0234159
-0.00537597
-0.00540278
-0.0228409
-0.0223087
-0.00541048
-0.0213472
-0.00536194
-0.0207962
-0.00550191
-0.0202407
-0.00551524
-0.019137
-0.00575317
-0.0185235
-0.00588544
-0.00604132
-0.0179015
-0.0166047
-0.00636759
-0.00653225
-0.0159186
-0.0152471
-0.00669513
-0.0138884
-0.00703567
-0.0131883
-0.007212
-0.0125227
-0.00738277
-0.00773712
-0.0111207
-0.0079142
-0.0104289
-0.00977046
-0.00806831
-0.00837086
-0.00834624
-0.00846493
-0.00771849
-0.00711463
-0.00856558
-0.00600323
-0.00873913
-0.00880802
-0.00550437
-0.0088625
-0.0050565
-0.0091439
-0.0042247
-0.00384045
-0.00903468
-0.00888898
-0.00348443
-0.0091477
-0.00276918
-0.00241485
-0.00904636
-0.00206593
-0.00890296
-0.00130636
-0.00908543
-0.000895876
-0.00901155
-0.000497606
-0.00889913
0.000363379
-0.00891916
0.00079435
-0.00882263
-0.00878719
0.00118657
0.00187665
-0.00857906
-0.00844865
0.00218355
0.00244235
-0.00827466
0.00286548
-0.00790567
0.00303855
-0.00768363
0.00316793
-0.00743935
0.00336167
-0.00683396
-0.00647734
0.00337684
-0.00611947
0.00334328
0.00316384
-0.00530085
-0.00487184
0.0030692
0.00289762
-0.00443663
0.00250677
-0.00344288
0.002276
-0.00293651
0.00202935
-0.0024362
-0.00122766
0.00152971
0.0012577
-0.000575373
0.00101201
0.000145843
0.00154376
0.000574362
0.000361663
0.00236638
0.000174632
0.00311685
0.00478
-0.000194103
0.00561634
-0.000376706
-0.000554929
0.00638579
0.00638911
-0.000978194
-0.00121132
0.00635161
0.00723948
-0.00146178
-0.00205815
0.00976201
0.0108522
-0.00240124
-0.00276353
0.0118361
0.0136166
-0.00351057
-0.00385394
0.0135251
-0.00416448
0.0144702
-0.00476257
0.017779
0.0189193
-0.00503641
-0.00528327
0.0202879
0.0233369
-0.00575341
0.0250826
-0.0059659
0.0265358
-0.00616485
0.0301782
-0.00647079
0.031913
-0.00658327
0.0339145
-0.00665973
-0.0067737
0.0377955
-0.00677197
0.0401134
0.0420943
-0.00677724
-0.00664865
0.0468414
-0.00655284
0.0495716
0.0519242
-0.00642842
-0.00612933
0.057497
-0.0059401
0.060493
-0.00576586
0.0636167
-0.00537315
0.0679687
0.0679574
-0.00516456
-0.00496974
0.067952
0.0674592
-0.00453323
-0.00431114
0.0723543
0.0699307
-0.00408617
-0.0035587
0.0718399
-0.00324469
0.0727235
-0.00292014
0.0748625
0.0819277
-0.00212355
-0.0017228
0.0792783
-0.00131556
0.085913
-0.000272032
0.0868387
0.0925844
0.000254221
0.0928189
0.000891685
0.00212742
0.100923
0.00287074
0.104565
0.00354674
0.108173
0.00506581
0.118133
0.0058323
0.122584
0.127864
0.00653939
0.13842
0.0084364
0.00930927
0.143712
0.0103987
0.149025
0.012378
0.160808
0.0134375
0.166478
0.0142741
0.172269
0.0157802
0.184123
0.0163767
0.190266
0.0169226
0.196501
0.0177488
0.208357
0.214023
0.0183077
0.214246
0.0189295
0.0198769
0.212314
0.0206307
0.212736
0.0214427
0.212791
0.0232337
0.212104
0.2122
0.0246126
0.0259677
0.212249
0.212286
0.029382
0.0312134
0.212293
0.0331712
0.212297
0.0373631
0.212299
0.214253
0.0398014
0.22018
0.0419247
0.0469244
0.221005
0.0498282
0.219845
0.0523151
0.220507
0.0583998
0.220301
0.0611777
0.220125
0.064576
0.22015
0.231955
0.0712953
0.0746748
0.237562
0.0785428
0.23779
0.0861848
0.239502
0.24512
0.090032
0.0938964
0.250233
0.100344
0.259769
0.103154
0.258115
0.265407
0.106212
0.111373
0.271448
0.269767
0.113509
0.270479
0.116062
0.271653
0.120923
0.123203
0.271401
0.275327
0.126154
0.284232
0.132331
0.287349
0.136279
0.285877
0.140174
0.149379
0.285572
0.285543
0.154186
0.159597
0.290529
0.295962
0.170872
0.297642
0.176208
0.299297
0.18165
0.192299
0.298259
0.298023
0.197675
0.202813
0.300154
0.30176
0.213406
0.218262
0.301487
0.300813
0.22286
0.297941
0.232207
0.236894
0.295966
0.241115
0.29357
0.248553
0.289535
0.252073
0.288064
0.284015
0.255208
0.259717
0.275074
0.269774
0.261182
0.262045
0.264099
0.251031
0.262144
0.246171
0.261707
0.246266
0.261115
0.258707
0.24199
0.233497
0.257076
0.224699
0.255153
0.21299
0.250576
0.248016
0.213621
0.213978
0.245318
0.239136
0.207891
0.197646
0.235627
0.23185
0.187316
0.167058
0.223203
0.156386
0.218415
0.146203
0.213377
0.124717
0.202114
0.113987
0.196016
0.189753
0.103874
0.176217
0.0829467
0.0728144
0.169061
0.063646
0.161943
0.045044
0.146705
0.0362706
0.138885
0.131258
0.0285304
0.0130467
0.115261
0.00602352
0.107237
4.50815e-05
0.0995704
0.0842833
-0.0116567
-0.0169226
0.0771463
0.0707617
-0.0213042
-0.0298337
0.0584424
0.0527875
-0.0335929
0.0477879
-0.0366589
-0.0424541
0.0380649
0.0335497
-0.0449613
0.0295088
-0.0469757
0.0211181
-0.0508357
0.0170716
-0.0525072
-0.0538439
0.0132215
0.00473
-0.0563323
0.000517942
-0.0573836
-0.0582157
-0.00352304
-0.0123755
-0.0597711
-0.0162503
-0.060386
-0.0195137
-0.0608305
-0.0258989
-0.0616041
-0.0619197
-0.0287561
-0.0621434
-0.0312043
-0.0359175
-0.0624937
-0.0626268
-0.0379875
-0.0627314
-0.0397505
-0.0430888
-0.0628706
-0.04452
-0.0628902
-0.0456805
-0.0628595
-0.0628251
-0.047885
-0.0488156
-0.0627999
-0.0495827
-0.0627472
-0.0625377
-0.050812
-0.0510109
-0.0623838
-0.0508126
-0.0622407
-0.0494887
-0.062395
-0.0485529
-0.0609378
-0.0602659
-0.0475348
-0.0451366
-0.0618982
-0.062698
-0.043965
-0.0429223
-0.0615264
-0.0410443
-0.060645
-0.059139
-0.0403289
-0.0399147
-0.0609335
-0.0395246
-0.0612206
-0.0619956
-0.0397059
-0.0605104
-0.040067
-0.0413757
-0.0596976
-0.0612456
-0.0422552
-0.0613089
-0.0429148
-0.0602013
-0.0441375
-0.0446995
-0.0596933
-0.059349
-0.0452024
-0.0592592
-0.0462318
-0.0592227
-0.0466759
-0.0470638
-0.0591865
-0.0591299
-0.0478965
-0.048238
-0.0591085
-0.0485022
-0.0590738
-0.0489787
-0.0591457
-0.0491774
-0.0591975
-0.0493259
-0.0592259
-0.0496655
-0.0593249
-0.0497168
-0.059397
-0.0495768
-0.059501
-0.0484691
-0.0596852
-0.0476618
-0.0597275
-0.046726
-0.059773
-0.0444518
-0.0599825
-0.0600695
-0.0432829
-0.0602008
-0.0421919
-0.0605284
-0.0401025
-0.0607082
-0.0392444
-0.0385825
-0.0608668
-0.0377358
-0.0612438
-0.0375563
-0.0614445
-0.037635
-0.061637
-0.0620837
-0.0385047
-0.0391202
-0.0623564
-0.0397973
-0.0625703
-0.0411945
-0.0630678
-0.063363
-0.0418633
-0.0425883
-0.0636551
-0.0440937
-0.0641886
-0.0447724
-0.0644534
-0.0454833
-0.0646526
-0.0652497
-0.0469711
-0.0476241
-0.0655364
-0.0657341
-0.0481711
-0.0493731
-0.0664799
-0.0499674
-0.0668532
-0.0505015
-0.0671517
-0.0517862
-0.0679076
-0.068254
-0.0524059
-0.052894
-0.0685814
-0.0691076
-0.0527175
-0.0522143
-0.0693142
-0.0695447
-0.0514555
-0.0492921
-0.070118
-0.0480761
-0.070498
-0.0707941
-0.0468945
-0.0444906
-0.0714117
-0.0434464
-0.0717225
-0.0720044
-0.0426141
-0.041456
-0.0728214
-0.0731511
-0.0411943
-0.0733678
-0.0413038
-0.0423394
-0.0737204
-0.0738151
-0.0433091
-0.0446833
-0.0739455
-0.0477952
-0.0744323
-0.0746966
-0.0491709
-0.0748843
-0.0503722
-0.0529658
-0.0752298
-0.0541927
-0.075384
-0.0553425
-0.0755255
-0.0761208
-0.0577212
-0.0587845
-0.0762998
-0.0598539
-0.0764467
-0.0766033
-0.0619018
-0.062775
-0.0766156
-0.063483
-0.0765832
-0.0766476
-0.0650822
-0.0658219
-0.076682
-0.06654
-0.0767897
-0.0668022
-0.076894
-0.0662108
-0.0769146
-0.0651281
-0.076888
-0.0617294
-0.0769427
-0.0770694
-0.0598081
-0.0579654
-0.0771728
-0.077193
-0.0539918
-0.0522374
-0.080078
-0.0806163
-0.0508845
-0.048774
-0.0774619
-0.0745162
-0.048107
-0.0480343
-0.0783311
-0.0777622
-0.0492123
-0.0502389
-0.0787845
-0.0516709
-0.0786302
-0.0779589
-0.0559815
-0.0778438
-0.0581493
-0.0596939
-0.0775879
-0.0770128
-0.0629491
-0.0644686
-0.0767639
-0.0766073
-0.0656778
-0.076259
-0.0683553
-0.0760909
-0.0694895
-0.0758954
-0.0702994
-0.0755308
-0.071811
-0.0723901
-0.0753242
-0.0751178
-0.0728715
-0.0746108
-0.0739754
-0.0744691
-0.074384
-0.0741537
-0.0748133
-0.0737187
-0.0751048
-0.0734934
-0.0745558
-0.0734204
-0.0732793
-0.0694922
-0.0728165
-0.07276
-0.0672317
-0.07285
-0.0650162
-0.0677427
-0.0599984
-0.0576916
-0.0723778
-0.0684109
-0.0558253
-0.0525283
-0.0706891
-0.0639732
-0.0513541
-0.0507538
-0.0627126
-0.0506276
-0.0629948
-0.0621743
-0.0513673
-0.064524
-0.052362
-0.0555758
-0.0556045
-0.05779
-0.0597
-0.0570279
-0.0596393
-0.0627084
-0.0569641
-0.0596125
-0.0639751
-0.0649646
-0.0604694
-0.0670764
-0.0606624
-0.067966
-0.0610372
-0.06863
-0.0615635
-0.0627564
-0.069869
-0.0703566
-0.0628835
-0.0629268
-0.070699
-0.0712514
-0.0631313
-0.0714732
-0.0631964
-0.0715979
-0.0631872
-0.0630611
-0.0718655
-0.0629551
-0.0717508
-0.071193
-0.0628258
-0.0624868
-0.068427
-0.0622828
-0.0666576
-0.0648047
-0.0620633
-0.0603545
-0.0616141
-0.0581992
-0.0613673
-0.0562988
-0.0611239
-0.0526326
-0.0605526
-0.0602829
-0.0511514
-0.05008
-0.0600245
-0.0486938
-0.0594102
-0.0484586
-0.059071
-0.0587326
-0.0486992
-0.0501569
-0.0579866
-0.0575993
-0.0512798
-0.0572206
-0.052683
-0.0548576
-0.0563846
-0.0557862
-0.0559571
-0.0555477
-0.0565353
-0.0579578
-0.0546628
-0.0542093
-0.0585617
-0.0590587
-0.0537731
-0.0599561
-0.0528557
-0.0523857
-0.0602805
-0.051927
-0.0604976
-0.0509305
-0.0608456
-0.0504204
-0.0609465
-0.0499278
-0.0609898
-0.048869
-0.0609693
-0.048331
-0.0609406
-0.0608766
-0.0479055
-0.059517
-0.0467714
-0.0584629
-0.0460745
-0.0572426
-0.045584
-0.0541572
-0.0444214
-0.0436961
-0.0525421
-0.0510225
-0.0431305
-0.0420073
-0.0479052
-0.0465184
-0.0413395
-0.040608
-0.0453621
-0.0434708
-0.0393203
-0.0387397
-0.0428126
-0.0380591
-0.042424
-0.0423021
-0.0366469
-0.0425123
-0.0360062
-0.0352981
-0.0429081
-0.0439715
-0.0337208
-0.0443566
-0.032996
-0.0322228
-0.044647
-0.0307037
-0.0451551
-0.0298979
-0.0453443
-0.0290833
-0.0454767
-0.0456456
-0.0274417
-0.0266337
-0.045684
-0.0456834
-0.025814
-0.0241221
-0.0455696
-0.0232673
-0.0454615
-0.045324
-0.0224245
-0.0449562
-0.0206183
-0.0447346
-0.0197226
-0.0188237
-0.0444976
-0.0438002
-0.017019
-0.0431729
-0.0161052
-0.0152624
-0.0423034
-0.0404342
-0.0134991
-0.0125817
-0.039486
-0.038481
-0.0117376
-0.0363347
-0.00998861
-0.0353422
-0.00912685
-0.0344061
-0.00831646
-0.00665734
-0.0326661
-0.0318049
-0.00585364
-0.0311942
-0.00509356
-0.0301731
-0.00358559
-0.0299056
-0.00286218
-0.0296331
-0.00218221
-0.0291458
-0.000838902
-0.0290005
-0.000209315
-0.0287289
0.000372234
0.00145784
-0.0280779
-0.0278498
0.00195427
0.00238282
-0.0274889
-0.0265844
0.00317946
-0.0261686
0.00351877
-0.0256854
0.0038156
0.00434648
-0.0247223
-0.0241679
0.00455019
0.00471283
-0.0236184
-0.0224861
0.00486915
0.00489535
-0.0218671
0.00485067
-0.0212481
0.00470441
-0.0199914
0.00456836
-0.0193131
0.00440099
-0.0186223
-0.0172425
0.00397152
-0.0165494
0.00373018
-0.0159131
0.00343832
0.00270438
-0.0146168
-0.0139896
0.0023043
-0.0133929
0.00190636
0.00105555
-0.0122288
-0.0116679
0.000610828
-0.0110789
0.000177659
-0.000745689
-0.00991156
-0.00931464
-0.00121768
-0.00168406
-0.00869124
-0.00271258
-0.00735773
-0.00321049
-0.00668004
-0.00596754
-0.00368757
-0.0046432
-0.00461458
-0.00395026
-0.00511164
-0.00555129
-0.00331563
-0.00643815
-0.00205627
-0.00145537
-0.00686993
-0.00727737
-0.000892551
-0.00811574
0.00021346
0.000738535
-0.00852117
-0.00889035
0.00122605
0.00214638
-0.00960899
-0.00993965
0.00253838
0.00291619
-0.010242
0.00354211
-0.0108256
-0.0110928
0.00382368
-0.0113352
0.00402394
0.00428048
-0.0086491
-0.0058747
0.00435038
0.00440402
-0.00330928
0.00439886
-0.00152772
0.208839
0.245678
0.245678
0.208839
0.208839
0.212778
0.201775
0.208839
0.191383
0.208839
0.208839
0.168817
0.157141
0.208839
0.208839
0.145882
0.208839
0.121767
0.208839
0.109509
0.0978109
0.208839
0.208839
0.0716121
0.208839
0.0581559
0.0454717
0.208839
0.208839
0.0173047
0.208839
0.00328264
0.208839
-0.00818141
-0.0317515
0.208839
-0.0428387
0.208839
0.208839
-0.0502525
-0.0468025
0.208839
-0.0540134
0.208839
0.208839
-0.0630503
0.208839
-0.0760072
-0.082227
0.208839
-0.0831125
0.208839
-0.0850996
0.208839
-0.086341
0.208839
0.208839
-0.0869781
0.208839
-0.0665559
0.208839
-0.0692872
0.208839
-0.075685
0.208839
-0.0744231
-0.0716237
0.208839
-0.0689025
0.208839
-0.08033
0.208839
0.208839
-0.0749123
0.208839
-0.0667349
-0.059191
0.208839
-0.057389
0.208839
-0.0567097
0.208839
0.208839
-0.0565759
-0.0573502
0.208839
0.208839
-0.059196
-0.065033
0.208839
-0.0686594
0.208839
-0.0720142
0.208839
0.208839
-0.0797267
0.208839
-0.0821781
0.208839
-0.082861
0.208839
-0.0847563
-0.0856937
0.208839
0.208839
-0.0861579
0.208839
-0.0866942
-0.0868674
0.208839
0.208839
-0.089951
-0.0900091
0.208839
-0.0888939
0.208839
0.208839
-0.088375
-0.0888981
0.208839
0.208839
-0.088859
-0.0884176
0.208839
-0.0826232
0.208839
-0.0790321
0.208839
0.208839
-0.0758807
-0.0680558
0.208839
-0.0646371
0.208839
-0.0622914
0.208839
0.208839
-0.0731071
-0.0689934
0.208839
-0.0629266
0.208839
0.208839
-0.0584474
0.208839
-0.0580218
0.208839
-0.0586687
0.208839
-0.0616771
-0.064163
0.208839
0.208839
-0.0672814
-0.0755935
0.208839
-0.0780367
0.206302
-0.0787289
0.195307
-0.0812395
0.190783
-0.0821518
0.180772
0.182683
-0.0828492
0.174513
-0.0844311
-0.0850378
0.159627
-0.0852501
0.143739
0.109844
-0.0855664
-0.0856646
0.0910492
-0.0856758
0.0727635
-0.0857448
0.0340942
-0.0856657
0.0158229
-0.0856705
0.00136988
-0.0278328
-0.0840464
-0.0819225
-0.0398362
-0.0474586
-0.0792199
-0.0623005
-0.072176
-0.0679702
-0.0687122
-0.0658991
-0.0710188
-0.0773534
-0.0597762
-0.0797229
-0.0572837
-0.055601
-0.0809617
-0.0530638
-0.0833543
-0.0524137
-0.0842565
-0.0526514
-0.0847584
-0.0548415
-0.0855985
-0.0565786
-0.085812
-0.0858422
-0.0589123
-0.0857575
-0.065839
-0.0686555
-0.085649
-0.0854781
-0.0705567
-0.0850477
-0.0743211
-0.0847953
-0.0759579
-0.0770173
-0.0845309
-0.0788679
-0.0838891
-0.0795715
-0.083541
-0.0800232
-0.0832069
-0.080909
-0.0824812
-0.0812532
-0.0821127
-0.081782
-0.0814298
-0.0817255
-0.0809605
-0.0805278
-0.0818188
-0.0817992
-0.0801219
-0.0792032
-0.0814832
-0.0787328
-0.0807162
-0.0782947
-0.0792878
-0.0744106
-0.077331
-0.0716667
-0.076845
-0.0763919
-0.0690579
-0.0753943
-0.0631686
-0.0748871
-0.0604901
-0.0744178
-0.0583557
-0.0746468
-0.0545733
-0.0723146
-0.0532346
-0.0525814
-0.0711114
-0.052381
-0.073157
-0.0730679
-0.05311
-0.0731488
-0.0541451
-0.0575237
-0.0707765
-0.0714014
-0.0598736
-0.0706134
-0.0618514
-0.0685661
-0.0649004
-0.0696409
-0.0661307
-0.0681207
-0.0670818
-0.0667579
-0.0689753
-0.0663058
-0.0697263
-0.0658222
-0.070265
-0.0645066
-0.0711917
-0.0641357
-0.0715435
-0.0717527
-0.0637098
-0.0720552
-0.0624153
-0.0619508
-0.072151
-0.0721677
-0.0614807
-0.0606789
-0.0721423
-0.0600908
-0.0719639
-0.0715075
-0.0592596
-0.0688884
-0.0581374
-0.0671733
-0.05778
-0.0571773
-0.065349
-0.0556895
-0.0609456
-0.0561121
-0.0587758
-0.0563133
-0.0568391
-0.0553446
-0.0530454
-0.0542638
-0.0514716
-0.0547169
-0.0502833
-0.0486092
-0.0542039
-0.0539596
-0.0482244
-0.053205
-0.0482903
-0.0492063
-0.0512785
-0.0506478
-0.050081
-0.0499582
-0.0512323
-0.0500302
-0.053181
-0.0491935
-0.0539617
-0.0483412
-0.054581
-0.0556921
-0.0473262
-0.0463133
-0.0561307
-0.0564859
-0.0455402
-0.0440614
-0.0571119
-0.0573268
-0.0432153
-0.0574526
-0.0423143
-0.0407463
-0.0575896
-0.0398141
-0.0575921
-0.0575455
-0.0388782
-0.0371369
-0.0573506
-0.0362242
-0.0572008
-0.0353805
-0.0570365
-0.0558413
-0.0336108
-0.0327044
-0.0549209
-0.0538446
-0.0318166
-0.0511165
-0.0300668
-0.0291728
-0.0496701
-0.0282977
-0.0482821
-0.0275793
-0.0454011
-0.0271685
-0.0440833
-0.0270406
-0.0429442
-0.0409893
-0.0271481
-0.0267919
-0.04022
-0.0258825
-0.0397519
-0.0247242
-0.0391143
-0.0244206
-0.0390621
-0.0235863
-0.0392229
-0.0229984
-0.0396993
-0.0221504
-0.039848
-0.0399362
-0.0212971
-0.0401098
-0.0207603
-0.0201816
-0.040077
-0.0202178
-0.0398753
-0.019681
-0.0397386
-0.0395097
-0.0190899
-0.0392394
-0.0191412
-0.0191067
-0.0389244
-0.0386067
-0.018872
-0.0180493
-0.0381673
-0.0375001
-0.0164477
-0.0372258
-0.015691
-0.014977
-0.0367988
-0.0135727
-0.0357749
-0.0352265
-0.0128871
-0.0122651
-0.0345212
-0.0327827
-0.011048
-0.03182
-0.0104872
-0.00996214
-0.0309994
-0.00896689
-0.0291835
-0.00850576
-0.02832
-0.0275386
-0.0080728
-0.00726413
-0.025932
-0.0252052
-0.00690266
-0.024564
-0.00659158
-0.0233739
-0.00609589
-0.00587435
-0.022784
-0.0222326
-0.0057136
-0.00543282
-0.0212705
-0.0207291
-0.00534006
-0.00526728
-0.0201829
-0.00518694
-0.0190816
-0.0184673
-0.00519164
-0.00521088
-0.0178524
-0.00538132
-0.0165345
-0.00547783
-0.0158612
-0.0151919
-0.00558429
-0.0138294
-0.00581536
-0.00593846
-0.0131279
-0.00606359
-0.0124708
-0.0110644
-0.0063327
-0.0103703
-0.00647616
-0.0066169
-0.00971799
-0.00691833
-0.00831869
-0.00766638
-0.00706854
-0.00706337
-0.0071996
-0.00743379
-0.0059526
-0.00753315
-0.0054544
-0.00500769
-0.00761683
-0.00417796
-0.00776017
-0.00781629
-0.00379482
-0.00785986
-0.00343979
-0.00272774
-0.00790488
-0.00791204
-0.00237529
-0.00202774
-0.0078819
-0.00781027
-0.00127224
-0.000862655
-0.00780965
-0.000439777
-0.00781297
0.000424384
-0.00760273
0.000864398
-0.00750891
0.00125283
-0.00737258
0.00190994
-0.0072431
0.00219902
-0.00711423
-0.00691628
0.00243707
0.00288833
-0.00651839
0.00305303
-0.0062858
0.00317802
-0.00602165
-0.00538346
0.00335537
-0.00503836
0.00334526
0.00333433
-0.00468487
-0.00384438
0.0031553
-0.00340792
0.00303568
0.00287058
-0.00295603
-0.00197053
0.00248882
-0.00147098
0.00225243
-0.000930008
0.00199179
0.000310003
0.00147833
0.00103745
0.00120145
0.000949284
0.00171192
0.00318829
0.000501734
0.000294893
0.00394014
0.00468186
0.000107662
-0.000257893
0.00639353
0.00608902
-0.000438516
-0.000615334
0.00570913
0.00748919
-0.00103024
-0.00125899
0.00721057
0.00679943
-0.00150452
0.00890632
-0.00209108
-0.00242827
0.00845127
0.00806085
-0.0027852
-0.00354017
0.00980088
0.00981345
-0.00388121
0.0110836
-0.00418946
-0.0047841
0.0134733
-0.00505635
0.0147375
0.0158329
-0.00530222
-0.00576847
0.0184781
-0.00599686
0.0197026
0.0210709
-0.00617492
0.0240311
-0.00647382
-0.00658402
0.0257663
0.027218
-0.00665727
0.0308485
-0.00676494
0.032578
-0.00676604
-0.00678274
0.0345637
0.0384464
-0.00663057
-0.00653257
0.0406594
0.0427524
-0.0064384
-0.00611625
0.0475001
-0.00591764
0.0501793
-0.00572433
0.0525765
-0.00533888
0.0581528
-0.00512592
0.0611452
-0.00493253
0.0642866
-0.00449273
0.0708059
-0.00426734
0.0742409
-0.00404422
0.0774499
0.0849605
-0.00348577
-0.00319382
0.0877502
0.087732
-0.00287551
0.0874398
-0.00206774
-0.0016614
0.0933403
-0.00125595
0.0904531
0.0928235
-0.00023268
0.0938451
0.000336123
0.096279
0.000974194
0.104529
0.00221996
0.101391
0.00296268
0.1091
0.00364193
0.00516699
0.109579
0.00593869
0.115674
0.00665237
0.115925
0.126164
0.00848613
0.129732
0.00945158
0.134942
0.0105444
0.146295
0.0125463
0.0136237
0.151984
0.0144043
0.157308
0.168297
0.0160403
0.0166623
0.174172
0.0171411
0.18001
0.192139
0.0180571
0.0186282
0.198724
0.204657
0.0192663
0.0202252
0.215837
0.0210208
0.213805
0.211843
0.0217522
0.212855
0.0235101
0.212805
0.0248669
0.0260559
0.21239
0.0295465
0.212365
0.0314375
0.212404
0.212344
0.0334003
0.0376278
0.21236
0.0400789
0.214518
0.220403
0.0422417
0.221162
0.0472241
0.0501336
0.220068
0.0526399
0.220664
0.220519
0.0586195
0.0615638
0.220344
0.064977
0.220372
0.232283
0.0717182
0.237752
0.0751078
0.23798
0.0788995
0.0865187
0.239685
0.0904981
0.245171
0.0945258
0.250407
0.101193
0.260013
0.104086
0.2583
0.265601
0.107224
0.112556
0.273409
0.114704
0.276662
0.276779
0.11717
0.121818
0.275828
0.275932
0.124727
0.275626
0.127089
0.133477
0.283006
0.137357
0.28666
0.286848
0.140995
0.150159
0.285214
0.155152
0.285115
0.290171
0.16039
0.296049
0.17167
0.297613
0.176911
0.182319
0.299033
0.298493
0.192886
0.298024
0.198312
0.203734
0.300394
0.301988
0.213953
0.218704
0.301707
0.30102
0.223378
0.298201
0.232668
0.296213
0.237245
0.293819
0.241452
0.287283
0.248953
0.252288
0.284658
0.28471
0.255454
0.275229
0.260072
0.269942
0.261545
0.264236
0.262328
0.251145
0.262546
0.243849
0.262122
0.2363
0.261371
0.25898
0.236483
0.257273
0.234231
0.25521
0.225821
0.2133
0.250466
0.247806
0.213417
0.245016
0.213408
0.19429
0.238713
0.183757
0.235134
0.231259
0.17418
0.222465
0.153233
0.217597
0.142333
0.132072
0.212498
0.110594
0.201084
0.194887
0.0999686
0.0900293
0.188562
0.174972
0.0696559
0.167752
0.0599252
0.0512343
0.160586
0.0335336
0.145264
0.0252667
0.137411
0.129742
0.0180303
0.113725
0.0038378
0.10569
-0.00255789
0.0980091
-0.00797626
0.0825798
-0.0185784
-0.0232865
0.0753895
-0.0271517
0.0689788
-0.0347582
0.0566061
-0.0380412
0.0509599
0.0459896
-0.0406791
0.0363886
-0.0457591
-0.0479458
0.0319611
0.0280259
-0.0496797
-0.0530693
0.0198921
-0.0545086
0.0160068
-0.0556401
0.0122967
0.00429724
-0.0577579
-0.0586637
0.000154941
-0.0593639
-0.00387431
-0.0123551
-0.060618
-0.0162183
-0.0610927
-0.0195208
-0.0614422
-0.0258947
-0.0620746
-0.0623068
-0.028745
-0.0311702
-0.0624652
-0.0358863
-0.0627352
-0.0379521
-0.0628412
-0.0397176
-0.0629121
-0.0430604
-0.0629487
-0.044489
-0.0629295
-0.0629103
-0.0456532
-0.0630734
-0.0478514
-0.0615377
-0.0487841
-0.0609709
-0.0495507
-0.0629636
-0.0508789
-0.0512207
-0.0626201
-0.0511489
-0.0623135
-0.0623816
-0.0500218
-0.0491564
-0.062219
-0.0620185
-0.0481773
-0.0621582
-0.0457806
-0.044587
-0.0607097
-0.0600461
-0.0434978
-0.0415002
-0.0617698
-0.0616965
-0.040704
-0.0617555
-0.0401544
-0.0395648
-0.0583896
-0.0603492
-0.0396505
-0.0398869
-0.0620446
-0.0618828
-0.0409868
-0.0588165
-0.0418699
-0.0611333
-0.0426358
-0.0594603
-0.0438672
-0.0444353
-0.0596663
-0.0598507
-0.0449482
-0.0592272
-0.0459986
-0.046453
-0.0589551
-0.0589825
-0.0468593
-0.0477068
-0.0590171
-0.0480571
-0.059008
-0.0589927
-0.0483284
-0.0488207
-0.0590879
-0.0591463
-0.0490269
-0.0491812
-0.0591834
-0.0593004
-0.0495377
-0.0496275
-0.0593877
-0.0495979
-0.0594906
-0.048682
-0.0596816
-0.0597245
-0.0479366
-0.0470566
-0.0597898
-0.0448293
-0.0600046
-0.060093
-0.0436645
-0.0425759
-0.0602385
-0.0404511
-0.0605785
-0.0607519
-0.0395406
-0.0388193
-0.060912
-0.0613008
-0.0378111
-0.0615045
-0.0375576
-0.0616993
-0.0375736
-0.062151
-0.0381243
-0.0624251
-0.0387024
-0.0394923
-0.0626436
-0.0409615
-0.0631358
-0.0634504
-0.0416268
-0.0637317
-0.042354
-0.0642558
-0.0438767
-0.064527
-0.0445691
-0.0647238
-0.0452928
-0.0468006
-0.0653284
-0.0656136
-0.0474617
-0.0658111
-0.0480141
-0.0665718
-0.0492408
-0.0669401
-0.0498449
-0.0503832
-0.0672381
-0.0517003
-0.0680016
-0.0523496
-0.068333
-0.0686646
-0.052914
-0.069173
-0.0530886
-0.0527123
-0.0693802
-0.0696198
-0.0520906
-0.0701905
-0.0500432
-0.0488613
-0.070575
-0.0708717
-0.0476872
-0.0451888
-0.0714854
-0.0717889
-0.0440621
-0.0431357
-0.0720976
-0.0728894
-0.0417518
-0.0732119
-0.0413248
-0.0734271
-0.0413619
-0.0421034
-0.0737628
-0.0429262
-0.0738453
-0.0739994
-0.0441656
-0.0744939
-0.0473256
-0.04872
-0.0747498
-0.0499448
-0.0749241
-0.0525833
-0.0752619
-0.0754262
-0.0538377
-0.0550071
-0.0755768
-0.0574325
-0.0761645
-0.0763467
-0.058524
-0.0764845
-0.0596194
-0.0766273
-0.0616992
-0.0625883
-0.0766346
-0.0633117
-0.0765928
-0.0766699
-0.0649449
-0.0657029
-0.0767128
-0.0768158
-0.0664363
-0.0672979
-0.0769115
-0.0669644
-0.0769291
-0.0660415
-0.0768946
-0.0628456
-0.0769587
-0.0771021
-0.0609637
-0.0591312
-0.0771927
-0.0772029
-0.0550501
-0.053204
-0.0800821
-0.080619
-0.0517124
-0.0774724
-0.0492763
-0.0745245
-0.0484225
-0.0481864
-0.078332
-0.0777734
-0.0489473
-0.0497543
-0.0787934
-0.0786537
-0.0510055
-0.0779719
-0.0550381
-0.0778519
-0.0572505
-0.0775932
-0.0588954
-0.0623161
-0.0770164
-0.0638885
-0.0767729
-0.0651336
-0.0766144
-0.0679055
-0.0762684
-0.0690845
-0.0760916
-0.0699374
-0.0758986
-0.0715246
-0.0755248
-0.0721278
-0.0753181
-0.0751082
-0.0726414
-0.0737967
-0.074601
-0.0743695
-0.0743017
-0.0746607
-0.0741383
-0.0751623
-0.0737066
-0.0734797
-0.0749061
-0.0740031
-0.0732627
-0.0728014
-0.0703224
-0.0727463
-0.068115
-0.0659208
-0.0728365
-0.0677328
-0.0608694
-0.0723601
-0.0585093
-0.068401
-0.056565
-0.0706667
-0.0530188
-0.0639631
-0.0517125
-0.0509803
-0.0626584
-0.050559
-0.0629406
-0.0511209
-0.0621221
-0.051973
-0.064472
-0.0554892
-0.0549627
-0.0596053
-0.0570631
-0.0569361
-0.0591352
-0.0568893
-0.0622499
-0.0595398
-0.0635314
-0.0645578
-0.060397
-0.066736
-0.0605962
-0.0676544
-0.0609699
-0.0614866
-0.0683427
-0.0627162
-0.0696261
-0.0628601
-0.0701342
-0.0628853
-0.0704892
-0.0630861
-0.0710791
-0.0631468
-0.0713123
-0.0714522
-0.063136
-0.0717372
-0.0630095
-0.0629029
-0.0716829
-0.0712827
-0.0627744
-0.0624355
-0.0687523
-0.0670532
-0.0622324
-0.0652446
-0.062016
-0.0608684
-0.0615679
-0.0613222
-0.0586909
-0.0610783
-0.0567654
-0.0605108
-0.0529958
-0.0602394
-0.0514488
-0.0503041
-0.059981
-0.0593641
-0.0487591
-0.0484493
-0.0590243
-0.0486419
-0.0586878
-0.0498328
-0.0579412
-0.0508751
-0.0575519
-0.052212
-0.0571723
-0.0545828
-0.0563346
-0.055909
-0.0555353
-0.0555022
-0.0562791
-0.0546157
-0.0577262
-0.0541616
-0.058348
-0.0537246
-0.0588593
-0.059771
-0.0528075
-0.0601024
-0.0523361
-0.0518769
-0.0603287
-0.0606877
-0.0508803
-0.0607958
-0.0503694
-0.0608442
-0.0498745
-0.0608385
-0.0488159
-0.0482774
-0.0608138
-0.0607556
-0.0478497
-0.0467136
-0.0596379
-0.0586769
-0.0460167
-0.0575194
-0.0455233
-0.0443598
-0.0545285
-0.052946
-0.0436353
-0.0430676
-0.0514359
-0.041943
-0.0482837
-0.046856
-0.041274
-0.0456574
-0.040544
-0.0393504
-0.0436407
-0.038668
-0.0428833
-0.0379788
-0.0424937
-0.0421171
-0.0365699
-0.0422564
-0.035928
-0.0426466
-0.0352186
-0.04377
-0.0336398
-0.0329118
-0.04415
-0.0444377
-0.0321396
-0.0306166
-0.0449503
-0.0451427
-0.029809
-0.0452784
-0.0289942
-0.0273567
-0.0454565
-0.045499
-0.026546
-0.0454997
-0.0257272
-0.0240313
-0.0453916
-0.023182
-0.045286
-0.0223187
-0.0451508
-0.0205392
-0.0447882
-0.0445687
-0.0196251
-0.0443346
-0.0187145
-0.0169439
-0.0437297
-0.0160337
-0.0431452
-0.0423104
-0.0151571
-0.0133981
-0.0405573
-0.0395578
-0.0124938
-0.0116469
-0.0385566
-0.00989871
-0.0364509
-0.035418
-0.00903684
-0.00822812
-0.0344707
-0.0325921
-0.00657366
-0.0318188
-0.00577216
-0.0312125
-0.0050157
-0.00351161
-0.0302245
-0.0298071
-0.0027905
-0.0294814
-0.00211314
-0.0289493
-0.000774721
-0.000149515
-0.0288227
-0.0285532
0.000428144
-0.0279013
0.00150762
0.00199875
-0.0276695
-0.0273063
0.00242248
-0.0264008
0.00321294
-0.0259812
0.00354754
0.00384254
-0.0255017
-0.024533
0.00436492
-0.023979
0.00456413
0.00471916
-0.0234156
0.00486344
-0.0222968
-0.021682
0.00488867
0.00484126
-0.0210665
0.00468974
-0.0198054
-0.0191272
0.00453487
-0.0184435
0.00437432
-0.0170588
0.00396206
0.003696
-0.0163626
-0.0157031
0.00338668
0.00264378
-0.0144148
0.00225463
-0.0138059
0.00185409
-0.0132254
0.00101115
-0.0120656
0.000556719
-0.0114615
-0.0109157
0.000128021
-0.000796374
-0.00977619
-0.0091676
-0.00127001
-0.00173985
-0.00857131
-0.00276751
-0.007251
-0.00326529
-0.00656976
-0.00374143
-0.00586452
-0.00451113
-0.00469393
-0.00384933
-0.00516219
-0.00560004
-0.00321583
-0.00648385
-0.00196135
-0.0069159
-0.00136299
-0.000802569
-0.00732177
-0.00815985
0.000299044
-0.00856268
0.000821232
-0.00892812
0.00130302
-0.00964322
0.00221489
-0.00997211
0.00261366
-0.010273
0.0029837
-0.0108533
0.00361205
0.00387276
-0.0111194
-0.0113606
0.00406679
-0.00867248
0.00435352
-0.005897
0.00443387
0.00446627
-0.00332982
0.00130927
0.00444441
0.000885472
0.00442616
0.000886823
0.00436409
0.00421196
0.000888075
0.0041188
0.000859723
0.00297174
0.00401135
0.00920095
0.00380184
-0.64499
0.00366282
0.00353999
0.00870006
0.00321645
0.00354598
0.00301075
0.00278739
0.00221348
0.00190215
0.00155156
0.000713484
0.000281027
-0.00014573
-0.0010419
-0.00150197
-0.00194509
-0.00288274
-0.00335931
-0.00382727
-0.00484703
-0.00533872
-0.00580635
-0.0065997
-0.00690937
-0.00714862
-0.00747505
-0.00758056
-0.00765306
-1.07066
-0.00774762
-0.00778688
-0.00782723
-0.981514
-0.00797647
-0.00808475
-0.00823961
-0.843206
-0.00868335
-0.00894232
-0.00924089
-0.00995852
-0.010279
-0.0105683
-0.0111268
-0.0113842
-0.00846211
-0.00599189
-0.00347199
-0.00400516
0.00339072
0.00271239
0.00441607
0.00806162
0.00965553
0.0135324
0.0136643
-0.723527
-1.29145
-1.27461
-1.22978
-1.24971
-1.15212
-1.07585
-1.00147
-1.09063
-0.998474
-0.852808
-0.920437
-0.778606
-0.714272
-0.85531
-0.710108
-0.58548
-0.475511
-0.595339
-0.499179
-0.383268
-0.383939
-0.271363
-0.240911
-0.350691
-0.220283
-0.326277
-0.193208
-0.296937
-0.183944
-0.286132
-0.27749
-0.176574
-0.263956
-0.165122
-0.258436
-0.160479
-0.156349
-0.253514
-0.148951
-0.244658
-0.145623
-0.24067
-0.236899
-0.142477
-0.136687
-0.229927
-0.22681
-0.134096
-0.223916
-0.131688
-0.12763
-0.219037
-0.217164
-0.126061
-0.215595
-0.124743
-0.122688
-0.21315
-0.121885
-0.212196
-0.211384
-0.121201
-0.21011
-0.120127
-0.119707
-0.209612
-0.209189
-0.119352
-0.208524
-0.118792
-0.208263
-0.118575
-0.118393
-0.208041
-0.207699
-0.118113
-0.117997
-0.207561
-0.207443
-0.117902
-0.207246
-0.117729
-0.207154
-0.117649
-0.207094
-0.117601
-0.206974
-0.117496
-0.206928
-0.117455
-0.206895
-0.117429
-0.117372
-0.206829
-0.117347
-0.206799
-0.206772
-0.117325
-0.117288
-0.206724
-0.206706
-0.117271
-0.206685
-0.117254
-0.117233
-0.206656
-0.117226
-0.206635
-0.206608
-0.117211
-0.117173
-0.206521
-0.206457
-0.117142
-0.20638
-0.117103
-0.117009
-0.206182
-0.116978
-0.206108
-0.206089
-0.11697
-0.206092
-0.116956
-0.116948
-0.206101
-0.116942
-0.206112
-0.116929
-0.206135
-0.116922
-0.206146
-0.206156
-0.116919
-0.20618
-0.116908
-0.206191
-0.116905
-0.116901
-0.206206
-0.116895
-0.20623
-0.116895
-0.206245
-0.116893
-0.206257
-0.116891
-0.206288
-0.116891
-0.206304
-0.206318
-0.116887
-0.206348
-0.116888
-0.206361
-0.116887
-0.116885
-0.20637
-0.20637
-0.116882
-0.116882
-0.206369
-0.206372
-0.116879
-0.116876
-0.206372
-0.206374
-0.116874
-0.116872
-0.206379
-0.20639
-0.116869
-0.116869
-0.206396
-0.206405
-0.116866
-0.116864
-0.206421
-0.116864
-0.20643
-0.116861
-0.206437
-0.206451
-0.11686
-0.116858
-0.206457
-0.116857
-0.206461
-0.116855
-0.206472
-0.116855
-0.206477
-0.206482
-0.116853
-0.116848
-0.206489
-0.116848
-0.206493
-0.116847
-0.206499
-0.206499
-0.116844
-0.116843
-0.206502
-0.116842
-0.206502
-0.116839
-0.206502
-0.116837
-0.2065
-0.116835
-0.206494
-0.116832
-0.206471
-0.116832
-0.206457
-0.116829
-0.206443
-0.116826
-0.206414
-0.116826
-0.206403
-0.206398
-0.116824
-0.116819
-0.206392
-0.116819
-0.206395
-0.116816
-0.2064
-0.116815
-0.206425
-0.116812
-0.206442
-0.116809
-0.20646
-0.116807
-0.206476
-0.116806
-0.20648
-0.116805
-0.206483
-0.116802
-0.206488
-0.20649
-0.116802
-0.206491
-0.116799
-0.116798
-0.206493
-0.116796
-0.206495
-0.206496
-0.116795
-0.206499
-0.116792
-0.116791
-0.206498
-0.116788
-0.206499
-0.2065
-0.116785
-0.116785
-0.2065
-0.206502
-0.116784
-0.206497
-0.116781
-0.116779
-0.206492
-0.20648
-0.116779
-0.206457
-0.116775
-0.206443
-0.116776
-0.206428
-0.116773
-0.116769
-0.206404
-0.206393
-0.11677
-0.116767
-0.206376
-0.116763
-0.206348
-0.206342
-0.116763
-0.20634
-0.116762
-0.116759
-0.206356
-0.20637
-0.116755
-0.206385
-0.116754
-0.206421
-0.116751
-0.206435
-0.116748
-0.116749
-0.206445
-0.116745
-0.206458
-0.206462
-0.116744
-0.116741
-0.206464
-0.11674
-0.206465
-0.206466
-0.116739
-0.116738
-0.206466
-0.116734
-0.206463
-0.116733
-0.206463
-0.116731
-0.206463
-0.116729
-0.20646
-0.116728
-0.20646
-0.206461
-0.116727
-0.116724
-0.206457
-0.206448
-0.116723
-0.206443
-0.116719
-0.116717
-0.206417
-0.206405
-0.116717
-0.116715
-0.206391
-0.206366
-0.11671
-0.116711
-0.206355
-0.116711
-0.206343
-0.116708
-0.206314
-0.116705
-0.206295
-0.116704
-0.206283
-0.206285
-0.1167
-0.206294
-0.116697
-0.116697
-0.206305
-0.116693
-0.206342
-0.206355
-0.116693
-0.11669
-0.20637
-0.116686
-0.206387
-0.116686
-0.206396
-0.116685
-0.206399
-0.206404
-0.116682
-0.116681
-0.206407
-0.206406
-0.116679
-0.206409
-0.116676
-0.116675
-0.20641
-0.206406
-0.116674
-0.116671
-0.206406
-0.116668
-0.206404
-0.116669
-0.206403
-0.2064
-0.116664
-0.116664
-0.206397
-0.206391
-0.116662
-0.11666
-0.206368
-0.116658
-0.206357
-0.116657
-0.206343
-0.206317
-0.116654
-0.116652
-0.206306
-0.116651
-0.206294
-0.206268
-0.116648
-0.116646
-0.206252
-0.116645
-0.206235
-0.116642
-0.206216
-0.116641
-0.206222
-0.116638
-0.206229
-0.116635
-0.20626
-0.206276
-0.116634
-0.116633
-0.206292
-0.206315
-0.11663
-0.116627
-0.206324
-0.116626
-0.206328
-0.116623
-0.206338
-0.11662
-0.206341
-0.11662
-0.206342
-0.206344
-0.116617
-0.206343
-0.116617
-0.116615
-0.206343
-0.206343
-0.116613
-0.116612
-0.206341
-0.116609
-0.206339
-0.116607
-0.206337
-0.206337
-0.116605
-0.116605
-0.206335
-0.206318
-0.116601
-0.116598
-0.206307
-0.116598
-0.206294
-0.116596
-0.206266
-0.116596
-0.206254
-0.206243
-0.116593
-0.206219
-0.116591
-0.206206
-0.116588
-0.206191
-0.116587
-0.206159
-0.116584
-0.116583
-0.206156
-0.116579
-0.206155
-0.116576
-0.206179
-0.116576
-0.206197
-0.116575
-0.206214
-0.206242
-0.116572
-0.11657
-0.206254
-0.206262
-0.116568
-0.116564
-0.206271
-0.116564
-0.206274
-0.116561
-0.206279
-0.116558
-0.206281
-0.20628
-0.116557
-0.116557
-0.206281
-0.116554
-0.206278
-0.116552
-0.206278
-0.11655
-0.206278
-0.116547
-0.206275
-0.116547
-0.206274
-0.206272
-0.116547
-0.206264
-0.116542
-0.116539
-0.206254
-0.206243
-0.11654
-0.116537
-0.206217
-0.206203
-0.116535
-0.116534
-0.206193
-0.116531
-0.206169
-0.116531
-0.206157
-0.116529
-0.206142
-0.116525
-0.206111
-0.116524
-0.206094
-0.116522
-0.206089
-0.116517
-0.206101
-0.116516
-0.206115
-0.116514
-0.206129
-0.116513
-0.206165
-0.11651
-0.206176
-0.206187
-0.11651
-0.116505
-0.206201
-0.116505
-0.206207
-0.116502
-0.20621
-0.116499
-0.206214
-0.116499
-0.206215
-0.116497
-0.206215
-0.116495
-0.206216
-0.116492
-0.206214
-0.116492
-0.206215
-0.116488
-0.206213
-0.116488
-0.206211
-0.116485
-0.206211
-0.116484
-0.206205
-0.206198
-0.116481
-0.206191
-0.11648
-0.116478
-0.206169
-0.206155
-0.116475
-0.206141
-0.116475
-0.116473
-0.206118
-0.116472
-0.206106
-0.116471
-0.206094
-0.206065
-0.116466
-0.116466
-0.206046
-0.116463
-0.206032
-0.206029
-0.116459
-0.116458
-0.206037
-0.116455
-0.206049
-0.206084
-0.116455
-0.116452
-0.206099
-0.206112
-0.11645
-0.116447
-0.206132
-0.116447
-0.206138
-0.116444
-0.206141
-0.206149
-0.11644
-0.116439
-0.20615
-0.206152
-0.116437
-0.116436
-0.206152
-0.206152
-0.116434
-0.206151
-0.116432
-0.116429
-0.206149
-0.206148
-0.116429
-0.116426
-0.206148
-0.116422
-0.206145
-0.116422
-0.206141
-0.116419
-0.206138
-0.11642
-0.206117
-0.116417
-0.206105
-0.116416
-0.206091
-0.116413
-0.206065
-0.116413
-0.206054
-0.206043
-0.11641
-0.116408
-0.206017
-0.116405
-0.206003
-0.116404
-0.205986
-0.116401
-0.205963
-0.116399
-0.205963
-0.116397
-0.205971
-0.206001
-0.116393
-0.116393
-0.206017
-0.11639
-0.206033
-0.116389
-0.206059
-0.116386
-0.206066
-0.116386
-0.206073
-0.116382
-0.206081
-0.116381
-0.206083
-0.116379
-0.206086
-0.116374
-0.206086
-0.206089
-0.116374
-0.116373
-0.206086
-0.116371
-0.206086
-0.116369
-0.206086
-0.116368
-0.206083
-0.116364
-0.206083
-0.20608
-0.116363
-0.116363
-0.20608
-0.206065
-0.116361
-0.116359
-0.206054
-0.116357
-0.206043
-0.206015
-0.116355
-0.116352
-0.206002
-0.116352
-0.205991
-0.205967
-0.116349
-0.116347
-0.205953
-0.116347
-0.205939
-0.116342
-0.205909
-0.2059
-0.116339
-0.116338
-0.2059
-0.116335
-0.20592
-0.116334
-0.205936
-0.116332
-0.20595
-0.116328
-0.205982
-0.116327
-0.205993
-0.116328
-0.206002
-0.116323
-0.206015
-0.11632
-0.206018
-0.11632
-0.20602
-0.116317
-0.206023
-0.116316
-0.206023
-0.116316
-0.206023
-0.206023
-0.116312
-0.11631
-0.206022
-0.116309
-0.206023
-0.116306
-0.20602
-0.116306
-0.206018
-0.116303
-0.206016
-0.116299
-0.206009
-0.206
-0.116298
-0.116298
-0.205992
-0.116295
-0.205966
-0.116293
-0.205951
-0.116292
-0.20594
-0.116289
-0.205917
-0.205904
-0.116287
-0.205892
-0.116287
-0.116284
-0.20586
-0.116281
-0.205844
-0.11628
-0.205837
-0.205842
-0.116277
-0.205856
-0.116274
-0.205868
-0.116273
-0.116269
-0.205905
-0.116267
-0.205917
-0.205929
-0.116266
-0.116262
-0.205944
-0.116262
-0.20595
-0.205954
-0.11626
-0.116258
-0.205958
-0.116257
-0.205957
-0.205959
-0.116255
-0.205959
-0.116252
-0.205959
-0.116251
-0.205959
-0.11625
-0.116247
-0.205956
-0.116245
-0.205956
-0.116244
-0.205954
-0.116241
-0.20595
-0.11624
-0.205944
-0.116237
-0.205938
-0.116234
-0.205914
-0.116233
-0.205901
-0.116231
-0.205888
-0.116231
-0.205864
-0.116228
-0.205851
-0.116226
-0.205839
-0.116223
-0.205812
-0.116222
-0.205797
-0.11622
-0.205779
-0.116215
-0.205771
-0.205779
-0.116214
-0.116214
-0.205787
-0.11621
-0.205824
-0.205841
-0.116208
-0.205854
-0.116207
-0.116203
-0.205872
-0.116202
-0.205881
-0.116201
-0.205886
-0.116199
-0.205892
-0.205894
-0.116197
-0.205895
-0.116196
-0.205897
-0.116192
-0.205896
-0.11619
-0.205894
-0.116189
-0.205894
-0.116186
-0.205892
-0.116186
-0.205891
-0.116185
-0.116181
-0.205889
-0.205884
-0.116179
-0.205881
-0.116179
-0.116176
-0.205862
-0.20585
-0.116172
-0.205838
-0.116172
-0.205813
-0.116169
-0.116169
-0.2058
-0.20579
-0.116167
-0.205764
-0.116164
-0.205751
-0.116163
-0.205733
-0.116159
-0.116156
-0.205707
-0.205708
-0.116156
-0.205712
-0.116153
-0.116149
-0.205741
-0.205757
-0.116148
-0.116148
-0.205775
-0.205801
-0.116144
-0.205809
-0.116141
-0.205817
-0.116141
-0.205826
-0.116137
-0.116137
-0.205828
-0.116134
-0.205831
-0.116131
-0.205831
-0.205832
-0.116131
-0.20583
-0.11613
-0.205831
-0.116127
-0.20583
-0.116126
-0.116123
-0.20583
-0.205827
-0.116121
-0.11612
-0.205824
-0.205822
-0.11612
-0.116116
-0.20581
-0.205802
-0.116113
-0.205791
-0.116111
-0.205762
-0.11611
-0.20575
-0.116108
-0.205739
-0.116108
-0.116104
-0.205715
-0.205704
-0.116102
-0.116102
-0.205689
-0.116098
-0.205655
-0.116095
-0.205647
-0.205645
-0.116094
-0.116091
-0.20566
-0.205676
-0.116088
-0.20569
-0.116088
-0.205722
-0.116084
-0.205735
-0.116083
-0.205743
-0.11608
-0.205756
-0.116079
-0.205761
-0.116076
-0.205765
-0.116075
-0.116072
-0.205767
-0.11607
-0.205767
-0.116069
-0.205768
-0.116066
-0.205767
-0.116065
-0.205767
-0.205767
-0.116063
-0.116062
-0.205764
-0.205763
-0.116059
-0.116057
-0.205761
-0.116055
-0.205755
-0.205746
-0.116052
-0.205737
-0.116052
-0.205713
-0.116049
-0.205698
-0.116047
-0.116045
-0.205687
-0.205664
-0.116043
-0.116043
-0.205651
-0.116041
-0.205641
-0.116038
-0.205609
-0.116037
-0.205591
-0.116033
-0.20558
-0.205587
-0.116033
-0.11603
-0.205595
-0.116027
-0.205609
-0.205645
-0.116024
-0.205659
-0.116021
-0.20567
-0.116021
-0.116018
-0.205687
-0.205694
-0.116015
-0.116015
-0.205697
-0.116011
-0.205702
-0.205704
-0.11601
-0.205704
-0.116008
-0.116006
-0.205704
-0.116004
-0.205704
-0.205703
-0.116003
-0.205701
-0.116
-0.116
-0.205701
-0.115996
-0.205699
-0.205696
-0.115993
-0.205691
-0.115993
-0.205684
-0.115993
-0.11599
-0.205661
-0.115988
-0.205649
-0.205636
-0.115986
-0.115984
-0.205612
-0.205599
-0.115981
-0.205586
-0.115981
-0.115978
-0.20556
-0.115976
-0.205545
-0.205525
-0.115975
-0.115972
-0.205517
-0.115969
-0.20552
-0.205531
-0.115968
-0.115963
-0.205565
-0.11596
-0.205579
-0.115959
-0.205594
-0.115957
-0.205616
-0.205622
-0.115956
-0.205628
-0.115956
-0.11595
-0.205636
-0.205635
-0.115949
-0.205638
-0.115949
-0.205638
-0.115946
-0.115945
-0.205638
-0.115942
-0.205638
-0.115939
-0.205637
-0.115939
-0.205635
-0.205634
-0.115938
-0.205632
-0.115934
-0.115931
-0.20563
-0.205629
-0.115931
-0.115929
-0.205609
-0.115928
-0.205599
-0.205586
-0.115926
-0.115922
-0.20556
-0.115922
-0.205548
-0.205534
-0.115919
-0.205511
-0.115917
-0.115916
-0.205499
-0.115914
-0.205483
-0.115911
-0.205455
-0.205451
-0.11591
-0.205455
-0.115907
-0.205482
-0.115904
-0.205499
-0.115902
-0.205516
-0.115901
-0.115895
-0.205541
-0.205552
-0.115895
-0.115894
-0.205558
-0.11589
-0.205568
-0.205572
-0.11589
-0.115888
-0.205573
-0.115884
-0.205575
-0.205577
-0.115884
-0.11588
-0.205575
-0.205575
-0.11588
-0.115877
-0.205575
-0.205574
-0.115877
-0.205572
-0.115874
-0.205569
-0.115872
-0.205568
-0.11587
-0.205554
-0.115867
-0.115867
-0.205545
-0.205536
-0.115867
-0.115863
-0.205507
-0.205496
-0.11586
-0.11586
-0.205483
-0.115858
-0.205459
-0.115855
-0.205448
-0.205435
-0.115854
-0.115851
-0.205403
-0.205391
-0.115849
-0.115845
-0.205386
-0.115843
-0.205401
-0.115841
-0.205413
-0.11584
-0.205429
-0.205463
-0.115837
-0.115834
-0.205475
-0.115833
-0.205486
-0.115831
-0.205498
-0.115829
-0.205503
-0.115826
-0.205506
-0.115826
-0.205512
-0.115823
-0.205512
-0.115823
-0.205511
-0.115818
-0.205511
-0.205511
-0.115816
-0.115816
-0.205511
-0.115815
-0.205508
-0.205505
-0.115811
-0.205505
-0.115809
-0.115806
-0.205499
-0.115806
-0.20549
-0.115806
-0.205484
-0.115801
-0.205458
-0.205447
-0.1158
-0.115798
-0.205432
-0.115796
-0.205409
-0.115796
-0.205398
-0.115794
-0.205387
-0.115791
-0.205358
-0.115788
-0.205338
-0.205327
-0.115786
-0.115783
-0.205327
-0.115782
-0.205336
-0.205347
-0.115779
-0.115775
-0.205384
-0.205398
-0.115775
-0.205411
-0.115772
-0.115769
-0.205428
-0.115769
-0.205433
-0.205439
-0.115767
-0.115764
-0.205444
-0.115762
-0.205445
-0.115761
-0.205448
-0.115757
-0.205447
-0.115756
-0.205447
-0.115754
-0.205445
-0.115751
-0.205443
-0.205444
-0.115751
-0.115751
-0.205441
-0.115748
-0.205438
-0.205435
-0.115744
-0.115744
-0.205429
-0.115739
-0.205408
-0.205396
-0.115739
-0.115737
-0.205381
-0.115735
-0.205357
-0.115735
-0.205346
-0.115732
-0.205335
-0.115729
-0.205309
-0.205292
-0.115729
-0.205276
-0.115725
-0.115722
-0.20526
-0.11572
-0.205264
-0.205272
-0.115719
-0.205303
-0.115714
-0.115714
-0.20532
-0.205334
-0.115711
-0.205357
-0.115707
-0.115707
-0.205365
-0.115707
-0.205371
-0.205379
-0.115702
-0.205382
-0.115702
-0.1157
-0.205382
-0.205383
-0.115697
-0.115696
-0.205384
-0.205381
-0.115695
-0.115692
-0.205381
-0.20538
-0.115689
-0.115689
-0.205379
-0.115686
-0.205376
-0.115685
-0.205375
-0.115682
-0.205373
-0.115682
-0.205354
-0.205342
-0.115679
-0.115677
-0.205332
-0.115673
-0.205303
-0.115673
-0.205292
-0.115673
-0.205283
-0.115668
-0.205257
-0.115668
-0.205245
-0.115665
-0.205229
-0.115661
-0.205198
-0.11566
-0.205197
-0.115658
-0.205196
-0.205223
-0.115654
-0.205239
-0.115653
-0.115649
-0.205256
-0.115648
-0.205283
-0.115646
-0.205294
-0.115645
-0.2053
-0.115642
-0.20531
-0.205313
-0.115641
-0.115639
-0.205315
-0.115635
-0.205317
-0.115635
-0.205318
-0.115634
-0.205318
-0.115631
-0.205318
-0.115628
-0.205316
-0.115627
-0.205314
-0.115625
-0.205312
-0.115624
-0.205311
-0.20531
-0.115621
-0.115618
-0.205299
-0.115617
-0.20529
-0.20528
-0.115614
-0.205254
-0.115614
-0.11561
-0.205242
-0.205228
-0.115611
-0.115606
-0.205206
-0.205194
-0.115606
-0.115603
-0.205179
-0.115602
-0.205148
-0.115599
-0.205135
-0.115598
-0.20513
-0.115595
-0.205144
-0.115591
-0.205159
-0.205173
-0.11559
-0.115587
-0.205207
-0.115587
-0.205218
-0.115584
-0.205229
-0.11558
-0.205243
-0.205246
-0.115579
-0.115576
-0.20525
-0.205254
-0.115576
-0.115574
-0.205255
-0.115573
-0.205255
-0.115569
-0.205253
-0.115569
-0.205253
-0.115567
-0.205253
-0.115563
-0.205251
-0.115562
-0.205248
-0.115562
-0.205248
-0.205242
-0.115559
-0.115555
-0.205236
-0.115553
-0.205228
-0.115553
-0.205202
-0.205191
-0.11555
-0.205176
-0.115547
-0.115546
-0.205153
-0.115543
-0.205142
-0.205131
-0.115544
-0.11554
-0.205103
-0.205085
-0.115538
-0.20507
-0.115537
-0.115534
-0.205069
-0.20508
-0.115531
-0.205089
-0.11553
-0.115525
-0.205124
-0.115523
-0.205141
-0.115522
-0.205154
-0.115519
-0.20517
-0.115518
-0.205177
-0.205182
-0.115515
-0.115514
-0.205188
-0.205188
-0.115511
-0.115511
-0.20519
-0.115508
-0.20519
-0.115505
-0.205189
-0.115504
-0.205189
-0.115501
-0.205187
-0.115501
-0.205187
-0.115498
-0.205185
-0.115495
-0.205182
-0.115493
-0.205178
-0.205173
-0.115491
-0.205149
-0.115491
-0.115488
-0.205138
-0.205123
-0.115488
-0.115484
-0.2051
-0.115483
-0.205089
-0.115482
-0.205077
-0.115479
-0.205049
-0.115476
-0.205035
-0.115476
-0.205018
-0.115472
-0.205004
-0.205007
-0.115472
-0.115468
-0.205014
-0.115465
-0.205046
-0.115464
-0.205062
-0.115461
-0.205077
-0.115459
-0.2051
-0.115457
-0.205107
-0.115456
-0.205113
-0.205121
-0.115451
-0.205124
-0.11545
-0.115449
-0.205123
-0.115446
-0.205126
-0.115443
-0.205126
-0.115443
-0.205126
-0.115439
-0.205123
-0.115439
-0.205124
-0.115436
-0.205121
-0.115434
-0.205118
-0.205117
-0.115433
-0.205115
-0.115431
-0.11543
-0.205098
-0.205086
-0.115428
-0.115426
-0.205074
-0.115424
-0.205049
-0.205037
-0.115423
-0.115421
-0.205025
-0.115418
-0.205001
-0.115415
-0.204988
-0.115414
-0.204974
-0.115411
-0.204943
-0.115408
-0.204939
-0.115407
-0.204943
-0.115403
-0.204964
-0.115403
-0.204981
-0.1154
-0.204998
-0.115397
-0.205027
-0.115395
-0.205035
-0.115394
-0.205043
-0.205055
-0.115392
-0.115389
-0.205057
-0.205059
-0.115389
-0.20506
-0.115385
-0.115383
-0.205061
-0.115381
-0.205064
-0.20506
-0.115379
-0.115376
-0.20506
-0.115375
-0.205059
-0.115374
-0.205057
-0.115371
-0.205056
-0.115368
-0.205054
-0.115368
-0.205042
-0.205033
-0.115367
-0.115365
-0.205021
-0.204997
-0.115362
-0.115362
-0.204983
-0.115359
-0.204971
-0.115357
-0.204947
-0.204939
-0.115354
-0.204925
-0.115352
-0.115351
-0.20489
-0.11535
-0.20488
-0.204874
-0.115347
-0.204887
-0.115343
-0.115339
-0.204901
-0.204916
-0.11534
-0.20495
-0.115335
-0.204963
-0.115334
-0.115332
-0.204971
-0.115331
-0.204986
-0.204988
-0.115328
-0.204992
-0.115327
-0.115324
-0.204996
-0.115321
-0.204995
-0.115321
-0.204996
-0.115317
-0.204996
-0.115316
-0.204996
-0.115314
-0.204994
-0.115313
-0.204992
-0.204993
-0.11531
-0.115309
-0.204991
-0.204986
-0.115307
-0.204978
-0.115304
-0.115304
-0.204971
-0.204945
-0.115301
-0.204933
-0.115299
-0.115299
-0.204921
-0.115294
-0.204898
-0.115295
-0.204884
-0.204874
-0.115292
-0.115289
-0.204847
-0.20483
-0.115286
-0.115285
-0.204812
-0.204813
-0.115282
-0.204821
-0.11528
-0.204832
-0.115277
-0.115275
-0.20487
-0.115273
-0.204882
-0.204897
-0.11527
-0.115269
-0.204915
-0.20492
-0.115267
-0.115265
-0.204924
-0.115264
-0.20493
-0.11526
-0.204933
-0.115259
-0.204933
-0.204934
-0.115256
-0.115254
-0.204933
-0.204933
-0.115252
-0.204929
-0.115249
-0.20493
-0.115249
-0.204928
-0.115249
-0.115246
-0.204926
-0.115242
-0.204921
-0.115242
-0.204917
-0.115239
-0.204896
-0.115236
-0.204882
-0.115236
-0.204869
-0.115232
-0.204843
-0.115232
-0.204832
-0.11523
-0.204823
-0.204796
-0.115227
-0.204782
-0.115224
-0.204764
-0.115223
-0.204746
-0.115219
-0.115219
-0.204751
-0.204757
-0.115216
-0.204785
-0.115213
-0.204804
-0.115213
-0.20482
-0.11521
-0.115205
-0.204842
-0.204847
-0.115205
-0.204856
-0.115204
-0.115201
-0.204863
-0.115199
-0.204866
-0.204867
-0.115198
-0.115195
-0.204869
-0.204868
-0.115194
-0.204868
-0.115191
-0.204866
-0.115187
-0.115187
-0.204866
-0.115187
-0.204863
-0.115184
-0.204862
-0.20486
-0.115181
-0.204859
-0.115179
-0.115177
-0.204843
-0.115176
-0.204832
-0.20482
-0.115174
-0.115172
-0.204794
-0.115169
-0.204783
-0.20477
-0.115169
-0.115165
-0.204747
-0.204734
-0.115163
-0.115162
-0.20472
-0.115159
-0.204688
-0.115158
-0.204682
-0.115155
-0.204682
-0.204704
-0.115151
-0.115151
-0.204718
-0.204736
-0.115148
-0.204765
-0.115145
-0.115144
-0.204775
-0.204784
-0.115141
-0.115139
-0.204795
-0.115137
-0.204797
-0.115137
-0.2048
-0.115132
-0.204802
-0.204803
-0.115132
-0.115129
-0.204804
-0.115127
-0.204803
-0.115126
-0.204801
-0.115123
-0.2048
-0.204798
-0.115122
-0.115119
-0.204798
-0.115119
-0.204797
-0.115116
-0.204787
-0.115114
-0.204779
-0.115112
-0.204771
-0.115109
-0.204745
-0.204731
-0.115109
-0.115107
-0.204719
-0.204695
-0.115104
-0.115102
-0.204687
-0.1151
-0.204671
-0.115097
-0.204642
-0.115095
-0.204624
-0.115094
-0.204617
-0.204626
-0.11509
-0.204638
-0.115087
-0.115087
-0.204651
-0.115083
-0.204686
-0.115082
-0.2047
-0.11508
-0.204711
-0.115077
-0.204726
-0.204731
-0.115075
-0.115075
-0.204734
-0.115072
-0.204738
-0.204737
-0.115069
-0.204738
-0.115069
-0.204738
-0.115065
-0.204739
-0.115064
-0.204735
-0.115062
-0.115061
-0.204736
-0.204734
-0.115058
-0.115057
-0.204732
-0.115054
-0.20473
-0.115051
-0.204724
-0.115051
-0.204718
-0.115047
-0.204693
-0.204681
-0.115046
-0.115044
-0.204666
-0.115041
-0.204644
-0.204632
-0.11504
-0.115039
-0.204621
-0.115037
-0.204595
-0.204576
-0.115034
-0.20456
-0.11503
-0.115029
-0.204554
-0.204561
-0.115027
-0.115026
-0.204571
-0.204605
-0.115021
-0.115022
-0.204622
-0.204636
-0.115018
-0.204652
-0.115014
-0.204661
-0.115014
-0.115012
-0.204667
-0.204673
-0.115011
-0.204672
-0.115007
-0.204675
-0.115007
-0.204675
-0.115004
-0.204675
-0.115001
-0.204675
-0.115001
-0.204674
-0.114996
-0.114997
-0.204672
-0.20467
-0.114994
-0.204669
-0.114992
-0.114991
-0.204666
-0.204663
-0.114989
-0.114986
-0.204643
-0.114983
-0.20463
-0.204617
-0.114984
-0.114979
-0.204592
-0.114978
-0.20458
-0.114977
-0.204569
-0.114975
-0.204545
-0.204531
-0.114972
-0.204517
-0.114971
-0.204488
-0.114967
-0.114965
-0.204488
-0.114964
-0.204492
-0.114961
-0.204521
-0.114958
-0.204538
-0.114957
-0.204555
-0.114953
-0.20458
-0.114952
-0.204589
-0.114949
-0.204595
-0.114946
-0.204606
-0.114946
-0.204605
-0.114944
-0.204608
-0.20461
-0.114942
-0.204611
-0.114939
-0.204611
-0.114939
-0.114936
-0.204608
-0.114934
-0.204608
-0.114933
-0.204607
-0.114929
-0.204604
-0.114929
-0.204605
-0.204601
-0.114928
-0.204587
-0.114923
-0.114921
-0.204578
-0.114919
-0.204567
-0.114918
-0.204541
-0.114916
-0.204528
-0.114916
-0.204516
-0.114911
-0.204493
-0.204481
-0.114911
-0.204467
-0.114908
-0.114906
-0.204434
-0.114903
-0.204426
-0.1149
-0.204423
-0.204442
-0.114899
-0.114896
-0.204457
-0.114896
-0.204471
-0.114893
-0.204503
-0.204513
-0.11489
-0.114889
-0.204525
-0.114885
-0.204535
-0.114884
-0.204539
-0.114882
-0.204542
-0.114879
-0.204544
-0.114879
-0.204546
-0.114876
-0.204546
-0.204544
-0.114874
-0.204543
-0.114872
-0.11487
-0.204543
-0.114867
-0.20454
-0.114866
-0.20454
-0.114865
-0.204537
-0.114861
-0.204531
-0.114861
-0.204523
-0.114858
-0.204516
-0.114857
-0.20449
-0.114854
-0.204477
-0.114854
-0.204464
-0.114849
-0.20444
-0.114849
-0.204429
-0.204417
-0.114847
-0.114843
-0.204389
-0.114843
-0.204372
-0.114839
-0.204361
-0.114838
-0.204368
-0.114835
-0.204377
-0.114834
-0.204391
-0.11483
-0.204426
-0.114827
-0.20444
-0.20445
-0.114827
-0.114824
-0.204466
-0.114821
-0.204472
-0.204476
-0.114821
-0.114817
-0.20448
-0.114816
-0.20448
-0.114814
-0.20448
-0.114812
-0.20448
-0.11481
-0.20448
-0.114808
-0.20448
-0.114806
-0.204478
-0.114803
-0.204476
-0.204473
-0.114802
-0.204471
-0.114799
-0.114797
-0.204466
-0.114797
-0.204462
-0.114793
-0.204438
-0.114793
-0.204424
-0.204412
-0.11479
-0.114788
-0.204387
-0.114786
-0.204376
-0.204364
-0.114785
-0.114781
-0.204338
-0.114778
-0.204325
-0.204305
-0.114778
-0.114774
-0.204296
-0.114774
-0.204302
-0.20431
-0.11477
-0.114769
-0.204344
-0.114766
-0.204361
-0.114762
-0.204374
-0.114762
-0.204395
-0.114759
-0.204403
-0.114759
-0.204409
-0.114756
-0.204414
-0.114754
-0.204416
-0.204416
-0.114751
-0.204416
-0.114749
-0.114748
-0.204416
-0.204416
-0.114746
-0.114744
-0.204415
-0.114742
-0.204415
-0.204413
-0.114741
-0.20441
-0.114738
-0.114735
-0.204406
-0.114735
-0.204404
-0.114731
-0.204385
-0.114731
-0.204372
-0.114728
-0.20436
-0.114725
-0.204334
-0.114725
-0.204324
-0.114723
-0.204312
-0.114719
-0.204289
-0.114718
-0.204275
-0.114717
-0.204258
-0.204232
-0.114713
-0.114709
-0.204232
-0.204237
-0.114709
-0.114705
-0.204264
-0.204282
-0.114705
-0.204298
-0.114701
-0.114701
-0.204322
-0.114698
-0.20433
-0.204339
-0.114698
-0.114693
-0.204347
-0.11469
-0.20435
-0.11469
-0.204351
-0.114688
-0.204353
-0.114684
-0.204352
-0.114683
-0.204352
-0.114681
-0.204352
-0.204352
-0.11468
-0.114677
-0.204349
-0.204347
-0.114674
-0.204346
-0.114675
-0.204344
-0.114673
-0.204332
-0.11467
-0.204321
-0.114667
-0.114667
-0.204309
-0.204283
-0.114664
-0.204272
-0.114661
-0.20426
-0.114661
-0.204238
-0.114658
-0.204227
-0.114656
-0.114656
-0.204212
-0.114652
-0.204177
-0.114649
-0.204168
-0.114648
-0.204165
-0.204182
-0.114643
-0.204197
-0.11464
-0.11464
-0.204214
-0.114636
-0.204246
-0.114636
-0.204256
-0.204264
-0.114634
-0.11463
-0.204277
-0.11463
-0.204282
-0.204286
-0.114628
-0.114625
-0.204287
-0.204288
-0.114622
-0.204288
-0.114623
-0.114618
-0.204288
-0.114618
-0.204288
-0.114615
-0.204286
-0.204285
-0.114612
-0.204283
-0.114612
-0.204281
-0.114609
-0.114605
-0.204275
-0.114605
-0.204268
-0.114605
-0.204258
-0.114602
-0.204233
-0.114599
-0.204219
-0.114598
-0.204208
-0.204185
-0.114596
-0.114593
-0.204172
-0.114593
-0.204161
-0.114587
-0.20413
-0.204112
-0.114587
-0.204103
-0.114584
-0.114583
-0.204107
-0.204118
-0.11458
-0.114579
-0.204131
0.208839
0.245678
0.208839
0.245678
0.208839
0.213789
0.202821
0.208839
0.192837
0.208839
0.208839
0.170521
0.208839
0.158746
0.208839
0.147224
0.121838
0.208839
0.10875
0.208839
0.208839
0.0958255
0.0666761
0.208839
0.208839
0.0517138
0.208839
0.0373153
0.208839
0.00945154
-0.00380075
0.208839
0.208839
-0.0145437
0.208839
-0.0373584
0.208839
-0.0473938
-0.0540671
0.208839
-0.0493367
0.208839
-0.0559752
0.208839
-0.0646135
0.208839
-0.0774805
0.208839
-0.082394
0.208839
0.208839
-0.0827608
-0.0852559
0.208839
-0.0865322
0.208839
-0.0869342
0.208839
-0.0821647
0.208839
-0.0788267
0.208839
-0.0757358
0.208839
0.208839
-0.0678699
0.208839
-0.0642841
-0.0617465
0.208839
-0.0563079
0.208839
0.208839
-0.0543708
-0.0534748
0.208839
-0.0546372
0.208839
0.208839
-0.0560197
-0.0579617
0.208839
-0.0641728
0.208839
0.208839
-0.067823
0.208839
-0.0713496
-0.0781619
0.208839
0.208839
-0.081503
0.208839
-0.0829692
-0.0850996
0.208839
0.208839
-0.0858288
-0.0861789
0.208839
-0.0871196
0.208839
0.208839
-0.0873906
0.208839
-0.0873627
0.208839
-0.0910353
0.208839
-0.0905047
0.208839
-0.087978
-0.0883406
0.208839
-0.0887426
0.208839
0.208839
-0.0884448
0.208839
-0.0820215
0.208839
-0.0782207
0.208839
-0.0751965
0.208839
-0.0680905
-0.0648833
0.208839
-0.0623489
0.208839
0.208839
-0.073435
0.208839
-0.0691158
0.208839
-0.0628851
0.208839
-0.058555
-0.0580212
0.208839
-0.0587675
0.208839
0.208839
-0.0617501
-0.0642221
0.208839
-0.067283
0.208839
-0.0764367
0.208839
-0.0790188
0.208839
-0.0793695
0.208839
0.202712
-0.0814812
0.191371
-0.0826359
0.17998
-0.0835337
0.154378
-0.0850313
-0.0852228
0.140726
-0.0850065
0.140641
-0.0854829
0.104057
-0.0857834
0.0860954
0.0711609
-0.0858149
-0.0858315
0.0373132
-0.0858679
0.041347
0.0462053
-0.085885
0.0118689
-0.0836461
0.0159692
-0.0813124
0.0211583
-0.0786225
-0.0115675
-0.071362
-0.0679195
-0.00730834
-0.0652019
-0.00210591
-0.0266463
-0.0592282
-0.0568049
-0.0135012
-0.0528589
-0.0552907
-0.0833565
-0.0529272
-0.052343
-0.0818425
-0.0526926
-0.0775659
-0.078504
-0.0550348
-0.0567047
-0.0866676
-0.0876878
-0.0590174
-0.0662456
-0.0907646
-0.0691164
-0.0880382
-0.0708951
-0.084514
0.208839
0.245678
0.245678
0.208839
0.212734
0.208839
0.201721
0.208839
0.208839
0.191336
0.168737
0.208839
0.157063
0.208839
0.145834
0.208839
0.208839
0.121827
0.109719
0.208839
0.208839
0.0980288
0.208839
0.0720789
0.058769
0.208839
0.208839
0.0464845
0.208839
0.018676
0.00435818
0.208839
-0.00719032
0.208839
0.208839
-0.0309147
-0.0421044
0.208839
0.208839
-0.0496743
0.208839
-0.0464037
0.208839
-0.0537318
0.208839
-0.0628504
0.208839
-0.0758855
-0.0822969
0.208839
0.208839
-0.0832726
0.208839
-0.0850254
0.208839
-0.0862623
-0.0869553
0.208839
-0.0664828
0.208839
0.208839
-0.0692944
0.208839
-0.0758884
-0.0751845
0.208839
0.208839
-0.0725084
-0.0697767
0.208839
0.208839
-0.0812675
0.208839
-0.0756723
0.208839
-0.0672004
-0.0594091
0.208839
-0.0575031
0.208839
-0.0566897
0.208839
-0.0561207
0.208839
0.208839
-0.057143
0.208839
-0.058658
0.208839
-0.0638379
-0.0676662
0.208839
-0.071154
0.208839
0.208839
-0.0787678
0.208839
-0.0814785
0.208839
-0.0823948
0.208839
-0.0844729
0.208839
-0.0854743
-0.085977
0.208839
-0.0866032
0.208839
-0.0868115
0.208839
0.208839
-0.0895311
-0.0900385
0.208839
0.208839
-0.0890377
0.208839
-0.0883981
-0.0888064
0.208839
0.208839
-0.0888661
-0.0886554
0.208839
-0.0830687
0.208839
-0.0794639
0.208839
-0.0763211
0.208839
-0.0683351
0.208839
-0.0648688
0.208839
0.208839
-0.0624728
0.208839
-0.0733068
0.208839
-0.069118
-0.0629225
0.208839
0.208839
-0.0584441
-0.0578761
0.208839
0.208839
-0.0586524
0.208839
-0.0613436
0.208839
-0.0637145
-0.0669848
0.208839
-0.0755096
0.208839
0.206302
-0.0780072
-0.0787043
0.195307
-0.0812473
0.190782
-0.082175
0.180767
0.182679
-0.0828714
-0.084461
0.174507
-0.0850315
0.15962
-0.0852342
0.143731
-0.0855724
0.109804
0.0910222
-0.0856836
-0.0856787
0.072892
-0.0857534
0.0341792
0.015836
-0.0856867
0.00132838
-0.0856682
-0.0280277
-0.0837157
-0.0812321
-0.0402469
-0.0476935
-0.0783176
-0.0624732
-0.0710242
-0.068122
-0.0675421
-0.0712318
-0.0647322
-0.0589611
-0.0774396
-0.0566006
-0.0797844
-0.0810376
-0.0550286
-0.0528287
-0.0834097
-0.0843014
-0.0523815
-0.0528155
-0.084802
-0.0856259
-0.0554619
-0.0574086
-0.0858338
-0.0598814
-0.0858631
-0.0857718
-0.0669699
-0.0856619
-0.0696657
-0.0713808
-0.0854874
-0.0749189
-0.0850546
-0.0848013
-0.0764707
-0.07748
-0.0845361
-0.0792103
-0.0838945
-0.0798755
-0.083545
-0.0802999
-0.0832084
-0.0811118
-0.0824824
-0.0814308
-0.082114
-0.0815919
-0.081781
-0.0818504
-0.0809592
-0.0819328
-0.0805262
-0.0819048
-0.0801208
-0.0813521
-0.079202
-0.0803066
-0.0787313
-0.0786469
-0.0782961
-0.0734892
-0.0773313
-0.0768452
-0.0706677
-0.0680442
-0.0763921
-0.062209
-0.0753927
-0.0596235
-0.0748856
-0.0576118
-0.0744189
-0.0541314
-0.0746477
-0.0529459
-0.0723155
-0.0524511
-0.0711127
-0.073172
-0.0526708
-0.0535654
-0.0730828
-0.0548455
-0.0731642
-0.0585479
-0.0707879
-0.061016
-0.0714111
-0.0706192
-0.0626479
-0.0654882
-0.0685706
-0.0666719
-0.0696461
-0.0681311
-0.0675752
-0.0693849
-0.0667645
-0.0701024
-0.0663072
-0.0706138
-0.0658219
-0.0714817
-0.0645061
-0.0718064
-0.0641364
-0.0719934
-0.0637126
-0.0722594
-0.0624172
-0.0723361
-0.0619529
-0.0723389
-0.0614833
-0.0606811
-0.0722867
-0.0600924
-0.0720139
-0.0712885
-0.0592582
-0.0682601
-0.0581362
-0.0663996
-0.0577783
-0.0644976
-0.0571769
-0.0577248
-0.0600227
-0.0578583
-0.0570313
-0.0559563
-0.0561134
-0.0567766
-0.0523575
-0.0559978
-0.0509104
-0.049865
-0.0549666
-0.0485585
-0.0557645
-0.048315
-0.0549025
-0.0541433
-0.048488
-0.0539483
-0.0497633
-0.0530194
-0.0507645
-0.0526487
-0.0519046
-0.0512074
-0.0536578
-0.0504962
-0.0544047
-0.0549996
-0.0498574
-0.0560665
-0.048379
-0.0564853
-0.0475312
-0.0568243
-0.0466312
-0.0450373
-0.0574137
-0.0443174
-0.0576128
-0.043487
-0.0577238
-0.0417697
-0.0578326
-0.0578235
-0.0409985
-0.0577668
-0.0401577
-0.0575515
-0.0382813
-0.0573842
-0.0373871
-0.0571837
-0.0365131
-0.0557508
-0.0347326
-0.033874
-0.054715
-0.0535629
-0.032997
-0.0507128
-0.0311892
-0.0492371
-0.0303273
-0.0294523
-0.0478348
-0.0449919
-0.0276791
-0.0437143
-0.0268079
-0.0259542
-0.0426319
-0.0259809
-0.0408199
-0.0401551
-0.0256526
-0.03972
-0.0247161
-0.0393453
-0.023565
-0.039477
-0.0235704
-0.039693
-0.0235757
-0.0400899
-0.021787
-0.0402198
-0.0209202
-0.0402971
-0.020123
-0.0404442
-0.019613
-0.0403989
-0.0188121
-0.0401854
-0.0180202
-0.0400265
-0.0164802
-0.0397869
-0.0157244
-0.0395071
-0.0150091
-0.0135888
-0.0391745
-0.0388484
-0.0129198
-0.0123075
-0.0384007
-0.0377183
-0.0110818
-0.0104944
-0.0374379
-0.0370037
-0.00999086
-0.0358978
-0.00896756
-0.00850515
-0.0352274
-0.00806995
-0.0345749
-0.0327897
-0.00724916
-0.00688722
-0.0318026
-0.00655845
-0.0309409
-0.00602117
-0.0291537
-0.0282873
-0.00579754
-0.00564025
-0.0275278
-0.00547186
-0.0259543
-0.00545435
-0.0252259
-0.00542648
-0.0246129
-0.0234578
-0.00544311
-0.0228852
-0.00536352
-0.0223472
-0.00528131
-0.0214108
-0.00270458
-0.00260983
-0.0208687
-0.0203095
-0.00258546
-0.00262418
-0.0191975
-0.0185919
-0.00262052
-0.0179745
-0.00262103
-0.01665
-0.00256022
-0.0159644
-0.00261741
-0.00265828
-0.0153083
-0.0139425
-0.00285313
-0.00300379
-0.0132358
-0.00316851
-0.0125794
-0.0111737
-0.00349518
-0.0104802
-0.00365991
-0.00382989
-0.00981951
-0.0041971
-0.00842598
-0.00438319
-0.00778456
-0.00457188
-0.00719139
-0.00609558
-0.00496999
-0.00517479
-0.00560295
-0.00535794
-0.0051594
-0.0043305
-0.00569854
-0.00585048
-0.00394509
-0.00358629
-0.00598457
-0.00285769
-0.0062307
-0.00633726
-0.00249513
-0.00642875
-0.00213621
-0.00657413
-0.00135306
-0.00663238
-0.000929237
-0.00664583
-0.000512822
0.000377675
-0.00661739
-0.00657919
0.000821773
-0.00650373
0.00120825
-0.00633194
0.0018887
0.00218068
-0.00620308
0.00244354
-0.0060672
-0.00574399
0.00287053
-0.00553977
0.00305512
-0.00528999
0.003185
-0.00469301
0.0033798
-0.00436264
0.00338424
0.00335626
-0.00402741
0.00318078
-0.00323246
0.00305856
-0.00282258
0.00292223
-0.00236178
0.00252944
-0.00144099
0.00229517
-0.000967239
0.00205879
-0.000371878
0.00156335
0.000806599
0.00130549
0.00150187
0.00106039
0.00211467
0.000622331
0.00361588
0.000420697
0.00432947
0.000235957
0.00510622
-0.000137862
0.00624816
-0.000324557
0.00624546
-0.000509352
0.00624403
-0.00094353
0.00607148
0.00733356
-0.00119685
-0.00145107
0.00672896
-0.00206984
0.00719892
0.00740997
-0.00243319
-0.00279174
0.00790891
-0.00352805
0.00987289
-0.00387089
0.00899732
0.0110102
-0.00418156
-0.00477867
0.0135129
0.0155284
-0.00505209
-0.00529908
0.0146213
-0.00576781
0.0154029
0.0151469
-0.0059797
0.0160121
-0.00617829
0.018339
-0.00648296
-0.00659494
0.0180717
-0.00667082
0.0199085
-0.00678326
0.0201463
0.0220631
-0.00678989
0.023059
-0.00678382
-0.00663659
0.0254493
-0.00653253
0.0269016
-0.00641455
0.0285747
-0.00610848
0.0319888
-0.0059347
0.0335818
0.0354277
-0.00575012
0.0393087
-0.0053621
0.0413636
-0.00516969
0.0435544
-0.00497648
-0.00453776
0.0482919
0.0505469
-0.00431557
0.0532337
-0.00409693
0.0586656
-0.00355403
-0.00323173
0.0613487
0.0643653
-0.00290302
-0.00210285
0.0708425
0.0738826
-0.00170007
-0.00129211
0.0776192
-0.00024613
0.0849184
0.000284573
0.088565
0.000920423
0.0926445
0.00216012
0.101093
0.00290319
0.105152
0.109578
0.00358104
0.00510161
0.119092
0.00586974
0.124318
0.00657902
0.129167
0.00848037
0.139178
0.00935914
0.14444
0.150247
0.0104475
0.0123569
0.161422
0.0133666
0.167158
0.014155
0.172869
0.0154556
0.184449
0.0161481
0.190247
0.0166589
0.196485
0.0174474
0.207443
0.0179955
0.205454
0.203436
0.018468
0.204518
0.0196881
0.204468
0.0203078
0.0212454
0.204053
0.0231905
0.203953
0.0245759
0.203993
0.204014
0.0259616
0.0295645
0.204029
0.204032
0.031377
0.204033
0.0333387
0.207869
0.0375459
0.0399887
0.213315
0.21355
0.0421454
0.21185
0.0471214
0.0500282
0.212259
0.0525234
0.212256
0.211872
0.0586192
0.0614051
0.213485
0.0648075
0.219214
0.0715364
0.230498
0.0749208
0.228663
0.226352
0.0787954
0.0863423
0.238287
0.0900279
0.243504
0.0937361
0.248265
0.0999381
0.252158
0.10246
0.25821
0.105515
0.262339
0.11046
0.269158
0.267779
0.11252
0.115047
0.266941
0.119929
0.269183
0.122254
0.274602
0.125298
0.278718
0.277776
0.131879
0.135858
0.277108
0.139844
0.277443
0.149282
0.285192
0.287251
0.154308
0.159682
0.287181
0.17099
0.286236
0.176337
0.290047
0.292985
0.181792
0.294836
0.192472
0.295677
0.197863
0.296187
0.203016
0.213643
0.295286
0.294247
0.218515
0.223128
0.292632
0.232503
0.289746
0.288119
0.237205
0.285556
0.241443
0.248884
0.278172
0.273856
0.252219
0.269177
0.255043
0.258902
0.258271
0.25207
0.260112
0.245527
0.260761
0.260716
0.230861
0.225561
0.26014
0.25937
0.225666
0.256984
0.221249
0.255443
0.211856
0.25365
0.202262
0.202588
0.249352
0.246933
0.20018
0.190675
0.244361
0.169817
0.238482
0.235141
0.159872
0.150054
0.231452
0.222915
0.128904
0.118492
0.218197
0.108649
0.213232
0.202113
0.0881755
0.0781843
0.196079
0.189893
0.0690542
0.176495
0.0505203
0.169408
0.0417632
0.0339495
0.162339
0.147228
0.0182915
0.139464
0.0111118
0.00497561
0.131888
0.115988
-0.00712821
0.108037
-0.0125488
0.100495
-0.0171449
0.0857438
-0.0260583
0.0788443
-0.0300145
0.0726394
-0.0332695
-0.0394738
0.0606055
-0.0421443
0.0550197
-0.0443215
0.0500396
0.040161
-0.048482
0.0355085
-0.0502723
-0.0517316
0.0312854
0.0223816
-0.0544979
-0.0556434
0.0180089
-0.0565732
0.0138048
0.0047837
-0.0583183
0.000172188
-0.0590378
-0.0595722
-0.00426148
-0.0129802
-0.0604962
-0.0167854
-0.0608548
-0.0200124
-0.0611381
-0.0263206
-0.0615716
-0.0600732
-0.0291327
-0.0315349
-0.0597087
-0.0361913
-0.0622367
-0.0621092
-0.0382303
-0.0620082
-0.03996
-0.0605681
-0.0432622
-0.0601022
-0.0446737
-0.060473
-0.0458255
-0.0608409
-0.0479864
-0.0609441
-0.0488987
-0.0496565
-0.0610201
-0.0503879
-0.0611106
-0.0610902
-0.0502615
-0.0610278
-0.0498285
-0.0481685
-0.0635286
-0.0471389
-0.0622481
-0.0605047
-0.0460743
-0.043725
-0.0603102
-0.0426338
-0.0620159
-0.0416983
-0.0626204
-0.0626871
-0.0401872
-0.0612248
-0.0396527
-0.0394388
-0.0604835
-0.0396539
-0.0619996
-0.0628028
-0.0399685
-0.0616346
-0.0405272
-0.042338
-0.0607583
-0.0430445
-0.0592759
-0.0610528
-0.0436193
-0.0447658
-0.0612105
-0.0606397
-0.0452955
-0.04577
-0.0601005
-0.0595115
-0.046731
-0.0594624
-0.0471437
-0.0475122
-0.0594188
-0.0592341
-0.0482865
-0.0591895
-0.0486024
-0.0591327
-0.0488445
-0.0590386
-0.0492749
-0.0590429
-0.0494528
-0.0590852
-0.0495822
-0.0591416
-0.0497348
-0.0495293
-0.0591464
-0.0592195
-0.0491072
-0.0593911
-0.0475691
-0.0465996
-0.059495
-0.0455856
-0.0595452
-0.0432384
-0.0596331
-0.0597223
-0.0420922
-0.041059
-0.059823
-0.0391724
-0.0600473
-0.0601987
-0.038422
-0.0379161
-0.0603668
-0.037438
-0.0607062
-0.060869
-0.0375472
-0.0378299
-0.0610768
-0.0614945
-0.0389248
-0.0617251
-0.0397316
-0.0403853
-0.0619265
-0.0624346
-0.0417254
-0.0626977
-0.0423708
-0.0629094
-0.0430771
-0.0445339
-0.0635245
-0.0451908
-0.0638232
-0.064033
-0.0458815
-0.0645255
-0.047325
-0.064849
-0.0479572
-0.0484834
-0.0651281
-0.0496486
-0.065633
-0.0660409
-0.0502246
-0.0663893
-0.0507441
-0.0519978
-0.0670826
-0.0525013
-0.0674284
-0.067825
-0.0526684
-0.0518921
-0.0685313
-0.0511732
-0.0688039
-0.050261
-0.0690031
-0.0694929
-0.047882
-0.0698008
-0.0466636
-0.0455225
-0.0700488
-0.0433037
-0.0707558
-0.0424113
-0.0710426
-0.0417769
-0.0713595
-0.0720307
-0.0410498
-0.0724611
-0.0411407
-0.0727699
-0.0413673
-0.0429572
-0.0733367
-0.0442769
-0.0735265
-0.0736479
-0.0457602
-0.0739218
-0.0485935
-0.0499159
-0.0741161
-0.0743994
-0.0511061
-0.0748555
-0.0536024
-0.054789
-0.0750555
-0.0751723
-0.0559102
-0.058211
-0.0755286
-0.0758462
-0.0592446
-0.0760927
-0.0602812
-0.0764265
-0.062259
-0.076512
-0.0631014
-0.0765444
-0.0637783
-0.0765117
-0.0653272
-0.0660281
-0.0765311
-0.0766119
-0.0666807
-0.0660093
-0.0767675
-0.0649963
-0.0768273
-0.0636636
-0.0768451
-0.0768457
-0.059943
-0.0769002
-0.057982
-0.0561671
-0.0769067
-0.0771403
-0.0524534
-0.077169
-0.0508915
-0.0771441
-0.0497379
-0.0481658
-0.0787621
-0.0764121
-0.0479082
-0.0480904
-0.0766234
-0.0808527
-0.0499827
-0.0823405
-0.0517344
-0.0535387
-0.079879
-0.0574127
-0.0768053
-0.0592513
-0.0768567
-0.0608028
-0.0765139
-0.0760285
-0.0639446
-0.0653816
-0.0759829
-0.0665055
-0.0759331
-0.0690433
-0.0757833
-0.0701106
-0.0756975
-0.0756056
-0.0708558
-0.075352
-0.0722598
-0.0727869
-0.0751957
-0.0732388
-0.0750437
-0.0746581
-0.0742682
-0.0744309
-0.074726
-0.0750433
-0.0742442
-0.0746019
-0.073826
-0.0736285
-0.0734766
-0.0719324
-0.0734391
-0.0674569
-0.0729791
-0.0650372
-0.0750802
-0.0755056
-0.0627915
-0.0579354
-0.072313
-0.0558145
-0.0743904
-0.0541684
-0.0747432
-0.0686617
-0.0515523
-0.0690195
-0.0507227
-0.0672827
-0.0505487
-0.0514085
-0.0668729
-0.0646367
-0.0523109
-0.0536774
-0.0673988
-0.0579594
-0.0578752
-0.059841
-0.0620092
-0.0586695
-0.0612283
-0.0639751
-0.0616323
-0.065135
-0.0561076
-0.06606
-0.0528408
-0.0537036
-0.0679666
-0.0687743
-0.0559304
-0.0568629
-0.069358
-0.0704667
-0.058037
-0.0708925
-0.0588423
-0.0711838
-0.0592262
-0.059914
-0.0716473
-0.0718278
-0.0602353
-0.0719221
-0.0604986
-0.0719218
-0.0609205
-0.06104
-0.0714401
-0.0704696
-0.0610904
-0.0611151
-0.0670499
-0.0610728
-0.0650578
-0.0610003
-0.0630873
-0.0607589
-0.0586099
-0.0606287
-0.0564997
-0.0547142
-0.060485
-0.0601219
-0.0514556
-0.0599088
-0.0502113
-0.0596913
-0.0494317
-0.0486702
-0.0592508
-0.0488841
-0.0590021
-0.0587417
-0.0493734
-0.0581226
-0.0513435
-0.0528139
-0.0577929
-0.0540305
-0.0574668
-0.056734
-0.0559839
-0.0563481
-0.0568318
-0.0575097
-0.055972
-0.0587955
-0.0551578
-0.0593438
-0.054738
-0.0543365
-0.0597862
-0.0534563
-0.0605745
-0.0608502
-0.0530149
-0.0610292
-0.0525938
-0.0516634
-0.0612973
-0.0613641
-0.0511817
-0.0613775
-0.0507143
-0.0613025
-0.0497037
-0.0491873
-0.0611506
-0.0607664
-0.0486895
-0.058857
-0.0477099
-0.0471559
-0.0575932
-0.0562328
-0.0466094
-0.0529741
-0.0454051
-0.0448126
-0.0513364
-0.0442701
-0.0498243
-0.0429614
-0.046862
-0.0456009
-0.0424784
-0.0418684
-0.0445976
-0.0404444
-0.043078
-0.0398212
-0.0426347
-0.0425037
-0.0392896
-0.0378992
-0.0427827
-0.0371337
-0.043193
-0.0365259
-0.0437968
-0.0447549
-0.0351488
-0.0343125
-0.0450974
-0.0336039
-0.0453544
-0.0320813
-0.0457931
-0.0459479
-0.0313144
-0.0460491
-0.0305866
-0.0461594
-0.0289296
-0.0281422
-0.0461709
-0.0461429
-0.027366
-0.0459793
-0.0256603
-0.0458482
-0.0248314
-0.0456896
-0.0240247
-0.0222634
-0.0452827
-0.0450429
-0.0213823
-0.0205189
-0.0447893
-0.0437761
-0.0186763
-0.0430131
-0.0177956
-0.0169234
-0.0421627
-0.0400067
-0.0151066
-0.0389477
-0.0142459
-0.0133842
-0.0379264
-0.0358644
-0.0116279
-0.034873
-0.0107543
-0.033987
-0.00988838
-0.0324051
-0.00819268
-0.0316167
-0.00736517
-0.00657002
-0.0310979
-0.0302437
-0.0049926
-0.00423407
-0.0300463
-0.0298247
-0.00351965
-0.00210063
-0.0294008
-0.0292476
-0.00142328
-0.000791057
-0.0289655
0.00042894
-0.0282985
0.00097792
-0.0280614
0.00147969
-0.0276916
0.0024007
-0.0267714
0.00280925
-0.0263469
0.00317225
-0.0258598
-0.0248821
0.00380731
-0.0243219
0.00408597
0.00430976
-0.0237573
-0.0226199
0.00466556
0.00475169
-0.0219964
0.00480862
-0.0213819
-0.0201057
0.00476726
0.00469624
-0.019418
0.00458803
-0.0187233
0.00429107
-0.0173509
-0.0166656
0.00409498
0.00386679
-0.016018
0.00330142
-0.0147304
0.0029216
-0.0141053
-0.0135215
0.00255371
-0.0123385
0.0017481
-0.011755
0.00132626
-0.0111815
0.000921994
-0.00994245
1.64202e-05
-0.0093546
-0.000441399
-0.000890762
-0.00870911
-0.00731827
-0.00185107
-0.0023663
-0.00663702
-0.00285574
-0.00595103
-0.00460236
-0.00384278
-0.00432191
-0.00393768
-0.00477188
-0.00330088
-0.00569221
-0.00204231
-0.00613349
-0.00144199
-0.000880753
-0.00655361
0.000225271
-0.00740235
-0.0078182
0.000749225
0.00123512
-0.00822141
0.00215582
-0.00900027
0.00255861
-0.00936352
0.00292485
-0.00969328
-0.0103312
0.0035525
-0.0106268
0.00380683
0.00399237
-0.0108928
0.00421837
-0.0114051
0.00428691
-0.00848956
0.00431027
-0.0087037
0.0043219
-0.0034612
0.00428972
-0.00391978
0.00425672
0.00114306
0.00414109
0.0032422
0.00324378
0.0040718
0.00400187
0.0032448
0.00380372
0.0031887
0.00369778
0.00485198
0.00355898
0.00254337
0.00326411
0.00493875
0.00466355
0.00304258
0.00282287
0.00665171
0.00226783
0.0103161
0.00801915
0.00195321
0.00160952
0.0113968
0.0120794
0.000773003
0.0157785
0.00034279
0.0161347
-8.30344e-05
-0.000978513
0.0157982
0.0156714
-0.00143762
-0.00188255
0.0169035
-0.00281972
-0.00329506
-0.00376282
-0.00478294
-0.00526251
-0.00569231
-0.00636467
-0.00661841
-0.0068123
-0.00707742
-0.00716613
-0.00722863
-0.00734084
-0.00740486
-0.0074755
-0.00771268
-0.00787649
-0.00809117
-0.00865638
-0.00899313
-0.00936813
-0.010077
-0.0103975
-0.0106866
-0.0112441
-0.0115004
-0.0117311
-0.00595102
-0.00331608
-0.00395962
0.0034158
0.00273069
0.00441621
0.00805774
0.00965106
0.0135293
0.0137705
-1.2845
-1.28932
-1.28904
-1.27258
-1.28324
-1.27661
-1.2792
-1.25804
-1.27108
-1.07549
-1.29467
-0.460457
0.0151888
-0.0701636
-0.0738233
-0.0756449
-0.0770025
-0.0772691
-0.077415
-1.2394
-0.0868296
-0.108985
-0.126349
-0.125198
-0.124983
-0.124829
-0.124643
-0.124563
-0.124493
-0.124349
-0.122911
-0.133594
-0.133062
-0.132927
-0.132814
-0.132593
-1.18213
-0.130677
-0.143274
-0.145529
-0.145331
-0.145153
0.625066
-0.136146
-0.136648
0.627055
-0.135564
0.632749
0.643161
-0.245397
-0.205646
0.644
-0.160597
0.641668
0.643006
0.0670808
0.643022
0.0578392
0.0520556
0.642958
0.642976
0.0460139
0.642987
0.0465497
0.0458751
0.642997
0.64301
0.0452316
0.0450696
0.643012
0.643013
0.0449354
0.0447412
0.643014
0.0446499
0.643015
0.643015
0.0445615
0.0443991
0.643015
0.0443054
0.643015
0.643016
0.0442223
0.0440584
0.643018
0.643019
0.0439706
0.643019
0.0438909
0.0437149
0.643022
0.643022
0.0436382
0.0435501
0.643022
0.0433902
0.643023
0.0432957
0.643023
0.643023
0.0432141
0.643023
0.0430467
0.643023
0.0429652
0.0428821
0.643023
0.643023
0.04271
0.643023
0.0426323
0.643023
0.0425461
0.643023
0.0423824
0.643023
0.0422937
0.0422085
0.643023
0.0420364
0.643023
0.0419585
0.643023
0.0418754
0.643023
0.643021
0.0417035
0.0416215
0.643021
0.0415368
0.64302
0.643019
0.0413712
0.643018
0.0412765
0.643018
0.0411987
0.0410257
0.643018
0.643018
0.0409442
0.0408559
0.643018
0.643019
0.0406815
0.64302
0.0406022
0.0405219
0.64302
0.643021
0.0403529
0.0402706
0.643022
0.0401741
0.643022
0.643023
0.0400096
0.643023
0.0399233
0.643023
0.0398411
0.643023
0.039668
0.643023
0.0395797
0.0395036
0.643023
0.643023
0.0393284
0.0392365
0.643023
0.643023
0.0391582
0.643023
0.0389869
0.643023
0.0389027
0.0388104
0.643023
0.0386446
0.643023
0.643023
0.0385548
0.643023
0.0384681
0.643022
0.0382965
0.643022
0.0382159
0.0381247
0.643021
0.0379547
0.643021
0.643021
0.0378647
0.643021
0.0377893
0.0376096
0.643021
0.0375288
0.643021
0.0374374
0.643021
0.0372634
0.643021
0.643021
0.0371854
0.643022
0.0370943
0.643022
0.0369225
0.0368376
0.643023
0.0367492
0.643023
0.643022
0.0365782
0.0364883
0.643022
0.0364014
0.643023
0.036232
0.643022
0.643023
0.036143
0.643022
0.0360546
0.643023
0.0358841
0.643023
0.0358007
0.0357115
0.643023
0.0355429
0.643045
0.643043
0.0354542
0.0353644
0.643041
0.643039
0.0351879
0.643038
0.0351013
0.643038
0.0350079
0.0348218
0.643037
0.0347328
0.643036
0.0346386
0.643036
0.0344633
0.643036
0.0343687
0.643036
0.643036
0.0342698
0.0340978
0.643036
0.643036
0.0340018
0.0339118
0.643036
0.0337302
0.643036
0.0336414
0.643036
0.0335462
0.643036
0.643036
0.0333724
0.643036
0.0332754
0.643035
0.0331838
0.0330065
0.643034
0.643034
0.03291
0.0328168
0.643034
0.032638
0.643034
0.0325441
0.643034
0.0324504
0.643034
0.0322679
0.643034
0.643033
0.0321709
0.0320894
0.643033
0.643033
0.0318986
0.643033
0.0318084
0.0317183
0.643032
0.643032
0.0315377
0.643032
0.0314402
0.0313502
0.643032
0.643032
0.0311651
0.643032
0.0310831
0.0309793
0.643032
0.643037
0.0307907
0.0306942
0.643045
0.643049
0.0306023
0.0304217
0.643051
0.0303351
0.643051
0.0302525
0.643052
0.643051
0.0300732
0.643052
0.0299829
0.029899
0.643052
0.643053
0.0297225
0.0296391
0.643053
0.643054
0.0295483
0.643055
0.0293722
0.643056
0.0292891
0.643056
0.029198
0.643056
0.0290253
0.643056
0.0289328
0.643055
0.0288511
0.643056
0.0286705
0.0285817
0.643055
0.0285015
0.643055
0.0283184
0.643055
0.643055
0.028233
0.643055
0.0281433
0.0279705
0.643054
0.0278781
0.643054
0.0277888
0.643054
0.64304
0.0276263
0.643031
0.0275374
0.643027
0.027449
0.0272688
0.643022
0.643022
0.0271841
0.643021
0.0270927
0.0269079
0.643019
0.643019
0.0268051
0.643018
0.0267129
0.0265289
0.643016
0.643016
0.0264362
0.643015
0.026343
0.643013
0.0261465
0.643012
0.0260583
0.643012
0.0259699
0.643011
0.0257758
0.0256758
0.643012
0.643011
0.0255844
0.643011
0.0253919
0.64301
0.0252949
0.0252071
0.64301
0.64301
0.0250106
0.0249197
0.643009
0.0248259
0.643009
0.643008
0.0246347
0.0245428
0.643009
0.0244506
0.643009
0.0242548
0.643009
0.0241665
0.643008
0.643008
0.0240606
0.0238779
0.643025
0.0237733
0.643033
0.0236721
0.643033
0.0234749
0.643034
0.643034
0.0233714
0.643034
0.0232833
0.643034
0.0230774
0.0229808
0.643034
0.022879
0.643034
0.643033
0.0226877
0.0225968
0.643033
0.643033
0.0224894
0.643032
0.0223028
0.0222111
0.643032
0.0221124
0.643032
0.643032
0.0219199
0.0218195
0.643031
0.0217246
0.643031
0.64303
0.0215399
0.64303
0.0214401
0.0213472
0.643028
0.0211486
0.64303
0.0210615
0.643029
0.0209604
0.643029
0.0207684
0.643029
0.643029
0.0206671
0.0205813
0.643029
0.0203795
0.643028
0.0202803
0.643028
0.643028
0.0201847
0.643027
0.0199923
0.643027
0.0198984
0.0198019
0.643027
0.0196054
0.643026
0.0195096
0.643026
0.0194185
0.643026
0.643026
0.019216
0.643026
0.0191187
0.0190214
0.643026
0.643025
0.0188289
0.018733
0.643025
0.0186347
0.643024
0.0184402
0.643024
0.643024
0.0183453
0.643023
0.0182435
0.643023
0.0180546
0.017956
0.643023
0.0178535
0.643022
0.01766
0.643022
0.643021
0.0175674
0.643021
0.0194455
0.64302
0.0192538
0.643021
0.0191508
0.64302
0.0190559
0.643019
0.0188479
0.0187507
0.643023
0.0186536
0.643025
0.643027
0.0184545
0.643027
0.0183605
0.0182549
0.643027
0.0180533
0.643027
0.0179556
0.643027
0.0178567
0.643027
0.0176593
0.643027
0.0175602
0.643026
0.0174639
0.643027
0.017264
0.643027
0.0171563
0.643026
0.017066
0.643027
0.643027
0.016863
0.643027
0.0167653
0.0166604
0.643027
0.0164658
0.643027
0.643027
0.0163673
0.643027
0.0162712
0.643027
0.0160696
0.0159637
0.643027
0.643027
0.0158746
0.643026
0.0156898
0.0155994
0.643026
0.015509
0.643025
0.643025
0.0153167
0.0152388
0.643025
0.015136
0.643025
0.643025
0.0149533
0.643025
0.0148602
0.643025
0.0147696
0.643024
0.014585
0.0144901
0.643024
0.0143992
0.643024
0.014217
0.643024
0.643024
0.0141249
0.0140299
0.643025
0.643025
0.0138436
0.643024
0.0137598
0.643025
0.0136553
0.0134691
0.643026
0.0133784
0.643026
0.643027
0.0132868
0.643037
0.0130982
0.0130039
0.643043
0.643046
0.0129103
0.643048
0.012723
0.643049
0.0126447
0.0125445
0.643049
0.643051
0.012372
0.643051
0.0122853
0.0121889
0.643052
0.0120127
0.643054
0.643055
0.0119202
0.643055
0.0118382
0.643055
0.0116592
0.643058
0.0115635
0.64306
0.0114716
0.0112896
0.643062
0.0111977
0.643062
0.643062
0.0111244
0.0109633
0.643062
0.643062
0.0108835
0.0108021
0.643062
0.0106438
0.643062
0.0105622
0.643061
0.0104809
0.643061
0.643061
0.0103279
0.643061
0.0102472
0.643061
0.0101654
0.0100075
0.643059
0.643058
0.00992848
0.00983937
0.643057
0.643056
0.00968054
0.00960092
0.643055
0.643055
0.00951895
0.00936775
0.643054
0.643054
0.00928279
0.00920382
0.643054
0.00903966
0.643055
0.00897127
0.643055
0.643056
0.00889091
0.643057
0.00873037
0.00865332
0.643058
0.643058
0.00857909
0.643059
0.00841413
0.643059
0.00833811
0.643059
0.00826119
0.00809795
0.643059
0.643059
0.00802068
0.00795142
0.643058
0.643059
0.0077934
0.00770974
0.643059
0.643059
0.00762956
0.00746965
0.643063
0.643065
0.00739357
0.643066
0.00731842
0.643066
0.00716369
0.643066
0.00708847
0.643066
0.00701693
0.643066
0.0068592
0.643065
0.00678749
0.643065
0.00670564
0.643063
0.00655537
0.643063
0.00647955
0.643063
0.00640247
0.00625477
0.643062
0.643062
0.00618221
0.643062
0.0061067
0.00595879
0.643062
0.00588232
0.643062
0.00581103
0.643063
0.00566142
0.643064
0.643064
0.00558434
0.643065
0.00550791
0.00536596
0.643065
0.00529316
0.643065
0.00522117
0.643065
0.643066
0.00506315
0.643065
0.00499036
0.00491513
0.643065
0.00477625
0.643065
0.00469768
0.643065
0.643065
0.00462753
0.643065
0.00447946
0.643065
0.00440715
0.643065
0.0043353
0.00418213
0.643065
0.00410828
0.643064
0.00404395
0.64305
0.00389827
0.643052
0.643052
0.00382232
0.00375061
0.643052
0.00360771
0.643051
0.00353584
0.643051
0.643051
0.0034642
0.00332001
0.643051
0.64305
0.00324763
0.64305
0.00318105
0.64305
0.00303688
0.00520272
0.64305
0.00512939
0.64305
0.643051
0.00498482
0.00491521
0.643051
0.00484293
0.643051
0.643052
0.00469873
0.00463687
0.643052
0.643051
0.00456245
0.00441696
0.643051
0.643051
0.00434429
0.643051
0.00427178
0.0041335
0.643051
0.00405798
0.643051
0.00399557
0.643051
0.00384973
0.643051
0.643051
0.00377829
0.00370922
0.643051
0.00356275
0.643051
0.00349606
0.643051
0.00343071
0.643051
0.003285
0.643051
0.643051
0.00322204
0.643051
0.00314729
0.64305
0.00300505
0.00294015
0.643051
0.643055
0.00286351
0.643061
0.00271905
0.00264768
0.643062
0.00258431
0.643062
0.00245457
0.643062
0.00238937
0.643063
0.00231512
0.643063
0.643063
0.00219081
0.643064
0.00212906
0.00205556
0.643064
0.00191909
0.643066
0.643069
0.0018571
0.00179112
0.643071
0.643092
0.00165948
0.643089
0.00160357
0.00152931
0.643087
0.00139521
0.643085
0.00133331
0.643084
0.00125886
0.643084
0.00112342
0.643084
0.643083
0.00105525
0.643083
0.000986488
0.643083
0.000855973
0.000784515
0.643082
0.643082
0.000715029
0.643082
0.000579163
0.000510764
0.643081
0.000442964
0.643081
0.000313705
0.64308
0.64308
0.000244263
0.000175675
0.643079
4.58841e-05
0.643078
0.643078
-1.63347e-05
0.643077
-9.16579e-05
0.643077
-0.000226194
0.643077
-0.000288513
-0.000354395
0.643077
-0.000490038
0.643081
0.643082
-0.00055607
0.643082
-0.000614555
0.643083
-0.000743367
0.643083
-0.000812078
-0.000878109
0.643083
-0.0010095
0.643084
0.643084
-0.00107605
0.643084
-0.00113673
0.643083
-0.0012599
0.643083
-0.00132757
0.643083
-0.00139087
0.00433483
0.643083
0.00426921
0.643082
0.00420082
0.643082
0.643082
0.00407237
0.643082
0.00400947
0.00394511
0.643081
0.643081
0.00381071
0.643081
0.00374457
0.643081
0.00368366
0.00355461
0.64308
0.0034948
0.643079
0.0034248
0.643079
0.00330417
0.643078
0.00324
0.643078
0.00316734
0.643078
0.643078
0.00304837
0.643078
0.00298251
0.643078
0.0029202
0.0028014
0.643078
0.00272395
0.643078
0.00266993
0.643077
0.00254539
0.643078
0.00248712
0.643077
0.643077
0.00242181
0.643076
0.00230312
0.00223754
0.643076
0.00217518
0.643076
0.0020515
0.643076
0.00199508
0.643075
0.00192858
0.643075
0.00180326
0.643075
0.643075
0.0017413
0.001684
0.643074
0.0015602
0.643074
0.00149486
0.643074
0.00143565
0.643074
0.00131195
0.643073
0.00125672
0.643073
0.00119735
0.643073
0.00106659
0.643073
0.00100739
0.643072
0.000946521
0.643078
0.000819818
0.643089
0.000758036
0.643091
0.643091
0.000703502
0.000588231
0.643091
0.64309
0.000534238
0.000474395
0.64309
0.000356216
0.643089
0.000303229
0.643089
0.000248585
0.643089
0.643089
0.000140558
7.54246e-05
0.64309
2.51672e-05
0.64309
0.643092
-8.89267e-05
0.643091
-0.000148768
-0.000194623
0.643089
-0.000326217
0.643094
-0.000371278
0.643092
0.643091
-0.000435294
0.64309
-0.000549622
-0.000607034
0.643089
0.643089
-0.000656367
0.643089
-0.000772888
-0.00082333
0.643088
-0.000875327
0.643089
-0.000989838
0.643089
-0.00104485
0.643088
0.643089
-0.00110438
0.643088
-0.00120311
0.643088
-0.00126734
-0.00130959
0.643088
-0.00142885
0.643087
-0.00147668
0.643087
-0.00152953
0.643087
0.643105
-0.00163593
0.643104
-0.00168631
-0.00174212
0.643104
0.643103
-0.00185233
0.643103
-0.00190564
0.643102
-0.00196556
0.643102
-0.00207966
-0.00213258
0.643102
0.643102
-0.00218475
0.643103
-0.00230485
0.643103
-0.00235759
-0.00241272
0.643102
0.643102
-0.00252436
0.643102
-0.0025817
-0.00263473
0.643102
0.643101
-0.0027436
-0.00279924
0.6431
0.643101
-0.00285518
-0.00296603
0.6431
0.643098
-0.00302228
-0.00307955
0.643103
0.643104
-0.00318803
-0.00324691
0.643104
-0.00330196
0.643103
0.643103
-0.00341187
0.643103
-0.00345632
0.643102
-0.00351534
0.643102
-0.00362243
-0.00367525
0.643101
0.643101
-0.00373207
-0.00384356
0.6431
-0.00389446
0.6431
-0.00395527
0.643099
-0.00405829
0.643099
-0.00410296
0.643099
-0.00416009
0.643099
0.643098
-0.00426435
0.643098
-0.00431927
-0.0043771
0.643098
0.643098
-0.00447853
-0.00453868
0.643098
-0.00457916
0.643097
0.643097
-0.00468823
0.643097
-0.00474164
-0.00479521
0.643096
-0.00490438
0.64311
0.643105
-0.00495539
-0.00497657
0.643095
-0.00505503
0.643087
0.643088
-0.00510103
-0.00513896
0.643088
-0.00521971
0.643087
-0.00525582
0.643087
0.643087
-0.0053097
-0.00538554
0.643086
-0.0054273
0.643086
0.643086
-0.0054691
-0.00554525
0.643085
0.643085
-0.00558882
0.643085
-0.00563521
0.643085
-0.00572121
0.643085
-0.00576163
0.643084
-0.00579271
-0.00587919
0.643085
0.643085
-0.00592258
-0.00596235
0.643087
0.643086
-0.00603842
-0.00607755
0.643085
0.643084
-0.00611181
0.643085
-0.00618853
-0.00622382
0.643085
-0.00626185
0.643085
-0.00633752
0.643086
-0.00637907
0.643086
0.643085
-0.00641477
0.643084
-0.00649506
-0.00653476
0.643084
-0.00657405
0.643085
-0.00665587
0.643086
-0.0066886
0.643086
0.643083
-0.00673002
0.643094
-0.00682162
-0.00686423
0.643096
-0.00690672
0.643097
-0.00698169
0.643097
-0.00701576
0.643097
0.643097
-0.00706007
-0.00713821
0.643097
0.643097
-0.00717384
0.643097
-0.00720291
-0.00728146
0.643096
-0.00731707
0.643096
-0.00735249
0.643096
0.643095
-0.00742305
-0.00746511
0.643095
-0.00750694
0.643095
-0.0075714
0.643094
-0.00760791
0.643095
-0.0076502
0.643094
0.643094
-0.00772867
-0.00775364
0.643094
0.643094
-0.00779558
0.643094
-0.00787029
-0.0079124
0.643094
-0.00794349
0.643094
0.643094
-0.00801442
-0.0080515
0.643093
-0.00808336
0.643093
0.643094
-0.00815879
-0.00820047
0.643093
-0.00823513
0.643093
0.643092
-0.00830385
-0.00834522
0.643092
0.643092
-0.00837397
-0.00845184
0.643092
0.643092
-0.00847696
-0.00851941
0.643091
-0.00859125
0.643091
-0.00862743
0.643091
-0.00866032
0.643091
-0.00873857
0.643093
-0.00877635
0.643094
0.643094
-0.00881111
0.643094
-0.00887852
0.643094
-0.00891811
-0.00895032
0.643094
0.643094
-0.00902306
-0.00906342
0.643093
0.643093
-0.00909386
0.643093
-0.00915995
-0.00919993
0.643093
0.643093
-0.00923533
-0.00930449
0.643093
-0.00933955
0.643092
0.643092
-0.00937548
0.643092
-0.00944236
0.643092
-0.00947265
0.643092
-0.00950887
-0.00957952
0.643091
-0.00961638
0.643091
-0.00965551
0.643091
-0.00972458
0.643091
-0.00975871
0.643091
-0.00978487
0.64309
-0.00985917
0.64309
-0.00989111
0.64309
0.64309
-0.0099253
-0.009998
0.64309
-0.0100244
0.64309
0.643089
-0.0100665
0.643089
-0.0101313
-0.0101662
0.643089
0.643089
-0.0102085
-0.0102708
0.643089
-0.0102977
0.643089
0.643089
-0.0103367
0.643088
-0.0104029
0.643088
-0.0104434
0.643088
-0.0104726
-0.010533
0.643088
-0.0105712
0.643088
0.643087
-0.0105989
-0.0106659
0.643087
-0.0107006
0.643087
-0.0107305
0.643087
-0.0108107
0.643086
0.643086
-0.0108387
-0.0108717
0.643086
-0.0109434
0.643085
-0.0109736
0.643085
0.643085
-0.0109971
-0.0110639
0.643085
-0.0110986
0.643085
-0.0111396
0.643087
-0.0112065
0.643087
-0.0112375
0.643087
-0.0112722
0.643087
-0.0113331
0.643087
-0.0113659
0.643086
-0.0113984
0.643087
-0.0114713
0.643087
-0.0115076
0.643087
0.643087
-0.011532
0.643086
-0.011603
-0.011631
0.643086
-0.0116695
0.643086
-0.0117303
0.643087
0.643088
-0.011761
0.643088
-0.0117968
0.643087
-0.0118621
-0.0118942
0.643087
0.643087
-0.0119295
0.643087
-0.011984
-0.0120215
0.643087
-0.0120521
0.643086
-0.0121178
0.643087
0.643086
-0.0121409
-0.0121842
0.643086
0.643086
-0.0122448
-0.0122741
0.643085
-0.0123092
0.643086
-0.0123749
0.643085
0.643085
-0.0124091
0.643085
-0.0124377
0.643085
-0.012509
0.643084
-0.0125319
0.643084
-0.0125711
-0.0126312
0.643084
-0.012661
0.643084
-0.0126943
0.643084
0.643083
-0.0127502
0.643083
-0.0127877
-0.0128178
0.643083
-0.0128837
0.643083
0.643085
-0.0129199
-0.0129523
0.643085
0.643092
-0.0130213
-0.0130534
0.643095
0.643096
-0.013092
-0.0131568
0.643097
0.643097
-0.0131869
-0.0132244
0.643097
0.643097
-0.0132772
-0.0133134
0.643098
0.643098
-0.0133448
0.643098
-0.0134112
0.643098
-0.0134495
0.643099
-0.0134767
0.643098
-0.0135386
0.643098
-0.0135669
0.643098
-0.0135957
-0.013663
0.643098
0.643098
-0.0136962
0.643098
-0.0137262
-0.0137831
0.643098
0.643098
-0.0138168
-0.0138457
0.643098
0.643097
-0.0139071
-0.0139427
0.643097
-0.0139662
0.643097
-0.0140328
0.643097
0.643097
-0.0140597
-0.0140933
0.643097
0.643097
-0.0141544
-0.0141872
0.643096
-0.0142144
0.643096
0.643096
-0.0142817
-0.0143058
0.643096
0.643095
-0.0143357
0.643095
-0.0144033
0.643095
-0.0144332
-0.0144592
0.643095
0.643095
-0.0145194
-0.0145511
0.643095
0.643095
-0.0145872
-0.0146464
0.643096
0.643096
-0.0146716
-0.0147065
0.643096
-0.01476
0.643096
0.643096
-0.0147976
-0.0148281
0.643096
-0.0148847
0.643095
0.643096
-0.0149179
-0.0149429
0.643096
0.643096
-0.0150105
0.643096
-0.0150366
-0.0150641
0.643096
0.643096
-0.0151266
-0.0151574
0.643095
-0.0151858
0.643096
0.643096
-0.0152415
0.643095
-0.0152761
-0.0153063
0.643095
0.643096
-0.0153697
0.643095
-0.0153989
-0.0154293
0.643095
0.643095
-0.0154903
-0.0155132
0.643095
0.643095
-0.0155441
0.643095
-0.0156041
-0.0156352
0.643095
-0.0156613
0.643094
0.643095
-0.0157263
0.643095
-0.0157569
-0.0157817
0.643095
-0.0158432
0.643095
0.643095
-0.0158714
-0.0159034
0.643095
-0.0159594
0.643095
-0.0159962
0.643094
-0.0160244
0.643095
0.643094
-0.0160857
0.643094
-0.016117
0.643094
-0.0161422
0.643094
-0.0162039
-0.0162326
0.643094
0.643094
-0.0162627
-0.0163223
0.643094
-0.0163541
0.643094
0.643094
-0.0163798
0.643094
-0.0164308
0.643094
-0.0164748
0.643094
-0.016499
-0.0165548
0.643094
-0.0165836
0.643094
-0.016618
0.643094
-0.0166761
0.643094
-0.0166999
0.643094
-0.0167333
0.643094
-0.0167924
0.643094
-0.0168226
0.643094
-0.016847
0.643094
-0.0169067
0.643094
0.643094
-0.0169386
0.643094
-0.0169697
-0.0170242
0.643094
-0.0170581
0.643094
0.643094
-0.0170848
0.643093
-0.0171352
-0.0171655
0.643093
0.643093
-0.0171963
-0.017258
0.643093
0.643093
-0.0169105
-0.0169429
0.643093
0.643093
-0.016996
0.643093
-0.0170253
-0.0170576
0.643093
-0.0171129
0.643093
0.643093
-0.0171434
-0.0171689
0.643093
-0.0172311
0.643093
0.643093
-0.0172649
-0.0172912
0.643093
-0.0173451
0.643093
0.643093
-0.0173827
-0.0174074
0.643093
0.643093
-0.017469
-0.0174936
0.643093
-0.017517
0.643093
0.643093
-0.0175855
-0.0176193
0.64311
-0.0176461
0.643109
-0.0177091
0.64311
-0.017747
0.64311
0.64311
-0.0177766
0.64311
-0.0178455
0.64311
-0.0178829
0.64311
-0.0179127
0.64311
-0.0179843
-0.0180174
0.64311
-0.0180435
0.64311
-0.0181205
0.64311
-0.0181508
0.64311
0.64311
-0.0181797
0.64311
-0.0182533
-0.0182897
0.64311
0.64311
-0.0183163
-0.0183825
0.643109
-0.0184208
0.643109
-0.0184582
0.643109
0.643109
-0.0185193
-0.0185568
0.643109
-0.0185834
0.643108
-0.0186542
0.643108
0.643108
-0.0186834
0.643108
-0.0187242
0.643108
-0.0187841
-0.0188201
0.643108
0.643108
-0.0188531
0.643108
-0.0189213
0.643108
-0.0189473
0.643108
-0.0189756
0.643108
-0.0190524
0.643108
-0.0190812
0.643108
-0.0191127
0.643107
-0.0191768
-0.0192116
0.643107
-0.0192453
0.643107
0.643107
-0.0193135
0.643107
-0.0193419
-0.0193771
0.643106
0.643106
-0.0194352
0.643106
-0.0194607
0.643106
-0.0194986
0.643106
-0.0195625
-0.0195979
0.643106
0.643106
-0.019627
0.643105
-0.0196913
0.643105
-0.0197212
0.643105
-0.019758
0.643105
-0.0198222
-0.0198525
0.643105
0.643105
-0.0198849
0.643105
-0.0199485
-0.0199753
0.643105
0.643105
-0.0200108
0.643105
-0.0200787
-0.0201027
0.643104
0.643105
-0.0201363
-0.0201967
0.643105
-0.0202363
0.643105
-0.0202643
0.643105
0.643105
-0.0203246
0.643105
-0.0203517
-0.0203822
0.643105
0.643107
-0.0204431
-0.0204727
0.643108
0.643108
-0.0205082
-0.0205637
0.643109
-0.0205912
0.643108
0.643108
-0.0206215
0.643108
-0.0206774
-0.020705
0.643108
-0.0207365
0.643108
0.643108
-0.020791
0.643108
-0.0208152
0.643108
-0.020851
-0.0209074
0.643107
-0.0209315
0.643108
0.643107
-0.0209643
0.643107
-0.0210141
0.643107
-0.0210497
0.643107
-0.0210767
-0.0211313
0.643107
0.643107
-0.0211623
0.643107
-0.0211902
-0.0212409
0.643107
-0.0212678
0.643106
-0.021301
0.643106
0.643106
-0.0213639
-0.0213905
0.643106
-0.021414
0.643106
0.643106
-0.0214726
-0.0214998
0.643106
0.643106
-0.0215227
0.643106
-0.0215863
-0.0216043
0.643106
0.643106
-0.0216362
-0.0217007
0.643106
-0.0217228
0.643106
-0.0217475
0.643106
0.643105
-0.0218019
-0.0218298
0.643105
0.643105
-0.0218593
0.643105
-0.0219105
-0.0219396
0.643104
-0.0219672
0.643104
-0.0220249
0.643104
-0.0220494
0.643104
0.643104
-0.022076
0.643104
-0.0221394
0.643104
-0.0221626
0.643103
-0.0221909
0.643104
-0.022238
0.643103
-0.0222646
0.643103
-0.0222935
0.643103
-0.0223504
0.643103
-0.0223749
-0.0224033
0.643103
-0.0224587
0.643103
0.643103
-0.0224842
-0.0225124
0.643103
-0.0225689
0.643103
-0.0225957
0.643104
0.643104
-0.0226184
-0.0226723
0.643104
-0.0227003
0.643104
0.643104
-0.0227247
-0.0227844
0.643103
-0.0228156
0.643103
0.643103
-0.022839
0.643102
-0.0228895
0.643102
-0.022919
0.643101
-0.022946
0.643101
-0.0229915
0.643101
-0.0230192
-0.0230449
0.643101
0.643101
-0.0230978
-0.0231235
0.643101
-0.0231494
0.6431
-0.0232002
0.6431
0.6431
-0.0232313
0.6431
-0.0232557
0.6431
-0.0233074
0.6431
-0.0233382
0.6431
-0.0233607
0.6431
-0.0234221
-0.0234451
0.6431
0.6431
-0.0234672
0.643106
-0.0235365
0.643109
-0.0235534
0.64311
-0.0235829
0.643111
-0.0236416
-0.0236683
0.643111
-0.0236926
0.643111
-0.0237448
0.643111
-0.0237733
0.643111
0.64311
-0.0238056
0.64311
-0.0238584
-0.0238821
0.643111
0.643111
-0.023905
0.643111
-0.0239609
-0.0239845
0.643111
-0.0240079
0.643111
0.64311
-0.0240599
0.643111
-0.0240819
0.64311
-0.0241104
0.64311
-0.0241673
0.643111
-0.0241899
0.64311
-0.0242182
0.64311
-0.0242694
-0.0242948
0.64311
0.64311
-0.0243234
-0.0243712
0.64311
-0.0243939
0.64311
-0.0244223
0.64311
0.64311
-0.0244732
-0.0244965
0.64311
0.64311
-0.0245298
0.64311
-0.024578
0.64311
-0.0246043
0.643109
-0.0246277
0.643109
-0.0246794
0.643109
-0.0247072
-0.0247307
0.643109
0.643109
-0.0247786
0.643109
-0.0248071
-0.0248338
0.643108
-0.0248817
0.643108
-0.0249035
0.643108
0.643108
-0.0249313
-0.0249785
0.643108
0.643108
-0.0250066
0.643108
-0.0250299
0.643108
-0.0250816
-0.0251111
0.643108
-0.0251336
0.643108
0.643108
-0.0251813
0.643108
-0.0252085
0.643108
-0.0252332
-0.0252787
0.643107
-0.0253073
0.643107
-0.0253307
0.643107
-0.0253826
0.643107
-0.0254104
0.643107
-0.0254332
0.643107
0.643107
-0.0254856
0.643107
-0.0255079
0.643107
-0.0255327
0.643106
-0.025577
-0.0256043
0.643106
0.643106
-0.0256291
0.643106
-0.02568
-0.0257028
0.643106
0.643106
-0.0257322
-0.0257785
0.643106
0.643106
-0.0258061
0.643106
-0.02583
0.643105
-0.0258782
0.643106
-0.0259053
0.643106
-0.0259283
-0.0259768
0.643105
-0.0260028
0.643105
-0.0260284
0.643105
-0.0260709
0.643105
-0.0260936
0.643105
0.643105
-0.0261189
-0.0261706
0.643105
0.643105
-0.0261938
0.643105
-0.0262137
-0.0262657
0.643104
-0.02629
0.643104
-0.0263184
0.643104
0.643104
-0.0263642
0.643103
-0.0263826
0.643104
-0.0264082
-0.0264556
0.643104
0.643104
-0.0264791
0.643104
-0.0265036
-0.0265548
0.643104
-0.0265737
0.643103
0.643103
-0.0265975
0.643103
-0.0266543
0.643103
-0.0266694
0.643103
-0.0266949
-0.0267418
0.643103
0.643102
-0.0267685
-0.026791
0.643103
-0.0268402
0.643102
0.643103
-0.0268602
-0.0268828
0.643103
0.643102
-0.0269368
0.643103
-0.02696
0.643103
-0.0269828
0.643103
-0.0270296
-0.0270502
0.643103
0.643103
-0.0270794
0.643102
-0.0271206
0.643102
-0.0271456
0.643102
-0.0271745
0.643102
-0.0272191
0.643102
-0.0272359
0.643101
-0.0272609
-0.0273044
0.643101
0.6431
-0.0273356
0.643101
-0.0273569
0.6431
-0.0274054
0.6431
-0.0274241
0.6431
-0.0274508
0.6431
-0.0274912
-0.0275186
0.6431
0.6431
-0.0290486
0.6431
-0.0290873
0.6431
-0.0291103
-0.0291388
0.6431
0.6431
-0.0291856
0.6431
-0.02921
-0.0292254
0.643099
0.643099
-0.0292745
-0.0292911
0.643099
-0.0293226
0.6431
0.6431
-0.0293611
0.643099
-0.0293951
-0.0294174
0.6431
0.6431
-0.0294589
0.6431
-0.0294797
-0.0294974
0.6431
-0.0295457
0.6431
-0.0295706
0.6431
0.6431
-0.0295936
0.643099
-0.0296415
-0.0296586
0.643099
-0.0296798
0.643098
-0.0297302
0.643098
0.643098
-0.0297417
-0.0297671
0.643097
0.643097
-0.0298172
-0.02984
0.643097
-0.029852
0.643097
0.643097
-0.0299042
0.643097
-0.0299258
0.643097
-0.0299519
0.643097
-0.0299885
-0.0300157
0.643097
0.643096
-0.0300384
0.643096
-0.0300798
0.643096
-0.0300968
0.643096
-0.0301237
0.643096
-0.030164
-0.0301899
0.643096
-0.0302107
0.643096
0.643097
-0.0302604
-0.0302851
0.643097
0.643097
-0.0303031
0.643097
-0.0303469
0.643098
-0.0303709
0.643098
-0.0303891
0.643098
-0.0304344
0.643098
-0.0304579
-0.0304843
0.643097
-0.0305191
0.643097
-0.0305431
0.643097
-0.030559
0.643096
-0.0306052
0.643095
0.643095
-0.0306266
-0.0306454
0.643095
-0.0306938
0.643094
-0.0307086
0.643094
-0.0307326
0.643094
0.643094
-0.0307701
0.643094
-0.0307986
-0.0308229
0.643094
0.643094
-0.0308665
-0.0308855
0.643093
-0.0309023
0.643094
0.643094
-0.0309542
0.643094
-0.0309722
0.643094
-0.0309931
0.643094
-0.0310317
0.643093
-0.0310548
0.643094
-0.0310776
0.643094
-0.0311301
0.643094
-0.0311412
0.643095
-0.0311699
0.643081
-0.0311841
-0.0311971
0.643077
0.643077
-0.0312158
-0.0312554
0.643075
0.643074
-0.031277
-0.0312999
0.643072
0.643069
-0.0313427
0.643068
-0.0313694
0.643068
-0.0313947
0.643068
-0.0314425
0.643068
-0.0314623
0.643068
-0.0314804
-0.0315333
0.643068
0.643068
-0.0315479
0.643067
-0.0315774
0.643067
-0.031618
0.643067
-0.0316388
0.643067
-0.0316616
0.643067
-0.0317138
0.643067
-0.0317319
-0.0317545
0.643067
0.643067
-0.0318013
0.643067
-0.0318286
-0.0318529
0.643067
0.643066
-0.0318926
0.643066
-0.0319158
0.643066
-0.0319392
0.643066
-0.0319782
-0.0320017
0.643066
-0.0320308
0.643066
-0.0320658
0.643066
0.643066
-0.0320928
0.643066
-0.0321161
0.643066
-0.0321567
0.643066
-0.0321801
-0.0322039
0.643066
0.643066
-0.0322472
-0.0322652
0.643065
0.643065
-0.0322897
-0.032335
0.643065
0.643065
-0.0323627
0.643065
-0.0323781
0.643065
-0.032426
-0.0324398
0.643065
0.643065
-0.0324634
0.643065
-0.0325121
0.643065
-0.0325361
-0.0325641
0.643065
0.643064
-0.0326031
-0.0326267
0.643064
0.643064
-0.0326374
-0.0326864
0.643064
0.643064
-0.0327142
0.643064
-0.0327348
0.643064
-0.0327718
0.643064
-0.0328012
0.643064
-0.0328177
0.643064
-0.0328637
0.643063
-0.0328801
-0.0329025
0.643063
0.643064
-0.0329472
-0.0329721
0.643063
0.643063
-0.0329909
0.643063
-0.033035
-0.0330581
0.643063
-0.033076
0.643063
0.643063
-0.0331224
-0.033138
0.643063
-0.0331599
0.643063
0.643062
-0.0332089
-0.0332288
0.643063
-0.033248
0.643062
0.643063
-0.0332922
-0.0333209
0.643062
0.643062
-0.033336
-0.0333808
0.643062
0.643063
-0.0333966
0.643065
-0.0334191
-0.0334535
0.643064
-0.0334788
0.643063
0.643062
-0.0335082
0.643062
-0.033545
0.643062
-0.0335694
-0.0335903
0.643062
0.643061
-0.033624
0.643062
-0.0336406
-0.0336656
0.643061
-0.0337001
0.643061
-0.0337192
0.643061
-0.0337349
0.643061
0.643061
-0.0337752
-0.0337857
0.643061
0.643061
-0.0338064
0.643061
-0.0338454
0.643061
-0.033867
-0.0338901
0.643061
-0.0339219
0.643061
-0.0339372
0.643061
-0.0339578
0.643061
-0.0339927
0.643061
0.64306
-0.0340129
0.64306
-0.0340334
0.64306
-0.0340684
-0.0340875
0.64306
-0.0341046
0.64306
-0.0341436
0.64306
0.64306
-0.0341596
-0.0341806
0.64306
-0.0342151
0.64306
-0.0342363
0.64306
-0.0342542
0.643059
0.64306
-0.0342908
0.643059
-0.0343095
0.643059
-0.0343303
-0.0343614
0.643059
-0.0343872
0.643059
-0.0343961
0.643059
-0.0344394
0.643059
0.643059
-0.0344512
0.643059
-0.0344737
-0.0345089
0.643059
-0.034528
0.643059
-0.0345489
0.643059
0.643059
-0.0345836
0.643059
-0.034603
-0.0346151
0.643059
0.643059
-0.0346583
0.643059
-0.0346699
0.245678
0.245678
0.212784
0.2018
0.191449
0.168884
0.15721
0.145947
0.121934
0.10979
0.0981319
0.072083
0.208839
0.208839
0.05871
0.208839
0.0463229
0.208839
0.0183578
0.208839
0.00393286
0.208839
-0.00746945
-0.031031
0.208839
0.208839
-0.0421995
0.208839
-0.0497874
0.208839
-0.0464616
0.208839
-0.0537607
0.208839
-0.0628668
0.208839
-0.0757136
0.208839
-0.0821298
0.208839
-0.0833254
-0.0850527
0.208839
-0.0862427
0.208839
0.208839
-0.086931
0.208839
-0.0878534
-0.0876933
0.208839
-0.0861889
0.208839
-0.0792451
0.208839
0.208839
-0.0755307
0.208839
-0.0725331
-0.0650523
0.208839
-0.061723
0.208839
-0.0594119
0.208839
-0.0549804
0.208839
-0.0535568
0.208839
-0.05307
0.208839
0.208839
-0.0536749
0.208839
-0.0551609
-0.0568649
0.208839
-0.0625863
0.208839
-0.0666102
0.208839
0.208839
-0.0704275
0.208839
-0.0781302
0.208839
-0.0809361
-0.0819685
0.208839
0.208839
-0.0842464
-0.0853071
0.208839
0.208839
-0.0858295
-0.0865102
0.208839
0.208839
-0.0868803
-0.0906176
0.208839
0.208839
-0.0898719
0.208839
-0.0885504
-0.0882987
0.208839
-0.0889656
0.208839
-0.088634
0.208839
0.208839
-0.0874481
-0.0807592
0.208839
0.208839
-0.0770693
0.208839
-0.0739711
0.208839
-0.0662985
-0.0632295
0.208839
0.208839
-0.060985
0.208839
-0.0719862
-0.0681625
0.208839
0.208839
-0.0624021
0.208839
-0.0586757
0.208839
-0.0585927
0.208839
-0.0596481
0.208839
-0.0630678
-0.0659885
0.208839
-0.0701589
0.208839
-0.0774902
0.208839
0.206302
-0.0793243
-0.0797821
0.195307
0.190783
-0.081988
-0.0829332
0.180771
0.182682
-0.0838402
0.174509
-0.0847856
0.159615
-0.0851862
-0.0854301
0.143708
0.109833
-0.0857079
-0.0857715
0.0910273
0.0728002
-0.0857599
-0.0858044
0.0340791
0.0157124
-0.085724
0.00107879
-0.0857113
-0.027872
-0.0828897
-0.0397992
-0.080358
-0.0473221
-0.0775672
-0.0622805
-0.0703678
-0.066902
-0.0679889
-0.0641394
-0.0711103
-0.0773018
-0.0585463
-0.0562533
-0.0796698
-0.080937
-0.0547456
-0.0526849
-0.0833413
-0.0523211
-0.0842427
-0.0847375
-0.0528219
-0.0855839
-0.0555828
-0.0858003
-0.0576013
-0.0601306
-0.0858356
-0.0857511
-0.0672538
-0.0699258
-0.0856449
-0.0854735
-0.0715907
-0.0750857
-0.0850451
-0.0766205
-0.0847931
-0.0776245
-0.0845283
-0.0793347
-0.0838868
-0.0835388
-0.0799904
-0.0804029
-0.0832048
-0.0824794
-0.0811974
-0.0821117
-0.0815088
-0.0817769
-0.0816685
-0.0819188
-0.0809544
-0.0805244
-0.0819937
-0.081962
-0.0801214
-0.0792008
-0.0813254
-0.0787306
-0.0801448
-0.0782898
-0.0783104
-0.0773284
-0.073007
-0.0768433
-0.0701696
-0.07639
-0.0675479
-0.0753926
-0.0617731
-0.0748856
-0.059238
-0.074421
-0.0572905
-0.0539322
-0.0746495
-0.0528097
-0.0746778
-0.0746925
-0.0524561
0.208839
0.245678
0.245678
0.208839
0.212771
0.208839
0.201771
0.208839
0.208839
0.191385
0.168821
0.208839
0.157149
0.208839
0.208839
0.145889
0.121856
0.208839
0.208839
0.109714
0.208839
0.0980301
0.0719643
0.208839
0.208839
0.0585894
0.208839
0.0461957
0.0182158
0.208839
0.00375523
0.208839
0.208839
-0.00767239
0.208839
-0.0310815
0.208839
-0.0422341
0.208839
-0.0497202
-0.046171
0.208839
-0.0534865
0.208839
0.208839
-0.0626485
-0.0752854
0.208839
-0.0818959
0.208839
0.208839
-0.0832034
0.208839
-0.0850669
0.208839
-0.0862448
-0.0869147
0.208839
0.208839
-0.0878409
-0.0876889
0.208839
0.208839
-0.0861915
0.208839
-0.0792131
0.208839
-0.0754834
-0.072478
0.208839
0.208839
-0.064953
0.208839
-0.0616305
-0.0593025
0.208839
0.208839
-0.0549255
0.208839
-0.0535248
0.208839
-0.053059
-0.0537182
0.208839
0.208839
-0.0552392
0.208839
-0.0569967
-0.0628318
0.208839
0.208839
-0.0669183
-0.0702795
0.208839
-0.0780491
0.208839
-0.0809462
0.208839
0.208839
-0.0819874
-0.0842287
0.208839
0.208839
-0.0852901
0.208839
-0.0858403
-0.0865096
0.208839
0.208839
-0.0870091
0.208839
-0.0904847
-0.0897372
0.208839
0.208839
-0.0885114
-0.0883036
0.208839
0.208839
-0.0889457
-0.08893
0.208839
-0.0886561
0.208839
-0.0833956
0.208839
-0.0799634
0.208839
0.208839
-0.0768388
-0.068875
0.208839
-0.0652219
0.208839
-0.0628463
0.208839
0.208839
-0.0737649
-0.0694967
0.208839
-0.0632216
0.208839
-0.0584198
0.208839
0.208839
-0.0578184
0.208839
-0.058293
-0.0610266
0.208839
-0.0631092
0.208839
-0.0660769
0.208839
-0.0747944
0.208839
-0.0774257
0.206302
0.195307
-0.0783202
-0.0809572
0.190785
0.180779
-0.0819239
-0.082707
0.18269
0.174518
-0.0843929
0.159631
-0.0849878
-0.0851869
0.143741
-0.0855377
0.109852
-0.0856556
0.0910933
0.0729169
-0.0856628
0.0341754
-0.085746
0.0157888
-0.0856794
0.00117347
-0.0856708
-0.0846018
-0.0277903
-0.0827134
-0.0397123
-0.0801024
-0.0473628
-0.0623095
-0.0730913
-0.0696151
-0.067985
-0.0710512
-0.0667514
-0.0603888
-0.077401
-0.0797655
-0.0577931
-0.0810103
-0.0560281
-0.0532949
-0.0833856
-0.0842717
-0.0525421
-0.052566
-0.0847354
-0.0855822
-0.0543855
-0.0559551
-0.0858029
0.245678
0.245678
0.212879
0.201935
0.19163
0.169025
0.157317
0.145847
0.121789
0.109557
0.0975825
0.0711585
0.057618
0.0448912
0.0163657
0.00229973
-0.00901651
-0.0325052
-0.043458
-0.0507532
-0.0471289
-0.0542662
-0.0632614
-0.0769913
-0.0838987
-0.0851587
-0.0854939
-0.0862739
-0.0871154
-0.086752
-0.0846485
-0.0815141
-0.0735811
-0.069878
-0.0670065
-0.0602464
-0.0574993
-0.0558791
-0.053239
-0.0526814
-0.0532538
-0.0557773
-0.0581029
-0.0611158
-0.0687159
-0.0728981
-0.0764688
-0.0825852
-0.0840637
-0.0846208
-0.0858211
-0.0864408
-0.0867542
-0.087077
-0.0905706
-0.0917818
-0.0873911
-0.0872258
-0.0887393
-0.0879172
-0.0850749
-0.0811282
-0.0731668
-0.069911
-0.0673998
-0.061011
-0.0750065
-0.0726565
-0.0606458
-0.0581193
-0.0582819
-0.0594497
-0.0606701
-0.0627327
-0.0702808
-0.0745783
-0.076802
-0.0799847
-0.0812356
-0.0820551
-0.0844432
-0.0850286
-0.0849189
-0.085031
-0.0853974
-0.0857306
-0.0858423
-0.08582
-0.0858261
-0.085548
-0.0845243
-0.0825739
-0.0761321
-0.0727007
-0.069782
-0.0630927
-0.06017
-0.0580297
-0.0542114
-0.0529871
-0.052631
-0.0532606
-0.05456
-0.0561532
-0.0615363
-0.0651668
-0.0682534
0.181184
0.357942
0.573331
0.5918
0.593224
0.587536
0.208839
0.245678
0.245678
0.208839
0.212774
0.208839
0.208839
0.202044
0.208839
0.191477
0.208839
0.168933
0.208839
0.157244
0.208839
0.145866
0.121098
0.208839
0.10835
0.208839
0.208839
0.0959542
0.0678898
0.208839
0.208839
0.0536162
0.208839
0.0402302
0.208839
0.0110589
0.208839
-0.00242852
0.208839
-0.0130153
0.208839
-0.0362125
-0.0465273
0.208839
0.208839
-0.0534561
0.208839
-0.0488761
0.208839
-0.0556262
0.208839
-0.064422
-0.0776353
0.208839
-0.0826816
0.208839
-0.0829133
0.208839
-0.0852721
0.208839
0.208839
-0.0865631
0.208839
-0.087
0.208839
-0.0851836
0.208839
-0.0826078
-0.0794237
0.208839
-0.0714567
0.208839
0.208839
-0.067749
0.208839
-0.0650251
0.208839
-0.0587404
0.208839
-0.0562352
-0.0548207
0.208839
-0.0530756
0.208839
-0.0529083
0.208839
0.208839
-0.053756
0.208839
-0.057615
-0.0601617
0.208839
-0.0631126
0.208839
-0.0712889
0.208839
0.208839
-0.074557
-0.0777892
0.208839
-0.0832198
0.208839
-0.0845556
0.208839
-0.0847428
0.208839
-0.086111
0.208839
0.208839
-0.0867206
-0.0869342
0.208839
-0.0871185
0.208839
-0.0912872
0.208839
0.208839
-0.0919104
-0.0872306
0.208839
0.208839
-0.0871365
0.208839
-0.0887315
0.208839
-0.0884576
0.208839
-0.0864576
0.208839
-0.0835318
0.208839
-0.0755814
-0.0717864
0.208839
0.208839
-0.0688332
-0.0625858
0.208839
-0.0598042
0.208839
-0.0740376
0.208839
0.208839
-0.0660724
-0.0610586
0.208839
0.208839
-0.0594757
-0.0591627
0.208839
0.208839
-0.0603368
-0.062315
0.208839
0.208839
-0.0653961
-0.0671231
0.208839
0.208839
-0.0670948
-0.0630785
0.208839
0.206302
-0.0611127
-0.0592371
0.195307
-0.05476
0.190779
0.180761
-0.052975
0.182673
-0.0518816
-0.0504941
0.174499
0.159606
-0.0504528
-0.0511546
0.143713
0.109814
-0.0546017
0.0910053
-0.0573146
-0.0602451
0.072781
-0.0681345
0.0340471
-0.0713042
0.0156918
0.00129783
-0.0733484
-0.0278519
-0.0779146
-0.0797475
-0.0398355
-0.0807624
-0.0474805
-0.082553
-0.0623622
-0.0680304
-0.0832951
-0.0837119
-0.0710867
-0.0844658
-0.0773875
-0.084751
-0.0797518
-0.0849527
-0.080997
-0.0851374
-0.083437
-0.0843235
-0.0851542
-0.0847922
-0.0852131
-0.0849991
-0.0856201
-0.0858336
-0.0832131
-0.0810315
-0.0858646
-0.0857727
-0.0750855
-0.0856613
-0.0716934
-0.0685878
-0.0854884
-0.085055
-0.0622099
-0.0848018
-0.0594858
-0.0845356
-0.0574654
-0.0838915
-0.0540713
-0.0530618
-0.083805
-0.0527653
-0.0839467
-0.0540221
-0.0761437
-0.083149
-0.0554783
-0.0573744
-0.0771809
-0.0630818
-0.0820993
-0.0783303
-0.0658204
-0.0677352
-0.0815871
-0.0789154
-0.0715037
-0.0730755
-0.0767635
-0.0772208
-0.0741572
-0.0738408
-0.0761937
-0.0760819
-0.0769551
-0.0774428
-0.0752373
-0.0731817
-0.0786404
-0.0734757
-0.079114
-0.0793767
-0.0732931
-0.0733762
-0.0797546
-0.0798417
-0.0733561
-0.0798263
-0.0732608
-0.0729288
-0.079675
-0.0795884
-0.0727051
-0.0786834
-0.0724576
-0.0718706
-0.0746517
-0.0718818
-0.0715477
-0.0712197
-0.0695814
-0.0704381
-0.064145
-0.0702807
-0.0615282
-0.0593262
-0.0698608
-0.0552117
-0.0688416
-0.0536411
-0.0681088
-0.0526171
-0.0675148
-0.0516587
-0.0684134
-0.0669911
-0.0517635
-0.06669
-0.052357
-0.0670127
-0.0550995
-0.0677333
-0.0568208
-0.058452
-0.0662402
-0.0613056
-0.0634078
-0.0629634
-0.0625043
-0.0634031
-0.0623593
-0.0650627
-0.0616537
-0.0657329
-0.0610794
-0.0662202
-0.0604529
-0.0671369
-0.0589912
-0.0674779
-0.0584593
-0.0677208
-0.0579611
-0.068144
-0.0568013
-0.0682605
-0.0562619
-0.0682855
-0.0554092
-0.0682638
-0.0540836
-0.0681565
-0.0533992
-0.0679333
-0.0527696
-0.0663006
-0.0511024
-0.0502335
-0.0648574
-0.0496547
-0.0631211
-0.0591045
-0.0500216
-0.057171
-0.0492678
-0.055363
-0.0487942
-0.0517673
-0.0484569
-0.0502018
-0.0480831
-0.0489377
-0.0468231
-0.0469717
-0.0457486
-0.0463588
-0.0463499
-0.0457055
-0.0460797
-0.0464168
-0.045008
-0.0469396
-0.0447107
-0.0477405
-0.0436863
-0.0492971
-0.0417818
-0.0408851
-0.0499184
-0.0400623
-0.050396
-0.0381609
-0.0512353
-0.0372926
-0.0515567
-0.03651
-0.0517873
-0.052132
-0.0347212
-0.052239
-0.0338829
-0.0522902
-0.0330197
-0.0522889
-0.0312419
-0.0522309
-0.0303975
-0.0521498
-0.0295413
-0.0518986
-0.0277717
-0.0517225
-0.0269122
-0.0515216
-0.0260874
-0.0507073
-0.0243315
-0.0500024
-0.0234669
-0.0490987
-0.022634
-0.0209478
-0.0467246
-0.0201209
-0.045453
-0.0193445
-0.0442595
-0.0417312
-0.0193545
-0.01909
-0.0405398
-0.0394752
-0.018282
-0.0376534
-0.0182768
-0.0180289
-0.0368593
-0.0362295
-0.017215
-0.0353508
-0.0167023
-0.0159208
-0.0349808
-0.0151963
-0.034923
-0.0147706
-0.0349299
-0.0139942
-0.0347554
-0.0346674
-0.0133418
-0.034479
-0.0129447
-0.0341693
-0.0122589
-0.033971
-0.0116771
-0.0335027
-0.0105185
-0.0100007
-0.0330868
-0.0327678
-0.00948708
-0.0321485
-0.00854163
-0.00808779
-0.031665
-0.00768105
-0.0311762
-0.0301604
-0.00693094
-0.0296641
-0.00659215
-0.00634807
-0.0291438
-0.00589043
-0.0279948
-0.00571476
-0.0272947
-0.00556461
-0.026642
-0.0251928
-0.00533449
-0.0244019
-0.00525053
-0.0236514
-0.00520195
-0.0221335
-0.00518314
-0.0213987
-0.00519567
-0.00526025
-0.0206948
-0.0193191
-0.00545786
-0.00556586
-0.0186457
-0.0180056
-0.00567665
-0.0167037
-0.00573168
-0.0160583
-0.00568984
-0.0154225
-0.00582837
-0.0140666
-0.00595456
-0.00618959
-0.0133994
-0.00625726
-0.0127232
-0.0064316
-0.011352
-0.00658732
-0.010664
-0.00998295
-0.00671121
-0.00700414
-0.00862007
-0.00792985
-0.00714282
-0.00724238
-0.00726332
-0.00589412
-0.00747767
-0.00522923
-0.00756761
-0.00764261
-0.00460021
-0.00335101
-0.00776881
-0.00275206
-0.00781692
-0.00786289
-0.00218819
-0.00107699
-0.00787804
-0.000553085
-0.00784409
-0.00011508
-0.00778684
0.000607502
-0.00764569
0.000907829
-0.00752978
0.00113276
-0.00741228
0.00152739
-0.00711032
-0.00702159
0.00169771
0.00182148
-0.00702999
0.00205919
-0.00686978
-0.0067646
0.00216933
0.00227948
-0.00676785
0.00250363
-0.00625865
0.00261704
-0.00597735
-0.00569305
0.00274102
0.00296645
-0.00517958
0.00308201
-0.00510578
-0.0047316
0.00313665
0.0031356
-0.00379765
0.00305568
-0.00336576
-0.00286572
0.00295687
0.00269728
-0.00188532
0.00249335
-0.001385
-0.000764792
0.00231917
0.00180791
0.000462195
0.00153349
0.00118645
0.00181579
0.00121338
0.00337447
0.000500065
0.00409638
0.0001358
0.00489339
-0.000214927
-0.000946135
0.0065778
0.00740875
-0.00131424
-0.00166241
0.00836029
-0.00229957
0.0103946
-0.00255845
0.011555
0.0125407
-0.00276118
-0.00307851
0.0142276
-0.00322358
0.014225
-0.00333764
0.0142235
-0.00353359
0.0163627
-0.0036247
0.0179997
-0.00371288
0.0190648
-0.00393234
0.0186024
0.0188934
-0.00406042
-0.00420017
0.0201798
-0.00456524
0.0232916
-0.00477356
0.0249496
0.0265484
-0.00499381
-0.00543961
0.0301204
-0.00560352
0.0294411
-0.00576319
0.0283968
0.0324488
-0.00598551
-0.00608399
0.0316764
-0.00612027
0.0307715
-0.00614678
0.0351475
-0.0061389
0.0344285
0.033578
-0.00608338
-0.0059684
0.0368118
0.0368064
-0.00584728
-0.00568874
0.039264
0.0443494
-0.00528908
-0.00504177
0.046489
-0.00477786
0.0493179
-0.00414048
0.0546119
0.0573225
-0.00382368
-0.00352413
0.0600098
0.0661421
-0.00289385
-0.0026199
0.0696183
-0.00237124
0.0727472
-0.00188017
0.0798789
0.0838334
-0.00161974
0.0874836
-0.0013491
0.0956936
-0.000709386
0.10009
-0.000396419
0.104414
-5.20229e-05
0.113652
0.000894861
0.00137241
0.118207
0.123265
0.00196699
0.13348
0.00338396
0.138373
0.00414892
0.00495437
0.143666
0.155198
0.00647672
0.0073791
0.160701
0.0083237
0.166341
0.0103994
0.177959
0.18389
0.0113689
0.0124711
0.189644
0.201587
0.0147955
0.0161548
0.205669
0.0173588
0.205621
0.0199233
0.205583
0.0214208
0.205576
0.0228282
0.205573
0.20557
0.025926
0.0276301
0.20557
0.20557
0.0289641
0.205569
0.0313547
0.205569
0.032208
0.205569
0.0329727
0.0345946
0.205569
0.205752
0.0355532
0.0361509
0.211007
0.211098
0.0380252
0.212234
0.0390137
0.0399146
0.213313
0.212979
0.0430014
0.21297
0.0445825
0.0468472
0.212965
0.212961
0.0516776
0.212961
0.0546245
0.0576055
0.212961
0.0638795
0.213413
0.221512
0.067476
0.229148
0.0707093
0.0780136
0.228624
0.228831
0.081955
0.085846
0.234043
0.0940342
0.24624
0.0985919
0.250753
0.10286
0.255556
0.112521
0.265058
0.117022
0.269091
0.272685
0.12203
0.272665
0.132466
0.272657
0.137447
0.1424
0.275664
0.15164
0.283272
0.285587
0.155696
0.287627
0.159263
0.290952
0.165847
0.16899
0.291571
0.291552
0.171817
0.177936
0.291535
0.291532
0.180748
0.183789
0.29153
0.292306
0.190285
0.193625
0.29282
0.197434
0.292671
0.206239
0.291073
0.291153
0.210568
0.215079
0.290402
0.286522
0.223713
0.284048
0.227986
0.281241
0.232186
0.239384
0.281541
0.242783
0.280108
0.276652
0.245765
0.25145
0.268032
0.253704
0.263161
0.255684
0.257932
0.258482
0.245886
0.259556
0.239144
0.260351
0.232134
0.216687
0.260956
0.208361
0.260521
0.199921
0.259852
0.181551
0.256865
0.171971
0.25468
0.162516
0.251985
0.245277
0.14245
0.132256
0.241396
0.122493
0.237218
0.102169
0.227953
0.0921591
0.222908
0.0828267
0.217699
0.0637547
0.206262
0.0546543
0.20016
0.0464755
0.193857
0.18019
0.0299704
0.0222522
0.17294
0.0155293
0.165542
0.149654
0.00225123
-0.00373172
0.141511
-0.00880726
0.133563
0.116947
-0.0187701
-0.0232271
0.108625
-0.0269249
0.100694
0.0843034
-0.0341625
-0.0373007
0.0762997
-0.0398262
0.0688922
0.05378
-0.0447056
0.0465415
-0.0468169
-0.0485226
0.0399675
0.026832
-0.051812
0.020709
-0.0532335
0.0153089
-0.05435
-0.0564483
0.00473062
-0.0573557
0.000328604
-0.00307647
-0.0580739
-0.00901296
-0.0593439
-0.0113898
-0.0598344
-0.0133119
-0.0601957
-0.063623
-0.0166809
-0.0621688
-0.0178852
-0.0187877
-0.0601349
-0.0601988
-0.0208694
-0.0624963
-0.0219892
-0.0634734
-0.0232173
-0.0263488
-0.0635418
-0.0280481
-0.061974
-0.02988
-0.0614008
-0.0344182
-0.0635485
-0.0645233
-0.0365908
-0.0632349
-0.0382856
-0.0415139
-0.060698
-0.0624076
-0.0429273
-0.0637657
-0.0441011
-0.0627536
-0.0463046
-0.0624711
-0.0472609
-0.0480535
-0.0623827
-0.0622186
-0.0496122
-0.0622385
-0.0502791
-0.0508101
-0.0624317
-0.051847
-0.0625565
-0.0522906
-0.0611163
-0.0526266
-0.0603976
-0.0618266
-0.053086
-0.0613937
-0.0530271
-0.0526619
-0.0611094
-0.0510424
-0.0610786
-0.0499908
-0.0609202
-0.0607265
-0.0488618
-0.0604554
-0.046256
-0.0449703
-0.060358
-0.0437967
-0.0602591
-0.0415939
-0.0599717
-0.0406795
-0.0597924
-0.0596524
-0.040008
-0.0391408
-0.0594172
-0.0390835
-0.0593195
-0.0391903
-0.0592126
-0.0400329
-0.0591588
-0.0591578
-0.0407892
-0.0415707
-0.0591406
-0.0591449
-0.04283
-0.059173
-0.0433636
-0.0438073
-0.0592493
-0.0446901
-0.0593738
-0.0450747
-0.0593898
-0.0454286
-0.0593923
-0.0595584
-0.0461687
-0.0465704
-0.0596301
-0.0597321
-0.0469472
-0.0600287
-0.0476405
-0.0602053
-0.0480333
-0.0483996
-0.060357
-0.0490234
-0.0607141
-0.0609089
-0.0492125
-0.0492372
-0.0611014
-0.0483961
-0.0615498
-0.0477089
-0.0618079
-0.0620202
-0.0468994
-0.0447593
-0.0625232
-0.0436351
-0.0628093
-0.0631085
-0.042563
-0.0404125
-0.063655
0.208839
0.245678
0.208839
0.245678
0.208839
0.21279
0.201801
0.208839
0.208839
0.191441
0.208839
0.168871
0.208839
0.157194
0.145932
0.208839
0.208839
0.121899
0.109758
0.208839
0.208839
0.0980777
0.0720087
0.208839
0.058613
0.208839
0.208839
0.0461382
0.0181036
0.208839
0.208839
0.0034895
0.208839
-0.00829566
0.208839
-0.031695
0.208839
-0.0427644
-0.0501933
0.208839
-0.046743
0.208839
0.208839
-0.0539689
0.208839
-0.0630154
0.208839
-0.0759843
-0.0823037
0.208839
-0.0831418
0.208839
-0.0850386
0.208839
-0.0863044
0.208839
0.208839
-0.0869639
0.208839
-0.087797
-0.0873933
0.208839
0.208839
-0.0853293
0.208839
-0.0777558
0.208839
-0.0740748
-0.0711403
0.208839
0.208839
-0.0637805
0.208839
-0.0605571
-0.0583813
0.208839
-0.0543914
0.208839
-0.0532126
0.208839
-0.0530437
0.208839
-0.0541559
0.208839
-0.0559141
0.208839
0.208839
-0.0579639
0.208839
-0.0642478
0.208839
-0.0684715
0.208839
-0.071783
-0.0794075
0.208839
-0.0819408
0.208839
-0.0827293
0.208839
-0.0846959
0.208839
-0.0856526
0.208839
-0.0861231
0.208839
0.208839
-0.0866841
0.208839
-0.0880826
0.208839
-0.0908702
-0.0890209
0.208839
-0.0881596
0.208839
0.208839
-0.0884993
-0.0890394
0.208839
0.208839
-0.0886504
0.208839
-0.0876584
-0.0815451
0.208839
-0.0779283
0.208839
0.208839
-0.0748122
-0.0669371
0.208839
0.208839
-0.0637911
0.208839
-0.0614821
-0.0724295
0.208839
-0.0684606
0.208839
-0.0625041
0.208839
0.208839
-0.058483
0.208839
-0.0582563
0.208839
-0.0592161
0.208839
-0.0623734
0.208839
-0.0649579
0.208839
-0.067804
-0.0729479
0.208839
0.206302
-0.0740463
-0.0760323
0.195307
0.190783
-0.080296
0.18077
-0.0815295
-0.0820363
0.182681
-0.0840292
0.174507
0.159612
-0.0847692
-0.0850728
0.1437
0.10983
-0.0855707
0.0910251
-0.0857574
0.0727974
-0.085764
0.034084
-0.0858968
0.0157383
-0.0858731
0.00118991
-0.0858176
-0.0825194
-0.0278007
-0.0397433
-0.0799243
-0.0472684
-0.0770261
-0.0622446
-0.069643
-0.0679537
-0.0661273
-0.0635437
-0.0710231
-0.0580395
-0.0773662
-0.0797382
-0.0558558
-0.0544835
-0.081005
-0.0528322
-0.0833771
-0.0842712
-0.0527498
-0.0847616
-0.0533658
-0.0856036
-0.0565964
-0.085818
-0.0591075
-0.0858487
-0.0619603
-0.0682282
-0.0857617
-0.085653
-0.0707774
-0.0724858
-0.0854803
-0.0758108
-0.0850503
-0.0847975
-0.0772617
-0.0781951
-0.0845328
-0.0798194
-0.0838907
-0.0804357
-0.083542
-0.0832062
-0.0808013
-0.0815521
-0.0824818
-0.0818228
-0.0821125
-0.0819676
-0.0817801
-0.0809589
-0.0821822
-0.0822495
-0.0805273
-0.0801209
-0.0822194
-0.0816755
-0.0792026
-0.0803966
-0.0787316
-0.0782924
-0.0783723
-0.0773284
-0.0731495
-0.0768434
-0.0703689
-0.076395
-0.0679386
-0.0632786
-0.0753942
-0.0748883
-0.0611474
-0.0744264
-0.058897
-0.0552659
-0.0746546
-0.0723223
-0.0540825
-0.0537302
-0.0711195
-0.0731717
-0.0540974
-0.0730822
-0.0550742
-0.0731639
-0.056705
-0.0707878
-0.0606656
-0.0714101
-0.0624787
-0.0706168
-0.0639399
-0.0666124
-0.0685693
-0.0676879
-0.069644
-0.068503
-0.068033
-0.0700984
-0.0666676
-0.066221
-0.07073
-0.0657463
-0.0711612
-0.0644418
-0.0718972
-0.0640758
-0.0721652
-0.0636515
-0.0723109
-0.0623638
-0.072487
-0.0725299
-0.0619027
-0.0725054
-0.0614322
-0.0606379
-0.0722409
-0.0717033
-0.0600511
-0.0707026
-0.059221
-0.0581061
-0.0673431
-0.0653635
-0.05775
-0.0634072
-0.0571502
-0.0589259
-0.0577002
-0.0568029
-0.0570067
-0.0560885
-0.0549759
-0.0516029
-0.0567557
-0.05028
-0.0559768
-0.0549458
-0.0494007
-0.0557485
-0.0483652
-0.0484183
-0.0548862
-0.048702
-0.0541273
-0.0501834
-0.0539327
-0.0530039
-0.0513778
-0.0524605
-0.0526339
-0.0511951
-0.054109
-0.0548129
-0.050485
-0.0498472
-0.0553739
-0.0563737
-0.0483694
-0.0567629
-0.0475221
-0.0570747
-0.046625
-0.0450306
-0.0576145
-0.0443114
-0.0577901
-0.0434813
-0.057882
-0.0579552
-0.041763
-0.0409921
-0.0579291
-0.0401503
-0.0578585
-0.0576163
-0.0382761
-0.0573852
-0.0373822
-0.0570176
-0.0365101
-0.0552972
-0.0347306
-0.0338726
-0.0541635
-0.0529364
-0.0329944
-0.0500163
-0.0311876
-0.0485315
-0.030326
-0.0471471
-0.0294578
0.245678
0.208839
0.208839
0.208839
0.245678
0.208839
0.213808
0.208839
0.213808
0.213808
0.208839
0.202941
0.208839
0.208839
0.193272
0.171063
0.208839
0.159343
0.208839
0.14791
0.208839
0.208839
0.122819
0.109899
0.208839
0.208839
0.0971652
0.208839
0.0686326
0.208839
0.0540274
0.0402631
0.208839
0.0116508
0.208839
-6.81332e-05
0.208839
-0.0107274
0.208839
-0.0336094
0.208839
-0.0423291
0.208839
-0.0494734
0.208839
0.208839
-0.0465026
-0.0543238
0.208839
0.208839
-0.0621948
-0.0725216
0.208839
-0.0781474
0.208839
0.208839
-0.0809961
0.208839
-0.085122
-0.0858005
0.208839
0.208839
-0.0855907
0.208839
-0.082173
0.208839
-0.0794198
-0.0762776
0.208839
0.208839
-0.0685536
0.208839
-0.0655022
-0.0627517
0.208839
0.208839
-0.0569958
0.208839
-0.0553998
-0.0543924
0.208839
0.208839
-0.053407
0.208839
-0.0538805
0.208839
-0.0554649
0.208839
-0.0596505
0.208839
-0.0627267
0.208839
-0.0664115
0.208839
-0.0736412
-0.0764909
0.208839
0.208839
-0.0794052
0.208839
-0.0837894
0.208839
-0.0845269
0.208839
-0.0849102
-0.08639
0.208839
0.208839
0.208839
0.208839
0.208839
0.208839
0.208839
0.208839
0.208839
0.208839
0.208839
0.208839
0.208839
0.245678
0.208839
0.240603
0.208839
0.220623
0.208839
0.196545
0.208839
0.184491
0.172529
0.208839
0.144498
0.208839
0.129994
0.208839
0.208839
0.116117
0.208839
0.0857224
0.208839
0.0706576
0.0569951
0.208839
0.208839
0.0276015
0.208839
0.0136009
0.208839
0.00178017
0.208839
-0.0233047
-0.0349571
0.208839
0.208839
-0.0434986
0.208839
-0.0430821
0.208839
-0.0507978
0.208839
-0.0583836
0.208839
-0.0649267
0.208839
-0.0648843
0.208839
-0.0621462
-0.058264
0.208839
0.208839
-0.0566829
0.208839
-0.0552739
-0.0523298
0.208839
-0.0514412
0.208839
0.208839
-0.0512509
0.208839
-0.0526958
0.208839
-0.0542588
0.208839
-0.0568226
0.208839
-0.0652917
0.208839
-0.0698289
0.208839
-0.0735607
-0.0618189
0.208839
-0.0654523
0.208839
-0.0719615
0.208839
-0.0836875
0.208839
-0.0859384
0.208839
-0.0850789
0.208839
-0.0865537
0.208839
0.208839
-0.0874048
-0.0685737
0.208839
-0.0731048
0.208839
0.208839
-0.0778463
-0.0808399
0.208839
-0.0850496
0.208839
-0.0863038
0.208839
0.208839
-0.0869661
0.208839
-0.0849908
-0.0818247
0.208839
-0.0789275
0.208839
-0.0926004
0.208839
0.208839
-0.0829603
0.208839
-0.0737263
0.208839
-0.0820556
0.208839
-0.075284
0.208839
-0.0683473
-0.0627848
0.208839
-0.0617526
0.208839
-0.0617571
0.208839
-0.0637747
0.208839
0.208839
-0.0658465
0.208839
-0.0691624
0.208839
-0.076436
-0.0789841
0.208839
-0.0802131
0.208839
0.208839
-0.0826815
0.208839
-0.0835909
-0.0840704
0.208839
0.208839
-0.0863441
0.206302
-0.0871455
0.195308
-0.0874851
-0.0879226
0.190778
-0.0879593
0.180755
0.182667
-0.0879205
0.174495
-0.0877741
-0.0878424
0.159604
-0.0879173
0.143704
-0.0873596
0.10983
-0.085423
0.0910342
-0.0824854
0.072709
0.0339863
-0.093658
-0.0860682
0.0156652
0.00131438
-0.0752766
-0.0278241
-0.0654302
-0.0622865
-0.0398376
-0.0474831
-0.0600588
-0.0623467
-0.0560371
-0.0679945
-0.0549227
-0.0710386
-0.0547828
-0.0773776
-0.0564278
-0.0797503
-0.0580632
-0.0603865
-0.0810237
-0.0668519
-0.0833685
-0.0698008
-0.0842625
-0.0847585
-0.0717571
-0.0856012
-0.0755892
-0.0771831
-0.0858169
-0.0858479
-0.0781329
-0.0801893
-0.0857594
-0.0809703
-0.0856509
-0.0814085
-0.0854804
-0.0850487
-0.0823104
-0.0847966
-0.0827311
-0.0829927
-0.0845324
-0.0833464
-0.0838892
-0.0835409
-0.0834354
-0.0834293
-0.0832063
-0.0824809
-0.0833174
-0.0829533
-0.0821111
-0.0817115
-0.081777
-0.0770643
-0.0809574
-0.0805238
-0.0742259
-0.0715451
-0.0801161
-0.0792063
-0.0661955
-0.0789982
-0.0641118
-0.0616749
-0.0791082
-0.0729949
-0.0571416
-0.0782346
-0.0553883
-0.0736562
-0.0543754
-0.0774301
-0.0536525
-0.0539878
-0.074484
-0.0768167
-0.0549658
-0.0589451
-0.0763613
-0.0708633
-0.0612032
-0.0632297
-0.0731237
-0.0668476
-0.0595168
-0.0682712
-0.0637012
-0.0603467
-0.0692749
-0.0630185
-0.0711797
-0.0603916
-0.071994
-0.0634647
-0.0725627
-0.0611075
-0.0735788
-0.0739525
-0.0641828
-0.0640768
-0.0742087
-0.0624359
-0.0747026
-0.07487
-0.0644471
-0.0636257
-0.0749518
-0.0749849
-0.0630748
-0.0632509
-0.0748757
-0.0634336
-0.0745838
-0.063726
-0.0720044
-0.0702044
-0.0636343
-0.0634698
-0.0682519
-0.0627538
-0.0634834
-0.0611141
-0.0626641
-0.0590092
-0.0624186
-0.0548327
-0.0616906
-0.0530895
-0.0611611
-0.0608032
-0.0517846
-0.0603675
-0.0499272
-0.0598827
-0.0494879
-0.059337
-0.0495591
-0.0580393
-0.0505384
-0.0575833
-0.0515298
-0.0528652
-0.0570902
-0.0556603
-0.0561196
-0.0566376
-0.0556404
-0.0548324
-0.0573615
-0.0535994
-0.0587558
-0.0529579
-0.059316
-0.0597353
-0.0523646
-0.0507656
-0.0604547
-0.0499287
-0.0607351
-0.0609361
-0.0493761
-0.048103
-0.0612167
-0.0612865
-0.0473139
-0.0464534
-0.061319
-0.0449559
-0.0613221
-0.0612633
-0.0442881
-0.0434946
-0.061156
-0.0418343
-0.0600743
-0.0591333
-0.0410338
-0.0403103
-0.0579916
-0.0384943
-0.0550087
-0.0534221
-0.037635
-0.0518983
-0.0368373
-0.0350517
-0.0486735
-0.0346888
-0.0471969
-0.045933
-0.0347395
-0.0437482
-0.0345434
-0.0428925
-0.0340663
-0.0333695
-0.0423499
-0.0327387
-0.0418474
-0.0319626
-0.0418267
-0.0420441
-0.0310997
-0.0292662
-0.0429816
-0.0283966
-0.0433316
-0.0435962
-0.0275691
-0.0257693
-0.0440171
-0.0249
-0.0441515
-0.0442257
-0.0240718
-0.0223434
-0.0442696
-0.0215007
-0.044234
-0.0441611
-0.0207005
-0.0190886
-0.0440164
-0.0438323
-0.0182831
-0.0175437
-0.0434857
-0.0160257
-0.0430937
-0.042795
-0.0153058
-0.0146141
-0.0423495
-0.0417528
-0.0132503
-0.0126222
-0.0411839
-0.0120336
-0.0404813
-0.0108878
-0.0386238
-0.0376817
-0.0103461
-0.0367723
-0.00983777
-0.00891074
-0.0347325
-0.00860047
-0.0338438
-0.00860525
-0.032916
-0.0310886
-0.00861931
-0.00849867
-0.0302774
-0.0295825
-0.00806762
-0.0282849
-0.00751184
-0.00742678
-0.0278343
-0.00708214
-0.0274789
-0.0265987
-0.00653799
-0.00639917
-0.0263003
-0.00638639
-0.0259623
-0.00623526
-0.0250851
-0.0246607
-0.00613283
-0.024174
-0.00613674
-0.00583045
-0.0231333
-0.00568737
-0.0226149
-0.00559126
-0.0220574
-0.00548003
-0.0208805
-0.00545147
-0.0202903
-0.0196745
-0.00546364
-0.00551683
-0.0183246
-0.0176236
-0.00568777
-0.00571519
-0.0169423
-0.0155303
-0.00585236
-0.0148036
-0.00596332
-0.00604563
-0.0141438
-0.00629111
-0.0128256
-0.00641808
-0.0121972
-0.0115927
-0.00654587
-0.0104601
-0.006825
-0.00992899
-0.00696678
-0.00942286
-0.00711215
-0.00838826
-0.00738108
-0.0078904
-0.00749623
-0.00759408
-0.00740495
-0.00637719
-0.00776561
-0.00584873
-0.00793826
-0.00530788
-0.00795886
-0.00784244
-0.00414083
-0.00353622
-0.00801184
-0.00803006
-0.0029265
-0.00177105
-0.00809067
-0.00804071
-0.00121978
-0.000704128
-0.0079622
-0.00793234
0.000293539
0.000754045
-0.00785257
-0.00778915
0.00115526
-0.00755509
0.00189881
0.00221948
-0.00743216
-0.0072864
0.00250314
-0.00692862
0.00297304
-0.00672927
0.00316556
-0.00651899
0.00333519
-0.00595538
0.00357847
-0.00563605
0.00362005
-0.0052881
0.00363194
-0.00452909
0.00351237
0.00341792
-0.00409087
0.0033063
-0.00366968
-0.00271122
0.00302531
-0.00222226
0.0028795
0.0027277
-0.00173803
0.00242544
-0.00057327
0.00227117
2.59655e-05
0.00210569
5.46524e-05
-0.00018856
0.00174315
0.00153951
-0.000180982
0.001334
0.000824178
0.000766196
0.00125489
0.000446796
0.00204177
0.000114734
0.00280868
0.0043853
-0.000626769
-0.000991741
0.00520524
-0.00134538
0.00607361
-0.00207898
0.00778119
0.0088177
-0.00244778
0.00974134
-0.00279949
-0.0035259
0.0119281
-0.00388071
0.0129571
-0.00420277
0.0142128
-0.00481806
0.0165605
0.0179282
-0.00510011
0.0191148
-0.0053542
-0.00583817
0.0220495
0.0234502
-0.00605716
-0.00627021
0.0250746
0.0282408
-0.00654155
0.0301074
-0.0066286
0.0317481
-0.00665205
0.0355835
-0.00657593
-0.00651576
0.0374774
0.0398236
-0.00645206
0.0443378
-0.00622581
0.0459481
-0.00609918
0.0459416
-0.005991
-0.00578132
0.0459355
0.0455616
-0.0056884
-0.0055806
0.0478589
0.0545017
-0.00538958
-0.00530583
0.0570623
-0.0052055
0.0597122
0.0642095
-0.00493301
-0.00472952
0.0640909
-0.00450804
0.0668372
0.0752827
-0.00399232
0.0783259
-0.0036891
-0.00335065
0.0823603
0.0901783
-0.00262209
0.0942609
-0.00221495
0.098542
-0.00181618
-0.000913702
0.107233
-0.000369618
0.111863
0.116388
0.000187732
0.1262
0.0014103
0.131325
0.00208882
0.00281811
0.136383
0.147485
0.00420065
0.152799
0.00494763
0.0055622
0.158669
0.00656692
0.170101
0.175528
0.00710475
0.181408
0.0076538
0.18943
0.00838694
0.00877466
0.189391
0.00924668
0.18937
0.00995507
0.200747
0.20558
0.0104253
0.205251
0.0109656
0.205343
0.0123523
0.205326
0.013087
0.0141143
0.205317
0.0162369
0.205311
0.0176245
0.205309
0.0191872
0.205309
0.0221857
0.205308
0.0236066
0.205308
0.205308
0.0252748
0.205308
0.0288088
0.205308
0.0307975
0.205308
0.0325131
0.0367661
0.205308
0.0386913
0.205488
0.0411452
0.210744
0.210835
0.0459805
0.211971
0.0482753
0.21305
0.0511645
0.212716
0.0565127
0.212706
0.0594726
0.212702
0.0622848
0.223552
0.0671774
0.0697789
0.228671
0.22834
0.0718342
0.0756431
0.228431
0.208839
0.208839
0.208839
0.208839
0.208839
0.208839
0.208839
0.208839
0.208839
0.208839
0.208839
0.208839
0.245678
0.208839
0.240604
0.220596
0.208839
0.208839
0.196459
0.208839
0.184357
0.17227
0.208839
0.208839
0.144464
0.129963
0.208839
0.208839
0.116045
0.208839
0.0856329
0.208839
0.0705824
0.208839
0.0568476
0.208839
0.0274745
0.013407
0.208839
0.208839
0.00161938
-0.0234327
0.208839
-0.0350637
0.208839
-0.0436138
0.208839
0.208839
-0.0431498
0.208839
-0.0508635
0.208839
-0.0581428
-0.0634587
0.208839
0.208839
-0.0633005
0.208839
-0.0610387
-0.0580558
0.208839
0.208839
-0.0564377
-0.0549299
0.208839
-0.0521247
0.208839
0.208839
-0.0513437
-0.0512527
0.208839
0.208839
-0.052899
-0.0545657
0.208839
-0.0573128
0.208839
-0.0659558
0.208839
-0.0705122
0.208839
-0.0741593
0.208839
0.208839
-0.0620765
-0.0656887
0.208839
-0.072285
0.208839
0.208839
-0.0840888
0.208839
-0.0861804
-0.0851888
0.208839
-0.0866484
0.208839
0.208839
-0.0874928
0.208839
-0.0686178
0.208839
-0.0731369
0.208839
-0.0778744
-0.0808587
0.208839
0.208839
-0.0850502
-0.0862875
0.208839
0.208839
-0.086877
-0.0850467
0.208839
0.208839
-0.0822581
0.208839
-0.0787425
0.208839
-0.0894673
0.208839
-0.0806328
-0.0952171
0.208839
-0.0740329
0.208839
0.208839
-0.066614
0.208839
-0.0646665
-0.0612396
0.208839
-0.0603365
0.208839
-0.0604738
0.208839
0.208839
-0.0631951
0.208839
-0.0656277
0.208839
-0.0692427
0.208839
-0.0764833
0.208839
-0.0790074
0.208839
-0.0801847
0.208839
-0.0826824
0.208839
-0.0836005
-0.0840892
0.208839
-0.086417
0.208839
0.206302
-0.087213
0.195308
-0.0875047
-0.0879298
0.190785
0.180776
-0.0879668
-0.0879347
0.182688
0.174518
-0.0877937
0.15963
-0.0878557
-0.0879284
0.143729
-0.0860252
0.109844
0.091045
-0.0833144
0.0727446
-0.10056
0.0341239
-0.0859853
-0.0762905
0.0157801
0.00136231
-0.0719951
-0.0643674
-0.0278295
-0.0610425
-0.0398209
-0.0473486
-0.0588375
-0.0623069
-0.0554294
-0.0545739
-0.0679677
-0.0546352
-0.0709968
-0.0568225
-0.0773536
-0.0797232
-0.0586854
-0.0612087
-0.0810007
-0.067968
-0.0833666
-0.0842652
-0.0707807
-0.0725898
-0.0847642
-0.0856275
-0.0762792
-0.0858294
-0.0777371
-0.085849
-0.0785777
-0.0805517
-0.085762
-0.0856536
-0.0812835
-0.0854821
-0.081681
-0.0850509
-0.0825175
-0.0847982
-0.0829088
-0.0831499
-0.0845329
-0.0838906
-0.0834691
-0.0835425
-0.0835476
-0.0835314
-0.0832065
-0.0824808
-0.0831737
-0.0822069
-0.0821127
-0.0817804
-0.0805282
-0.080959
-0.0749877
-0.0715094
-0.0805276
-0.0687839
-0.0801212
-0.0628467
-0.0792025
-0.0601755
-0.0789911
-0.0581095
-0.0791019
-0.0544931
-0.0791852
-0.0763579
-0.053311
-0.0527851
-0.0750315
-0.0775072
-0.0532001
-0.0786944
-0.0541047
-0.0768462
-0.0555093
-0.0743214
-0.0600917
-0.0740798
-0.0625227
-0.0644611
-0.0739586
-0.0733141
-0.0679011
-0.0729623
-0.069259
-0.0701994
-0.072643
-0.0719772
-0.0718961
-0.0727384
-0.0714898
-0.0732777
-0.0710913
-0.0704442
-0.0742154
-0.074547
-0.0699483
-0.0747612
-0.0694426
-0.0681514
-0.0752067
-0.0675078
-0.0753443
-0.0670336
-0.0754191
-0.0661089
-0.0754188
-0.0753071
-0.0656318
-0.0650681
-0.0745112
-0.0710288
-0.0635819
-0.0691272
-0.0630337
-0.0626343
-0.0669492
-0.0635498
-0.0620619
-0.0623627
-0.0597282
-0.0618561
-0.057713
-0.0539192
-0.0624721
-0.0523669
-0.0613241
-0.0512577
-0.0608154
-0.0606093
-0.0499793
-0.0607602
-0.0498378
-0.0595597
-0.0500989
-0.0580782
-0.0518639
-0.0531035
-0.0592134
-0.0580232
-0.0543912
-0.0566558
-0.0567032
-0.0572458
-0.057637
-0.0583495
-0.0561383
-0.0596566
-0.0549242
-0.0601692
-0.0549295
-0.0605473
-0.0537222
-0.0611839
-0.0518541
-0.0614338
-0.0510442
-0.0500061
-0.0616011
-0.0503223
-0.0618276
-0.0618686
-0.0497627
-0.0618735
-0.0489864
-0.061836
-0.0493917
-0.0617525
-0.048875
-0.047984
-0.0616019
-0.0603468
-0.0481992
-0.047712
-0.0592378
-0.0579342
-0.0470539
-0.0469374
-0.0548005
-0.0530621
-0.0464775
-0.0512794
-0.0459672
-0.0458384
-0.0479973
-0.0466062
-0.0454278
-0.0454421
-0.0448551
-0.0443382
-0.0435101
-0.0436682
-0.0428234
-0.043007
-0.0423974
-0.0421985
-0.0415964
-0.0407282
-0.0423856
-0.0399359
-0.0427683
-0.0435905
-0.0380774
-0.0371901
-0.0439155
-0.044167
-0.0363252
-0.0345539
-0.0445648
-0.0336998
-0.0446866
-0.044749
-0.0328245
-0.0310251
-0.0447691
-0.030167
-0.0447225
-0.0446391
-0.0293003
-0.02753
-0.0444771
-0.0442859
-0.0266576
-0.0258067
-0.0439287
-0.0240438
-0.043485
-0.0432246
-0.02318
-0.0223444
-0.0427703
-0.041942
-0.0206552
-0.0414751
-0.0198357
-0.0407194
-0.0190582
-0.0174704
-0.0388772
-0.0377939
-0.0167103
-0.0159835
-0.0368586
-0.0350479
-0.0145362
-0.0340558
-0.0138235
-0.0131528
-0.0331631
-0.0118636
-0.0314615
-0.0306499
-0.0112498
-0.0299864
-0.0107031
-0.00963132
-0.0287735
-0.0283405
-0.00913958
-0.0280138
-0.00869224
-0.0271997
-0.00780469
-0.00740635
-0.026846
-0.0264785
-0.00705062
-0.0064277
-0.0255551
-0.0251045
-0.00617402
-0.0245947
-0.00596887
-0.0235025
-0.00562161
-0.0229749
-0.00547488
-0.0223896
-0.00537885
-0.021181
-0.00523193
-0.020578
-0.00519611
-0.00519482
-0.0199346
-0.0185551
-0.0052579
-0.0178326
-0.0053521
-0.0171431
-0.00544883
-0.0156981
-0.0056642
-0.0149708
-0.00577959
-0.00589513
-0.0143063
-0.013001
-0.00615457
-0.00628589
-0.0123717
-0.011767
-0.0064247
-0.00671088
-0.0106332
-0.00686569
-0.0100992
-0.00959479
-0.00701594
-0.00728356
-0.00855666
-0.00801904
-0.00739832
-0.00749663
-0.00751479
-0.00644041
-0.00766854
-0.00586759
-0.00772197
-0.0077232
-0.00529974
-0.00406951
-0.00749698
-0.00342538
-0.00781376
-0.0028197
-0.00758952
-0.00164944
-0.0077702
-0.00109123
-0.00766624
-0.0078669
-0.000568123
0.000438362
-0.00790346
0.000902954
-0.00766095
0.00130692
-0.00785609
-0.00722252
0.00205718
-0.00740756
0.00238104
0.00266615
-0.00728829
-0.00724567
0.00315337
0.0033441
-0.00726903
-0.00718727
0.00351818
-0.00694304
0.00375528
0.00380309
-0.00681109
0.00380193
-0.00667728
0.00367934
-0.00634603
-0.00616572
0.00357446
-0.00596564
0.00344895
-0.00543399
0.00320907
-0.0051247
0.00307255
-0.00479404
0.00291487
-0.00405767
0.00261115
0.0024586
-0.00363645
0.00229932
-0.00322464
0.00192111
-0.00228893
0.00170872
-0.00181532
-0.00134137
0.00149091
0.00089432
-0.000201711
0.000545254
0.000387783
0.00105375
0.000195588
-0.000535536
0.00236686
-0.000901061
0.00310422
-0.00125563
0.00389285
-0.001991
0.00543547
-0.00236061
0.00631563
-0.00271284
0.00709709
0.009021
-0.00344261
0.00995732
-0.0037976
0.0110366
-0.00412052
-0.00473658
0.013137
-0.00501917
0.0144103
-0.00527367
0.0155548
-0.00575917
0.0180865
-0.00597872
0.0192918
-0.00619183
0.0205331
-0.00641262
0.0236029
-0.00648193
0.0252541
-0.00649215
0.0268461
-0.00639378
0.0302537
0.0319152
-0.00633247
-0.00624992
0.0339599
0.0376194
-0.00606668
0.0400432
-0.00595688
0.0420444
-0.00584335
-0.00567538
0.046633
0.0493812
-0.00559026
0.0516932
-0.00550048
-0.00534228
0.0521838
0.0523409
-0.00526794
-0.00517141
0.0555451
0.0576502
-0.00488508
-0.00470331
0.0615867
-0.00446528
0.064063
-0.00394615
0.06477
0.0698596
-0.00361372
-0.00329742
0.0680578
-0.00257123
0.0699316
-0.00215893
0.0745486
0.07749
-0.00175909
0.0843335
-0.000853288
-0.00029418
0.0882598
0.0915668
0.000260735
0.0999956
0.00149082
0.0021692
0.104396
0.108564
0.00289601
0.118126
0.00422079
0.123042
0.00490032
0.00544642
0.128125
0.0063282
0.13853
0.143591
0.00680637
0.00727051
0.149429
0.00799183
0.160638
0.00833179
0.166269
0.172125
0.00881128
0.183836
0.00969671
0.189598
0.0100925
0.195784
0.0107013
0.206685
0.0122435
0.0130644
0.205022
0.0142535
0.202782
0.0166217
0.204014
0.0179748
0.203963
0.203549
0.0195031
0.203298
0.022529
0.0239676
0.203338
0.203358
0.0258075
0.203525
0.0291874
0.0311717
0.203527
0.0329055
0.203529
0.0371781
0.20353
0.20537
0.0391267
0.0415516
0.210977
0.211732
0.0464363
0.210644
0.0487508
0.211238
0.0516476
0.0569487
0.211098
0.212839
0.0599364
0.218675
0.0623471
0.0667498
0.219422
0.220472
0.0688581
0.22665
0.0709575
0.0744841
0.237157
0.235406
0.0760783
0.2334
0.077522
0.0811061
0.236898
0.0829645
0.243732
0.0851506
0.249667
0.0899977
0.248305
0.0932759
0.247519
0.247912
0.0964004
0.259212
0.104674
0.109053
0.262496
0.262452
0.113921
0.262189
0.123721
0.268324
0.128456
0.273433
0.133861
0.144372
0.279672
0.282876
0.149698
0.285807
0.155246
0.289832
0.166034
0.171773
0.291417
0.292383
0.177721
0.292398
0.188902
0.291773
0.19426
0.199999
0.292407
0.293585
0.211449
0.292708
0.216656
0.29165
0.221498
0.288401
0.229586
0.286131
0.233004
0.283346
0.236173
0.241249
0.27619
0.243136
0.273349
0.273405
0.244516
0.273448
0.246692
0.271813
0.247576
0.266867
0.24858
0.256036
0.250009
0.250563
0.251886
0.250923
0.252046
0.251458
0.252137
0.250146
0.251763
0.25199
0.243203
0.251196
0.228257
0.220418
0.250126
0.212256
0.248847
0.194447
0.245089
0.185138
0.242825
0.175881
0.240148
0.15605
0.233493
0.22967
0.1459
0.225547
0.136069
0.216163
0.115448
0.21096
0.105747
0.0961977
0.20551
0.0763278
0.193442
0.187005
0.0667684
0.180534
0.0580737
0.040595
0.166638
0.0323335
0.15955
0.0250406
0.152643
0.0105458
0.138431
0.00396149
0.131378
-0.00162355
0.12466
-0.0126362
0.11087
-0.0175966
0.10406
0.0975773
-0.0217695
-0.0298414
0.0840376
-0.033401
0.0773203
0.0708102
-0.036305
-0.0418309
0.057127
0.050161
-0.0442308
0.0434793
-0.0461737
-0.0498948
0.0296249
-0.051518
0.0232503
0.0176075
-0.0528354
-0.0552506
0.00639484
-0.0562898
0.00122399
-0.0571242
-0.00324466
-0.0586563
-0.0120378
-0.0592578
-0.0159779
-0.0596989
-0.0193233
-0.0604808
-0.025819
-0.0608121
-0.0287171
-0.0311844
-0.0610431
-0.0614097
-0.0359714
-0.038069
-0.0615759
-0.0616918
-0.039826
-0.0618584
-0.0429188
-0.043781
-0.061961
-0.0440967
-0.0620207
-0.0585427
-0.0437831
-0.0607944
-0.0433022
-0.0627743
-0.0426648
-0.0627862
-0.0410164
-0.0614366
-0.0401941
-0.0394616
-0.0605512
-0.0607862
-0.038291
-0.0633948
-0.0378855
-0.0377215
-0.0614961
-0.0603565
-0.0381117
-0.0604294
-0.0385205
-0.0604545
-0.0391821
-0.0603302
-0.0413939
-0.0425159
-0.0617788
-0.0620567
-0.0433993
-0.0451319
-0.0600073
-0.0458767
-0.0599901
-0.0464812
-0.0599343
-0.0598207
-0.0476017
-0.0480773
-0.0597933
-0.0597517
-0.0484552
-0.0491817
-0.0596348
-0.0596083
-0.0495045
-0.0498029
-0.0596017
-0.0595533
-0.050379
-0.0594812
-0.05061
-0.0593854
-0.0508095
-0.0592145
-0.051215
-0.0591632
-0.0511941
-0.0591138
-0.0508804
-0.0590337
-0.0494149
-0.0484405
-0.0590436
-0.0474057
-0.0590861
-0.0591326
-0.0449513
-0.0591651
-0.0437206
-0.0592182
-0.0425901
-0.0594116
-0.0404432
-0.0395386
-0.0595054
-0.0595428
-0.0388521
-0.0379165
-0.0596532
-0.0597355
-0.0378
-0.0378376
-0.059829
-0.0386096
-0.0600901
-0.0602343
-0.0393739
-0.0401931
-0.0604155
-0.0415386
-0.060731
-0.0422076
-0.0609408
-0.0427927
-0.0611339
-0.0438849
-0.0615609
-0.0617938
-0.0443962
-0.0620209
-0.0448485
-0.0625204
-0.0458422
-0.0627654
-0.0463323
-0.0630014
-0.0468566
-0.0636141
-0.0479548
-0.0484434
-0.0639014
-0.0641267
-0.0489641
-0.0646371
-0.050082
-0.0649472
-0.0505042
-0.050701
-0.0652178
-0.0657761
-0.0500807
-0.0661515
-0.0494687
-0.0665014
-0.0486803
-0.0671813
-0.0465174
-0.0675797
-0.0453659
-0.0442658
-0.0679477
-0.0420498
-0.0686211
-0.0410926
-0.0688795
-0.0403437
-0.0690539
-0.0696093
-0.0394074
-0.039284
-0.0698804
-0.0394967
-0.0701917
-0.0406304
-0.0708569
-0.0416085
-0.0711689
-0.0714684
-0.0429346
-0.0722039
-0.0456392
-0.0725827
-0.0467884
-0.0728729
-0.0478264
-0.0734046
-0.0500853
-0.0735728
-0.0512167
-0.0522336
-0.0736742
-0.0740007
-0.0543357
-0.0552908
-0.0742304
-0.056212
-0.0744966
-0.0749092
-0.058038
-0.0751071
-0.0589286
-0.0752195
-0.0598049
-0.0615447
-0.0756328
-0.0623303
-0.0759584
-0.0761487
-0.0631429
-0.0764514
-0.0632317
-0.076531
-0.0625652
-0.061506
-0.0765446
-0.058345
-0.0764678
-0.0565981
-0.0765663
-0.0549139
-0.0766231
-0.0767869
-0.0514201
-0.0498927
-0.0798022
-0.0486988
-0.0803555
-0.0469198
-0.0762566
-0.0791831
-0.0464405
-0.0466207
-0.0796394
-0.0477256
-0.080357
-0.0783987
-0.0488618
-0.050608
-0.0760965
-0.0548194
-0.0787299
-0.0567162
-0.0761604
-0.0768985
-0.0583777
-0.078827
-0.061625
-0.0786594
-0.0629997
-0.0640446
-0.0782774
-0.0777667
-0.0664144
-0.0775235
-0.0675766
-0.077311
-0.0685039
-0.0702542
-0.0768778
-0.071058
-0.0766701
-0.0764922
-0.0717313
-0.073255
-0.0761733
-0.0760327
-0.0738778
-0.0742739
-0.0759182
-0.0755831
-0.0743722
-0.0734874
-0.0754119
-0.0720273
-0.0752365
-0.0748131
-0.0676522
-0.0652875
-0.074757
-0.0630983
-0.074856
-0.0582159
-0.0692821
-0.0743476
-0.0560484
-0.070023
-0.0543299
-0.0514512
-0.0725244
-0.0650169
-0.0505303
-0.0502745
-0.0682684
-0.0681106
-0.0507057
-0.0516905
-0.0694489
-0.0531284
-0.0707434
-0.0573308
-0.0707541
-0.0595393
-0.0706515
-0.0611993
-0.0706057
-0.0643913
-0.0704335
-0.0657614
-0.0703192
-0.0701805
-0.0667503
-0.0686233
-0.0698173
-0.0696195
-0.0694961
-0.0701556
-0.0694288
-0.0689889
-0.0713506
-0.068756
-0.0718599
-0.0685301
-0.0722291
-0.0729891
-0.0680284
-0.067771
-0.0733065
-0.0735006
-0.0675434
-0.0670584
-0.0737532
0.208839
0.245678
0.208839
0.245678
0.208839
0.212866
0.208839
0.201898
0.191548
0.208839
0.208839
0.169019
0.157348
0.208839
0.146113
0.208839
0.122025
0.208839
0.109857
0.208839
0.0980805
0.208839
0.208839
0.0718889
0.208839
0.0584469
0.208839
0.0459207
0.0177803
0.208839
0.00358779
0.208839
-0.00782635
0.208839
-0.0314631
0.208839
-0.0425773
0.208839
0.208839
-0.0500576
0.208839
-0.04666
-0.0539236
0.208839
0.208839
-0.0629987
0.208839
-0.075788
0.208839
-0.0821232
-0.0833204
0.208839
-0.085119
0.208839
-0.086295
0.208839
-0.0869735
0.208839
0.208839
-0.0878574
-0.0875872
0.208839
0.208839
-0.0857849
0.208839
-0.0784456
-0.0747214
0.208839
-0.0718431
0.208839
0.208839
-0.0643666
0.208839
-0.0610786
0.208839
-0.0588231
0.208839
-0.0546486
0.208839
-0.0533665
0.208839
-0.0530164
0.208839
-0.0540341
0.208839
-0.055308
-0.0573645
0.208839
0.208839
-0.0637415
-0.0675839
0.208839
-0.0710855
0.208839
-0.0788881
0.208839
-0.0815468
0.208839
0.208839
-0.0824117
0.208839
-0.0845056
-0.0855045
0.208839
0.208839
-0.085996
0.208839
-0.0866074
0.208839
-0.0873376
-0.0905495
0.208839
0.208839
-0.0895483
-0.0884462
0.208839
0.208839
-0.088368
0.208839
-0.0889721
0.208839
-0.0888002
-0.0881749
0.208839
-0.0822545
0.208839
0.208839
-0.0786409
-0.0754496
0.208839
0.208839
-0.0675716
-0.0642598
0.208839
0.208839
-0.0619598
0.208839
-0.0728599
0.208839
-0.0687992
0.208839
-0.0627714
-0.058509
0.208839
0.208839
-0.058144
0.208839
-0.0589992
0.208839
-0.0618271
0.208839
-0.0643928
0.208839
-0.0679768
0.208839
-0.0762798
-0.0784932
0.206302
0.195307
-0.0790997
0.190779
-0.08149
-0.0823513
0.180761
-0.083249
0.182672
0.174499
-0.0846234
-0.0851255
0.159603
-0.0853335
0.143691
-0.0856275
0.109821
0.0910148
-0.0857122
0.0727947
-0.0857147
0.0340735
-0.0857756
0.0157373
-0.0856959
-0.085692
0.00124618
-0.0277732
-0.0836951
-0.0814116
-0.0397678
-0.078695
-0.0472484
-0.0715216
-0.0622488
-0.0679446
-0.0680532
-0.0710389
-0.0652416
-0.0773756
-0.0592648
-0.0797404
-0.0568497
-0.0810118
-0.0552257
-0.0529048
-0.0833828
-0.0842758
-0.0524081
-0.0847662
-0.0527776
-0.0552546
-0.0856063
-0.0571449
-0.0858201
-0.0595916
-0.0858516
-0.066569
-0.0857639
-0.069612
-0.0856554
-0.0713377
-0.0854822
-0.0748125
-0.0850506
-0.0763656
-0.084798
-0.0845324
-0.0773978
-0.0838905
-0.0791524
-0.083542
-0.0798254
-0.0802605
-0.083207
-0.0810847
-0.0824821
-0.0814069
-0.0821128
-0.0817801
-0.0815731
-0.0818397
-0.0809587
-0.0819175
-0.0805255
-0.0801184
-0.0818893
-0.0792014
-0.0813782
-0.080353
-0.0787304
-0.0782927
-0.0786912
-0.0735358
-0.0773287
-0.076842
-0.0706949
-0.068084
-0.0763918
-0.0753932
-0.0622228
-0.0751389
-0.0596333
-0.0752326
-0.0576323
-0.0541378
-0.0728152
-0.0734737
-0.0529451
-0.0732507
-0.0524515
-0.0526591
-0.0733549
-0.0710922
-0.0535738
-0.069965
-0.0548656
-0.0585886
-0.071639
-0.0608617
-0.0709098
-0.0625467
-0.0705128
-0.0697875
-0.0654925
-0.069229
-0.066688
-0.0684572
-0.0676024
-0.0694031
-0.0672284
-0.0701202
-0.0668394
-0.0706177
-0.0663171
-0.0652046
-0.0714819
-0.0643004
-0.0718063
-0.0637356
-0.0719927
-0.072252
-0.062609
-0.0723308
-0.0623426
-0.0617001
-0.0723341
-0.0722816
-0.0600915
-0.0719986
-0.0594515
-0.0589265
-0.0712521
-0.0682093
-0.0578386
-0.0663356
-0.0573575
-0.0644081
-0.0574032
-0.0549693
-0.0599288
-0.0577612
-0.0563795
-0.0558743
-0.0548058
-0.0522976
-0.0563058
-0.0508568
-0.0555636
-0.0498179
-0.053617
-0.0540066
-0.048519
-0.0482897
-0.0514613
-0.0484804
-0.0495999
-0.0497999
-0.0355866
-0.0363871
-0.0508195
-0.0365778
-0.0519638
-0.0364628
-0.0537169
-0.0544549
-0.0359862
-0.0354731
-0.0550443
-0.0363031
-0.0561001
-0.0565136
-0.0358719
-0.0353367
-0.0568505
-0.0355573
-0.0574339
-0.057627
-0.0350408
-0.057735
-0.0350939
-0.0346545
-0.0578371
-0.0342609
-0.0578249
-0.0338978
-0.0577645
-0.0575435
-0.0330344
-0.057355
-0.0324828
-0.0320446
-0.0570958
-0.0555864
-0.0309624
-0.0545251
-0.0303368
-0.0533393
-0.0297447
-0.028475
-0.0504819
-0.0278264
-0.0490088
-0.0272187
-0.0476072
-0.0447876
-0.0258416
-0.0251711
-0.0435293
-0.0424699
-0.0245213
-0.0231229
-0.0407084
-0.0224455
-0.0400679
-0.021769
-0.0396908
-0.0393099
-0.0203265
-0.0196224
-0.0393694
-0.0189332
-0.0396131
-0.0401403
-0.017537
-0.0168584
-0.040258
-0.0403195
-0.0162072
-0.0404555
-0.0149049
-0.0404074
-0.0142595
-0.0136451
-0.0401921
-0.012422
-0.0400271
-0.0397115
-0.0118433
-0.0395056
-0.0112889
-0.0391751
-0.0102406
-0.00975673
-0.038845
-0.0383961
-0.00930161
-0.0377102
-0.00843269
-0.00804123
-0.0374273
-0.00767069
-0.0369917
-0.00699076
-0.0358648
-0.00668682
-0.0352667
-0.0345232
-0.00641888
-0.00599058
-0.0327226
-0.0058276
-0.0317381
0.208839
0.245678
0.208839
0.245678
0.208839
0.212735
0.208839
0.20173
0.191341
0.208839
0.168757
0.208839
0.208839
0.157083
0.208839
0.145859
0.208839
0.121829
0.208839
0.109696
0.0980114
0.208839
0.0719843
0.208839
0.208839
0.0586359
0.208839
0.0463
0.0183916
0.208839
0.208839
0.00400665
0.208839
-0.00748806
0.208839
-0.0310988
0.208839
-0.0422803
0.208839
-0.0498222
0.208839
-0.0464837
-0.0537802
0.208839
-0.0628858
0.208839
0.208839
-0.0759541
0.208839
-0.0822746
0.208839
-0.0832528
-0.0850399
0.208839
0.208839
-0.0862698
0.208839
-0.0869543
0.208839
-0.066502
-0.0692647
0.208839
-0.0757134
0.208839
-0.0748463
0.208839
-0.0721396
0.208839
-0.0694229
0.208839
-0.080943
0.208839
-0.0754174
0.208839
0.208839
-0.067049
-0.0593237
0.208839
0.208839
-0.0574602
-0.056703
0.208839
0.208839
-0.0563685
0.208839
-0.05704
-0.0587602
0.208839
0.208839
-0.0644129
-0.067995
0.208839
-0.0714421
0.208839
0.208839
-0.0791188
0.208839
-0.0817376
-0.082524
0.208839
0.208839
-0.0845594
-0.0855527
0.208839
0.208839
-0.0860596
-0.0866358
0.208839
-0.0868323
0.208839
0.208839
-0.08966
0.208839
-0.0900489
-0.0890268
0.208839
-0.0884104
0.208839
0.208839
-0.0888235
0.208839
-0.0888501
-0.0885601
0.208839
0.208839
-0.0829628
0.208839
-0.0794009
0.208839
-0.0762657
0.208839
-0.0682809
-0.0648239
0.208839
-0.0624304
0.208839
-0.073276
0.208839
-0.0690849
0.208839
0.208839
-0.0628772
0.208839
-0.0584145
0.208839
-0.0578593
0.208839
-0.0586495
0.208839
-0.0613367
0.208839
-0.0637444
0.208839
-0.0671484
-0.0753925
0.208839
0.206302
-0.0778597
-0.0786452
0.195307
0.190782
-0.0812067
0.180769
-0.082129
0.18268
-0.0827824
0.174509
-0.0844208
-0.0850155
0.159621
-0.0852173
0.143733
0.109834
-0.085558
-0.0856709
0.0910356
0.0727269
-0.0856747
0.0340023
-0.0857484
-0.0856813
0.0156875
-0.0856664
0.00138506
-0.0840556
-0.0278204
-0.0819368
-0.03985
-0.0792131
-0.0475683
-0.0721696
-0.0623651
-0.0687348
-0.067991
-0.0658905
-0.0711178
-0.0774333
-0.0597763
-0.0797815
-0.0572856
-0.0555857
-0.0810367
-0.0530385
-0.0833982
-0.0523939
-0.084292
-0.0526403
-0.0847922
-0.0544595
-0.0856186
-0.0858284
-0.0564986
-0.0592403
-0.0858552
-0.0857672
-0.0657465
-0.085658
-0.0685379
-0.0705451
-0.0854848
-0.0850526
-0.0743111
-0.0759482
-0.0847993
-0.0845331
-0.0770358
-0.0838914
-0.0788896
-0.0795949
-0.0835434
-0.0800372
-0.0832085
-0.0824762
-0.0809365
-0.0821021
-0.0812921
-0.0814596
-0.0817754
-0.081752
-0.080957
-0.0818508
-0.0805246
-0.0818336
-0.0801184
-0.0812132
-0.0792011
-0.0800456
-0.07873
-0.078291
-0.0782329
-0.0729492
-0.0773281
-0.0700933
-0.0768423
-0.0674756
-0.0763898
-0.0617076
-0.0753921
-0.0748849
-0.059178
-0.0572191
-0.0744171
-0.0538936
-0.0746456
-0.0723135
-0.0527887
-0.0523579
-0.0711099
-0.0731484
-0.0529958
-0.0537248
-0.073059
-0.0731407
-0.0549988
-0.0707689
-0.0592891
-0.0711188
-0.0612638
-0.0628467
-0.0705945
-0.0685375
-0.0657482
-0.069603
-0.0669236
-0.0680867
-0.0678136
-0.0667222
-0.0695786
-0.0702788
-0.0662668
-0.0707694
-0.0657874
0.208839
0.245678
0.208839
0.245678
0.208839
0.212761
0.202031
0.208839
0.191465
0.208839
0.168913
0.208839
0.157219
0.208839
0.208839
0.145823
0.208839
0.121101
0.208839
0.108381
0.0959839
0.208839
0.0679551
0.208839
0.208839
0.0536876
0.0403532
0.208839
0.208839
0.0111787
0.208839
-0.00234626
-0.013113
0.208839
-0.0362206
0.208839
0.208839
-0.0465005
0.208839
-0.0533229
-0.0488342
0.208839
-0.0555828
0.208839
0.208839
-0.0643508
0.208839
-0.0775025
0.208839
-0.0826004
-0.0829725
0.208839
-0.0853024
0.208839
0.208839
-0.0865598
0.208839
-0.086995
-0.0851289
0.208839
0.208839
-0.0825978
-0.0794948
0.208839
0.208839
-0.071485
-0.067772
0.208839
0.208839
-0.0649344
0.208839
-0.0586807
0.208839
-0.0562141
-0.054798
0.208839
-0.0530344
0.208839
0.208839
-0.0528312
0.208839
-0.0536551
-0.0574262
0.208839
0.208839
-0.0598088
-0.0626781
0.208839
0.208839
-0.0711358
0.208839
-0.0743876
-0.0776578
0.208839
-0.0831902
0.208839
0.208839
-0.0845421
0.208839
-0.0847293
0.208839
-0.086076
0.208839
-0.0866983
0.208839
-0.0869348
0.208839
-0.0871232
-0.0912494
0.208839
0.208839
-0.0919006
0.208839
-0.0872677
0.208839
-0.0871379
0.208839
-0.088652
0.208839
-0.0883392
0.208839
-0.0862231
-0.0831122
0.208839
0.208839
-0.0751683
0.208839
-0.0713862
0.208839
-0.0686014
0.208839
-0.0623583
-0.0595826
0.208839
0.208839
-0.0737618
0.208839
-0.0659924
0.208839
-0.0611103
0.208839
-0.0595855
0.208839
-0.0593814
0.208839
-0.0605308
0.208839
-0.0622159
-0.0679238
0.208839
-0.0731812
0.208839
-0.0760036
0.208839
-0.079292
0.208839
-0.0805735
0.206302
0.195307
-0.081466
0.190783
-0.0833285
0.180772
-0.0843987
-0.084692
0.182683
0.174512
-0.0850258
0.159618
-0.0853893
-0.085645
0.143707
0.109839
-0.0858017
0.0910309
-0.0857823
0.0727868
-0.0858052
0.208839
0.245678
0.245678
0.208839
0.208839
0.212787
0.20179
0.208839
0.208839
0.191409
0.208839
0.168844
0.208839
0.157157
0.208839
0.145868
0.121826
0.208839
0.208839
0.109666
0.208839
0.097974
0.208839
0.0718415
0.0584466
0.208839
0.208839
0.046053
0.0180015
0.208839
0.208839
0.00354449
-0.00783882
0.208839
-0.0312718
0.208839
0.208839
-0.0423871
-0.0497687
0.208839
0.208839
-0.0464733
-0.0537663
0.208839
0.208839
-0.0628427
0.208839
-0.0756161
-0.0820704
0.208839
0.208839
-0.0831152
0.208839
-0.0850838
0.208839
-0.0863027
0.208839
-0.0869158
0.208839
-0.0878309
0.208839
-0.0876316
0.208839
-0.0859963
0.208839
-0.0790285
-0.075305
0.208839
-0.072346
0.208839
-0.064865
0.208839
0.208839
-0.0615442
-0.0592221
0.208839
-0.0548789
0.208839
0.208839
-0.0534987
0.208839
-0.0530526
0.208839
-0.0538754
0.208839
-0.0550178
-0.0569478
0.208839
0.208839
-0.0631248
0.208839
-0.0669063
0.208839
-0.0707428
-0.07847
0.208839
0.208839
-0.0811657
-0.0820774
0.208839
-0.084324
0.208839
-0.0853735
0.208839
0.208839
-0.0858896
0.208839
-0.0865311
0.208839
-0.0873487
0.208839
-0.0905696
0.208839
-0.0895049
-0.0884284
0.208839
0.208839
-0.0883883
0.208839
-0.0889623
0.208839
-0.0888907
0.208839
-0.0885746
-0.0830088
0.208839
0.208839
-0.0794552
-0.0762889
0.208839
-0.0683379
0.208839
-0.064795
0.208839
-0.0624368
0.208839
0.208839
-0.0733581
-0.0691841
0.208839
0.208839
-0.0630213
0.208839
-0.0584394
-0.0579728
0.208839
-0.0585824
0.208839
-0.0615361
0.208839
-0.0639837
0.208839
-0.067064
0.208839
0.208839
-0.0754536
0.206302
-0.0779647
0.195307
-0.0787168
-0.0812553
0.190784
-0.0821669
0.180774
0.182684
-0.0830424
0.174513
-0.0845202
-0.0850667
0.159624
-0.0852774
0.143727
0.109832
-0.0855912
-0.0856849
0.0910533
-0.085692
0.0728672
0.0341498
-0.0857594
0.0158013
-0.0856834
-0.085685
0.00127797
-0.0278321
-0.0840522
-0.0819206
-0.0398117
-0.079234
-0.0473597
-0.062341
-0.0720843
-0.0679819
-0.0686434
-0.0658294
-0.0710529
-0.077367
-0.0597268
-0.079729
-0.0572429
-0.0809509
-0.0555781
-0.0833415
-0.0530363
-0.052371
-0.0842475
-0.0525982
-0.0847566
-0.0855981
-0.0547706
-0.0564865
-0.0858108
-0.058798
-0.0858469
-0.0857603
-0.0654732
-0.0689213
-0.0856516
-0.0708334
-0.0854788
-0.0850488
-0.0743352
-0.0847963
-0.0759424
-0.0770176
-0.0845336
-0.0838763
-0.0789796
-0.0835302
-0.0796838
-0.0831986
-0.0801156
-0.0809831
-0.0824746
-0.0813233
-0.0821064
-0.0815032
-0.0817729
-0.080954
-0.0817888
-0.0805229
-0.0818777
-0.0818557
-0.0801208
-0.0792009
-0.0809115
-0.0794852
-0.0787297
-0.077467
-0.0782903
-0.0773291
-0.0719949
-0.0691139
-0.0768431
-0.0665268
-0.0763924
-0.0608868
-0.0753942
-0.0584437
-0.0748867
-0.0744187
-0.0565805
-0.0535881
-0.0746473
-0.0525997
-0.0746757
-0.0522833
-0.0746899
-0.0721988
-0.0532286
-0.0541237
-0.0726167
-0.0555308
-0.0718334
-0.0599707
-0.0696697
-0.0709096
-0.0619349
-0.0634569
-0.0696287
-0.066258
-0.0684852
-0.0673919
-0.0680878
-0.0682451
-0.0674591
-0.0699277
-0.0658562
-0.070597
-0.0654391
-0.0710611
-0.0652301
-0.0643677
-0.0718488
-0.0721379
-0.0637138
-0.063057
-0.0722969
-0.0725037
-0.0620696
-0.0618874
-0.0725598
-0.0613401
-0.0725449
-0.0613391
-0.0723425
-0.0613925
-0.071868
-0.0709147
-0.0600535
-0.0584299
-0.0675631
-0.0655867
-0.0604509
-0.063624
-0.0589895
-0.0582148
-0.0591228
-0.0587621
-0.0569869
-0.0551433
-0.0580787
-0.0562691
-0.05174
-0.0556708
-0.0504103
-0.0549108
-0.049528
-0.0540843
-0.0484887
-0.0485486
-0.0531374
-0.05221
-0.0488374
-0.0519404
-0.0503527
-0.0515818
-0.0509792
-0.0526494
-0.0498031
-0.0542595
-0.0492093
-0.0549548
-0.0484716
-0.0476087
-0.0555172
-0.0565111
-0.0460581
-0.0452588
-0.0568996
-0.0445683
-0.0572127
-0.0427492
-0.0577514
-0.0579239
-0.0419678
-0.0411769
-0.0580149
-0.0394516
-0.0580842
-0.0385199
-0.0580561
-0.0376704
-0.0579836
-0.0577376
-0.0358776
-0.0349851
-0.057499
-0.0571116
-0.0341636
-0.0553656
-0.0323198
-0.0542218
-0.0317232
-0.0530019
-0.0317408
-0.0308655
-0.0500716
-0.0305687
-0.0485806
-0.0471933
-0.0303185
-0.0444287
-0.0305411
-0.04321
-0.0300975
-0.0293252
-0.0421986
-0.0280804
-0.0405667
-0.0400089
-0.0276261
-0.026912
-0.0397153
-0.0395217
-0.0237185
-0.0231454
-0.039662
-0.0399773
-0.0231392
-0.0404077
-0.0223039
-0.0214863
-0.0405208
-0.020674
-0.0405809
-0.0190622
-0.0407014
-0.0406448
-0.0182682
-0.0175234
-0.040421
-0.040239
-0.0160194
-0.0399155
-0.0152675
-0.0145395
-0.0397025
-0.0131525
-0.0393581
-0.0390217
-0.0124714
-0.0385664
-0.0118276
-0.0105835
-0.0378694
-0.0099872
-0.0375814
-0.00946506
-0.0371427
-0.0359175
-0.00840058
-0.00791545
-0.0352018
-0.0345192
-0.00747008
-0.00663923
-0.0327314
-0.0317712
-0.00625149
-0.0308023
-0.00590042
-0.0290495
-0.0052757
-0.00502268
-0.0281716
-0.00482609
-0.0273819
-0.00451358
-0.0259027
-0.0251819
-0.00438197
-0.0245868
-0.00428857
-0.0234704
-0.00419763
-0.00418116
-0.022931
-0.022412
-0.00418123
-0.0214661
-0.00405846
-0.0209183
-0.00418487
-0.0203707
-0.00407273
-0.0192616
-0.00416243
-0.00411055
-0.0186412
-0.00423882
-0.0180186
-0.0167014
-0.00431854
-0.00414734
-0.0160161
-0.00444755
-0.0153521
-0.00342559
-0.0139866
-0.00371603
-0.013285
-0.00357817
-0.0126237
-0.00365876
-0.0112149
-0.00392673
-0.0105176
-0.00407609
-0.00985739
-0.00847914
-0.0043415
-0.00785439
-0.00449454
-0.00468058
-0.0072761
-0.00505657
-0.00620493
-0.00525828
-0.00572155
-0.00528479
-0.00545303
-0.00586251
-0.00445989
-0.00604771
-0.00407257
-0.00370853
-0.00621167
-0.00296142
-0.00651535
-0.0025867
-0.00664868
-0.00220842
-0.0067646
-0.00139334
-0.00697353
-0.000953667
-0.00707581
-0.000511289
-0.00714038
0.000405213
-0.00721768
0.000844384
-0.0072182
0.00122143
-0.00720548
0.00190412
-0.00710444
0.00219785
-0.00702255
-0.00693479
0.00246546
0.0028926
-0.00667709
0.00307445
-0.00653099
0.00321191
-0.00637356
0.00338309
-0.00593409
0.00337884
-0.00567234
0.00335225
-0.00538793
-0.00472308
0.0031952
0.00308445
-0.00434589
-0.00394436
0.00293575
-0.00309553
0.00253572
0.00231488
-0.00261868
0.00207322
-0.0021598
-0.0011635
0.00160824
-0.000547461
0.00136667
0.00112922
3.11894e-05
0.000698817
0.0013758
0.000508244
0.00201485
0.0028002
0.000317747
0.00425791
-6.28156e-05
0.00514081
-0.000256986
-0.000451851
0.00592832
0.00763276
-0.000908273
-0.00117423
0.00725121
0.00688594
-0.00144436
0.00901404
-0.00209455
-0.00247255
0.00865527
0.0080945
-0.0028334
-0.00356477
0.0103063
-0.00390651
0.00992637
0.00953134
-0.00421701
-0.00481254
0.0113982
0.0114065
-0.00508523
-0.00533134
0.0125986
-0.00579923
0.0152087
0.0164782
-0.00601064
0.0178021
-0.00620915
0.0203913
-0.00651258
0.0219462
-0.0066239
0.0232962
-0.00669886
0.0264069
-0.00681043
-0.00680379
0.0281323
-0.00679351
0.0299784
0.0337028
-0.00664773
0.0354662
-0.00652525
0.0373208
-0.00639383
0.0417118
-0.00609794
-0.0059315
0.0442229
0.0463508
-0.00574342
0.0514249
-0.00536305
-0.00518315
0.0543779
0.0569068
-0.00498265
-0.00455902
0.063092
0.065913
-0.00434838
-0.00410986
0.0693627
-0.00357601
0.0761913
0.079628
-0.00324859
0.0835613
-0.00291179
-0.00210604
0.0911937
0.095343
-0.00170187
0.0998181
-0.00129562
0.108372
-0.000248327
0.113344
0.000283521
0.117922
0.000920188
0.00216039
0.128013
0.133178
0.00290349
0.00358212
0.138072
0.0051031
0.149174
0.154878
0.00587179
0.00658013
0.160385
0.00848201
0.171839
0.177615
0.00936161
0.183553
0.0104491
0.195448
0.0122102
0.201211
0.0131432
0.207019
0.0138482
0.206982
0.0150087
0.206966
0.0156488
0.206958
0.0161025
0.206951
0.0169063
0.20695
0.0173006
0.20695
0.0178685
0.0191353
0.206949
0.206949
0.0198252
0.0208772
0.206949
0.206949
0.0229155
0.206949
0.024487
0.0260449
0.206949
0.206949
0.0297109
0.0314756
0.206949
0.0334528
0.206949
0.0376681
0.206949
0.040114
0.206949
0.0422431
0.206949
0.0472538
0.206949
0.207465
0.0501628
0.212856
0.0526554
0.222415
0.058752
0.0615363
0.222328
0.222361
0.0649403
0.222411
0.0716718
0.222482
0.0750574
0.228129
0.0789319
0.240779
0.0863125
0.0897295
0.245518
0.250303
0.0931648
0.0988891
0.248729
0.101185
0.249129
0.208839
0.245678
0.245678
0.208839
0.212824
0.208839
0.20186
0.208839
0.191537
0.208839
0.208839
0.168969
0.157302
0.208839
0.146085
0.208839
0.208839
0.121979
0.208839
0.109817
0.208839
0.0981113
0.208839
0.0719334
0.208839
0.058495
0.0460018
0.208839
0.208839
0.0178684
0.208839
0.00364964
0.208839
-0.00776139
0.208839
-0.0313553
0.208839
-0.0425188
0.208839
-0.0500802
0.208839
-0.0466486
0.208839
-0.0539128
-0.0630142
0.208839
-0.0759185
0.208839
-0.0822008
0.208839
-0.0832452
0.208839
-0.0850401
0.208839
-0.0862643
0.208839
-0.086949
0.208839
-0.087852
0.208839
0.208839
-0.0876162
-0.0859058
0.208839
0.208839
-0.0786897
-0.0749425
0.208839
0.208839
-0.0719978
0.208839
-0.0645392
0.208839
-0.0612402
0.208839
-0.0589388
0.208839
-0.0547084
0.208839
-0.0533989
-0.053012
0.208839
0.208839
-0.0539719
0.208839
-0.0551983
0.208839
-0.0572094
-0.0636157
0.208839
0.208839
-0.0675087
0.208839
-0.0710624
0.208839
-0.0787265
-0.0813761
0.208839
-0.0822799
0.208839
-0.0844403
0.208839
-0.085454
0.208839
-0.0859442
0.208839
-0.0865745
0.208839
-0.0874435
0.208839
-0.0905914
0.208839
0.208839
-0.0894597
0.208839
-0.088422
-0.0884033
0.208839
0.208839
-0.0889776
0.208839
-0.0888003
0.208839
-0.0882073
0.208839
-0.0824115
-0.0788381
0.208839
0.208839
-0.075767
0.208839
-0.0677966
0.208839
-0.064425
0.208839
-0.0621384
-0.0730508
0.208839
0.208839
-0.0689285
0.208839
-0.0628154
0.208839
-0.0584481
0.208839
-0.0579277
0.208839
-0.0587503
0.208839
-0.0615621
-0.0640775
0.208839
-0.06759
0.208839
-0.0757762
0.208839
0.206302
-0.0781702
-0.0788898
0.195307
-0.0813898
0.190784
-0.0822761
0.180775
0.182686
-0.0831694
-0.0845802
0.174516
-0.0851044
0.159629
-0.0853112
0.143733
0.109863
-0.085611
-0.085701
0.0910425
-0.085709
0.0727028
0.0340456
-0.0857721
0.0157662
-0.0856934
-0.0856909
0.00131613
-0.0277814
-0.0838245
-0.0816167
-0.0397768
-0.0474297
-0.0788885
-0.0717612
-0.0623357
-0.0680113
-0.0682794
-0.0654596
-0.0710795
-0.0773958
-0.059431
-0.0569896
-0.0797586
-0.0810399
-0.0553334
-0.0529426
-0.0833929
-0.0523982
-0.0842837
-0.0847767
-0.0527276
-0.0856137
-0.0551148
-0.0858257
-0.0569653
-0.085858
-0.0593832
-0.0857671
-0.0663354
-0.0856574
-0.069384
-0.0854854
-0.07112
-0.0746417
-0.0850524
-0.0847995
-0.0762209
-0.0772691
-0.0845343
-0.079063
-0.0838916
-0.0797483
-0.0835435
-0.0832069
-0.0801961
-0.0810382
-0.0824813
-0.0821122
-0.0813694
-0.0817787
-0.0815421
-0.081816
-0.0809577
-0.0805267
-0.0818995
-0.0818723
-0.0801261
-0.0814484
-0.0792058
-0.0787338
-0.080533
-0.0782955
-0.0789538
-0.0738678
-0.0773303
-0.0710767
-0.0768454
-0.0763929
-0.0684689
-0.0753937
-0.0625942
-0.0599538
-0.0751381
-0.0752322
-0.0579155
-0.0728142
-0.0543156
-0.0530667
-0.0734725
-0.0525201
-0.0732499
-0.073354
-0.0525942
-0.0710908
-0.0534389
-0.0699636
-0.0546627
-0.0716329
-0.0582488
-0.0709072
-0.0606562
-0.0623945
-0.0705161
-0.0697908
-0.065349
-0.0665539
-0.069232
-0.0674779
-0.0684602
-0.0672317
-0.0693031
-0.0668422
-0.0700309
-0.0663184
-0.0705408
-0.0652051
-0.071423
-0.0643008
-0.0717533
-0.0719482
-0.0637328
-0.0722151
-0.0626102
-0.0623439
-0.0722973
-0.0723039
-0.061703
-0.0722575
-0.0600939
-0.0594544
-0.0720001
-0.0589296
-0.0713248
-0.0578413
-0.0683885
-0.0665617
-0.05736
-0.0646789
-0.0574059
-0.0549717
-0.0601959
-0.056382
-0.058029
-0.0561356
-0.0548082
-0.0524939
-0.0563078
-0.0510172
-0.0555658
-0.0499372
-0.053619
-0.0540088
-0.0484958
-0.0483689
-0.0514632
-0.0496007
-0.0484545
-0.0355884
-0.0495766
-0.0363901
-0.0506552
-0.0517649
-0.0365809
-0.0364632
-0.053526
-0.0542822
-0.0359864
-0.0354731
-0.0548919
-0.0363037
-0.0559683
-0.0563925
-0.035873
-0.0567354
-0.0353376
-0.035559
-0.0573339
-0.057535
-0.0350423
-0.0350952
-0.0576503
-0.0346545
-0.0577657
-0.0342608
-0.0577585
-0.0338965
-0.0577038
-0.0330345
-0.0574922
-0.0324829
-0.0573207
-0.0320452
-0.0571063
-0.0556513
-0.030962
-0.0303367
-0.0546135
-0.0297455
-0.0534512
-0.028475
-0.050609
-0.0491379
-0.0278265
-0.0272219
-0.0477496
-0.0449118
-0.025844
-0.0436414
-0.0251824
-0.0425621
-0.0245217
-0.0231217
-0.0407477
-0.0224303
-0.0400882
-0.0217651
-0.0396947
-0.0203268
-0.0392664
-0.0393072
-0.0196215
-0.018936
-0.0395421
-0.0175383
-0.0400302
-0.040163
-0.016859
-0.0162083
-0.0402371
-0.0403872
-0.014898
-0.0142579
-0.0403433
-0.0401319
-0.0136505
-0.039975
-0.0124237
-0.0118333
-0.0396627
-0.0394594
-0.0112936
-0.0391356
-0.0102407
-0.00974599
-0.0388081
-0.00930515
-0.0383614
-0.0376806
-0.00843492
-0.00804233
-0.0373999
-0.0369669
-0.00767039
-0.035865
-0.00699257
-0.0352766
-0.00668847
-0.0345402
-0.00642059
-0.0327493
-0.00599175
-0.00582752
-0.0317668
-0.0309103
-0.00570298
-0.0057068
-0.0291264
-0.00563532
-0.0282608
-0.0275013
-0.00551624
-0.00546452
-0.0258996
-0.0251997
-0.00546283
-0.00546464
-0.0245837
-0.00537414
-0.0234267
-0.00540575
-0.0228525
-0.0054136
-0.0223147
-0.00536065
-0.0213744
-0.00550192
-0.0208336
-0.0202828
-0.00551567
-0.0191643
-0.00575357
-0.00588612
-0.0185547
-0.017933
-0.00604217
-0.0166206
-0.00636856
-0.00653315
-0.0159433
-0.015275
-0.0066961
-0.00703657
-0.0139097
-0.00721281
-0.0132103
-0.012548
-0.00738375
-0.0111418
-0.00773832
-0.0104493
-0.00791536
-0.00806946
-0.00978944
-0.00834747
-0.00840063
-0.00846599
-0.00776084
-0.00716926
-0.00856627
-0.00873983
-0.00607603
-0.00880898
-0.00558483
-0.005143
-0.00886327
-0.00893136
-0.0043159
-0.00885024
-0.00393134
-0.00357294
-0.00892663
-0.00896581
-0.00284634
-0.00248477
-0.00907147
-0.0021265
-0.00897655
-0.00882374
-0.00134442
-0.00900882
-0.000921885
-0.000505001
-0.00887756
-0.00869388
0.000381409
0.208839
0.245678
0.245678
0.208839
0.212783
0.208839
0.201803
0.208839
0.208839
0.191455
0.168888
0.208839
0.157214
0.208839
0.145974
0.208839
0.121924
0.208839
0.109781
0.208839
0.208839
0.0980107
0.0719093
0.208839
0.0585146
0.208839
0.208839
0.0460411
0.208839
0.0179894
0.208839
0.0037914
0.208839
-0.00767486
0.208839
-0.0313184
0.208839
-0.0424752
-0.0499731
0.208839
-0.0466409
0.208839
0.208839
-0.0538673
0.208839
-0.062927
-0.0758079
0.208839
0.208839
-0.0821797
-0.0831836
0.208839
0.208839
-0.0850788
0.208839
-0.0863016
0.208839
-0.0869608
0.208839
-0.0878526
0.208839
-0.0876335
0.208839
-0.0859662
-0.0787851
0.208839
0.208839
-0.0750662
0.208839
-0.0721462
-0.0646226
0.208839
0.208839
-0.0613297
-0.0590863
0.208839
-0.0547883
0.208839
0.208839
-0.0534432
-0.0530331
0.208839
0.208839
-0.0539638
-0.0551702
0.208839
-0.0571569
0.208839
-0.0632717
0.208839
0.208839
-0.0670674
0.208839
-0.0708587
0.208839
-0.0787334
-0.0814068
0.208839
0.208839
-0.0822869
0.208839
-0.0844378
0.208839
-0.0854557
-0.0859523
0.208839
-0.0865791
0.208839
-0.0875459
0.208839
0.208839
-0.0906575
-0.0893686
0.208839
-0.088352
0.208839
0.208839
0.245678
0.208839
0.245678
0.212737
0.208839
0.201726
0.208839
0.19134
0.208839
0.208839
0.168746
0.15707
0.208839
0.208839
0.145825
0.208839
0.121804
0.109647
0.208839
0.208839
0.0979525
0.208839
0.0719708
0.208839
0.0586418
0.0463346
0.208839
0.208839
0.0184458
0.00410646
0.208839
-0.00754161
0.208839
0.208839
-0.0311927
-0.0423187
0.208839
0.208839
-0.0496586
0.208839
-0.0464105
-0.0537273
0.208839
-0.0628169
0.208839
0.208839
-0.0757014
0.208839
-0.0821396
0.208839
-0.0831706
0.208839
-0.0850481
0.208839
-0.0862811
0.208839
-0.0869643
-0.066499
0.208839
-0.0693259
0.208839
0.208839
-0.075984
0.208839
-0.0751587
0.208839
-0.0724304
-0.0696684
0.208839
-0.081206
0.208839
0.208839
-0.0756404
0.208839
-0.067207
0.208839
-0.0593504
-0.057472
0.208839
0.208839
-0.0568319
-0.0562287
0.208839
0.208839
-0.056837
0.208839
-0.0585425
0.208839
-0.0638775
-0.0673537
0.208839
0.208839
-0.0710049
-0.0790153
0.208839
-0.0816014
0.208839
0.208839
-0.0823543
-0.0844191
0.208839
0.208839
-0.0854427
-0.0859597
0.208839
0.208839
-0.0865889
0.208839
-0.0867976
0.208839
-0.0895372
0.208839
-0.0900381
0.208839
-0.0890363
0.208839
-0.088403
0.208839
-0.0888242
-0.0888838
0.208839
-0.0886894
0.208839
0.208839
-0.0834256
-0.0799322
0.208839
0.208839
-0.076787
0.208839
-0.0688386
0.208839
-0.0652518
0.208839
-0.0628233
-0.0736577
0.208839
-0.0693943
0.208839
-0.0631124
0.208839
0.208839
-0.0583895
-0.0578445
0.208839
-0.0583471
0.208839
-0.0611999
0.208839
-0.0633411
0.208839
-0.066358
0.208839
-0.0750121
0.208839
-0.0775657
0.206302
0.195307
-0.0783304
0.190788
-0.0809671
0.180788
-0.0819382
0.182698
-0.08254
0.174527
-0.0843197
-0.0849565
0.15964
-0.0851672
0.143743
-0.085519
0.10987
0.0910637
-0.0856467
-0.0856538
0.0727523
-0.0857377
0.0340824
0.0157581
-0.0856735
-0.0856549
0.00144398
-0.0278007
-0.0843308
-0.0823279
-0.0397894
-0.0796964
-0.0473137
-0.0726116
-0.0623006
-0.0691353
-0.0679897
-0.0711037
-0.0662601
-0.0773871
-0.060071
-0.0575299
-0.0797584
-0.0557587
-0.0810695
-0.0834214
-0.0531519
-0.0843047
-0.0524767
-0.0847945
-0.0526939
-0.0547796
-0.0856246
-0.0858345
-0.056478
-0.058783
-0.0858647
-0.0857729
-0.0656128
-0.0686911
-0.0856625
-0.0705376
-0.085489
-0.085056
-0.0741987
-0.0758432
-0.0848022
-0.0845359
-0.0769418
-0.0788278
-0.0838926
-0.0795373
-0.083544
-0.0799923
-0.0832082
-0.0808901
-0.0824826
-0.0812409
-0.0821138
-0.0817813
-0.0814229
-0.0809593
-0.081726
-0.0818244
-0.0805276
-0.0801219
-0.0818094
-0.0814698
-0.0792029
-0.078732
-0.080688
-0.0782953
-0.0792383
-0.0773305
-0.0743304
-0.0768444
-0.0715712
-0.0689737
-0.076393
-0.0753939
-0.0630612
-0.0603959
-0.0748869
-0.0582905
-0.0744209
-0.0746494
-0.0545397
-0.0532192
-0.0723172
-0.0526007
-0.0711135
-0.0524996
-0.0731601
-0.0532761
-0.0730706
-0.0543616
-0.0731519
-0.0578217
-0.0707792
-0.0714039
-0.0602049
-0.0706161
-0.062142
-0.0650874
-0.0685683
-0.0696446
-0.0662879
-0.0672195
-0.0681278
-0.0690943
-0.0667587
-0.0663009
-0.0698409
-0.0703744
-0.0658162
-0.0645023
-0.0712827
-0.0641332
-0.0716251
-0.0718267
-0.0637108
-0.0624156
-0.072121
-0.0722105
-0.0619511
-0.0722245
-0.0614795
-0.0606785
-0.0721906
-0.0600902
-0.0719938
-0.0592592
-0.0714824
-0.0581374
-0.0687721
-0.0670361
-0.0577808
-0.05718
-0.0652171
-0.0577281
-0.0608063
-0.0586379
-0.0570344
-0.056116
-0.0567086
-0.0529409
-0.0567786
0.208839
0.245678
0.208839
0.245678
0.212877
0.208839
0.20192
0.208839
0.208839
0.191595
0.208839
0.168999
0.157358
0.208839
0.208839
0.146119
0.208839
0.122033
0.109843
0.208839
0.208839
0.098083
0.0715917
0.208839
0.208839
0.0584267
0.0459893
0.208839
0.017344
0.208839
0.00327541
0.208839
-0.00798118
0.208839
-0.0314922
0.208839
-0.0426473
0.208839
-0.0501931
0.208839
-0.0467101
0.208839
0.208839
-0.0539473
0.208839
-0.0630232
-0.0758859
0.208839
-0.0821742
0.208839
0.208839
-0.0832709
-0.0850918
0.208839
0.208839
-0.0862875
0.208839
-0.0869522
0.208839
-0.0878602
-0.0875286
0.208839
-0.0855479
0.208839
0.208839
-0.0781168
0.208839
-0.0744131
0.208839
-0.0715291
-0.064091
0.208839
-0.0608334
0.208839
0.208839
-0.0586064
0.208839
-0.054523
-0.0532831
0.208839
0.208839
-0.0529734
0.208839
-0.0540996
0.208839
-0.0554268
0.208839
-0.0575262
-0.0640972
0.208839
-0.0680602
0.208839
0.208839
-0.0715976
0.208839
-0.0791753
0.208839
-0.0817067
-0.082526
0.208839
0.208839
-0.0845845
0.208839
-0.0855673
0.208839
-0.0860423
0.208839
-0.0866311
0.208839
-0.0876521
0.208839
-0.090649
-0.0893214
0.208839
0.208839
-0.0883545
0.208839
-0.0884373
0.208839
-0.0889903
0.234575
0.245678
0.245678
0.234578
0.234581
0.212657
0.201624
0.234581
0.234582
0.191216
0.168594
0.234582
0.156908
0.234582
0.145639
0.234582
0.234582
0.121666
0.234582
0.109572
0.0978743
0.234582
0.0720202
0.234582
0.0587703
0.234582
0.234582
0.0465759
0.018892
0.234582
0.234582
0.00464824
0.234582
-0.00732379
0.234582
-0.031008
-0.0421245
0.234582
-0.0495273
0.234582
0.234582
-0.0463758
0.234582
-0.0537129
-0.0628247
0.234582
-0.0758951
0.234582
-0.0822756
0.234582
0.234582
-0.0832778
0.234582
-0.085001
0.234582
-0.0862351
-0.086943
0.234582
0.234582
-0.0664717
0.234582
-0.0693331
-0.0760952
0.234582
0.234582
-0.0756399
0.234582
-0.0729859
-0.0701987
0.234582
0.234582
-0.0817069
-0.07609
0.234582
0.234582
-0.0675671
0.234582
-0.0596237
-0.0576809
0.234582
0.234582
-0.0568186
0.234582
-0.0561718
0.234582
-0.0568057
0.234582
-0.0585188
0.234582
-0.0639872
0.234582
-0.0674629
0.234582
-0.0711179
-0.0788594
0.234582
0.234582
-0.0815103
0.234582
-0.0823739
0.234582
-0.084463
0.234582
-0.0854722
0.234582
-0.0859743
0.234582
-0.0865892
0.234582
-0.0867962
0.234582
-0.0896867
0.234582
-0.090055
0.234582
-0.0890232
0.234582
-0.0884052
0.234582
-0.0888294
0.234582
-0.0888864
-0.088692
0.234582
-0.0835475
0.234582
0.234582
-0.0800956
0.234582
-0.076882
0.234582
-0.0689182
0.234582
-0.0652902
-0.0628929
0.234582
-0.0737189
0.234582
-0.069464
0.234582
-0.0632216
0.234582
0.234582
-0.0584776
0.234582
-0.0579207
0.234582
-0.0584232
0.234582
-0.0612457
-0.0634115
0.234582
-0.066428
0.234582
0.234582
-0.0750872
0.234582
-0.0776005
-0.0783824
0.234582
0.234582
-0.0809805
0.234582
-0.0819397
0.234582
-0.0825433
0.234582
-0.0843262
0.234582
-0.0849736
0.234582
-0.0851923
0.234582
-0.0855287
-0.0856458
0.234582
0.234582
-0.0856568
-0.0857368
0.234582
0.234582
-0.0856691
-0.0856616
0.234582
0.234582
-0.0841815
-0.0821444
0.234582
-0.0794938
0.234582
0.234582
-0.07244
0.234582
-0.0689896
-0.0661953
0.234582
0.234582
-0.0600242
0.234582
-0.0574904
0.234582
-0.0557404
0.234582
-0.0531217
0.234582
-0.0524264
0.234582
-0.0526224
-0.0543364
0.234582
-0.0563465
0.234582
-0.0590915
0.234582
0.234582
-0.065556
0.234582
-0.0683491
-0.0703232
0.234582
-0.074173
0.234582
0.234582
-0.0758356
0.234582
-0.0769157
0.234582
-0.0788044
0.234582
-0.0795227
0.234582
-0.0799781
0.234582
-0.0808799
0.234582
-0.0812323
-0.0814137
0.234582
0.234582
-0.0817216
-0.0818201
0.234582
-0.0818051
0.234582
0.234582
-0.0814752
0.234582
-0.0806837
-0.0791895
0.234582
0.234582
-0.074264
0.234582
-0.0714969
0.234582
-0.0689234
0.234582
-0.0630478
0.234582
-0.0603838
0.234582
-0.0582922
-0.0545315
0.234582
-0.0532041
0.234582
-0.0525706
0.234582
-0.0524231
0.234582
0.234582
-0.0531717
-0.0542352
0.234582
0.234582
-0.0576407
0.234582
-0.0599651
-0.0619451
0.234582
0.234582
-0.0650244
0.234582
-0.0662524
0.234582
-0.0671907
0.234582
-0.0690736
0.234582
-0.0698239
0.234582
-0.0703522
0.234582
-0.0712709
0.234582
-0.0716175
-0.0718244
0.234582
-0.0721211
0.234582
-0.0722113
0.234582
0.234582
-0.0722242
0.234582
-0.0721927
0.234582
-0.0719914
0.234582
-0.0714626
0.234582
-0.0687507
-0.067015
0.234582
0.234582
-0.0651754
0.234582
-0.0607655
-0.0585947
0.234582
-0.0566824
0.234582
-0.0529175
0.234582
0.234582
-0.051367
0.234582
-0.0502063
-0.0485779
0.234582
0.234582
-0.0482094
0.234582
-0.04829
0.234582
-0.0492097
-0.0500871
0.234582
-0.051237
0.234582
-0.0532046
0.234582
-0.0539883
0.234582
0.234582
-0.054605
-0.0557245
0.234582
-0.0561669
0.234582
-0.0565234
0.234582
0.234582
-0.057154
0.234582
-0.0573712
-0.0575
0.234582
0.234582
-0.0576407
0.234582
-0.0576447
0.234582
-0.0576006
0.234582
-0.0574076
-0.057259
0.234582
-0.0570932
0.234582
-0.0558496
0.234582
0.234582
-0.0548977
0.234582
-0.0537913
0.234582
-0.0510188
0.234582
-0.0495627
0.234582
-0.0481761
-0.0452974
0.234582
0.234582
-0.0439917
-0.0428699
0.234582
0.234582
-0.0409449
-0.0402211
0.234582
-0.0397223
0.234582
0.234582
-0.0392182
-0.0391925
0.234582
0.234582
-0.0393278
-0.0398206
0.234582
0.234582
-0.0399699
-0.040057
0.234582
0.234582
-0.0402296
-0.040196
0.234582
-0.0399923
0.234582
-0.0398565
0.234582
-0.0396811
0.234582
-0.039354
0.234582
-0.0390355
0.234582
-0.0387191
0.234582
0.234582
-0.0382778
0.234582
-0.0376097
0.234582
-0.0373363
0.234582
-0.0369092
0.234582
-0.0358924
0.234582
-0.0353439
-0.034635
0.234582
0.234582
-0.0328893
-0.0319214
0.234582
0.234582
-0.0311025
0.234582
-0.029278
-0.0284145
0.234582
-0.0276347
0.234582
0.234582
-0.0260149
0.234582
-0.0252868
0.234582
-0.0246518
-0.0234464
0.234582
0.234582
-0.0228701
0.234582
-0.0223354
-0.0213681
0.234582
-0.0208322
0.234582
0.234582
-0.0202691
0.234582
-0.0191712
0.234582
-0.0185611
0.234582
-0.017934
0.234582
-0.0166334
-0.0159467
0.234582
-0.015286
0.234582
-0.013922
0.234582
0.234582
-0.0132275
0.234582
-0.0125631
0.234582
-0.0111566
0.234582
-0.0104645
-0.00980735
0.234582
-0.00841194
0.234582
-0.00775834
0.234582
-0.00715239
0.234582
0.234582
-0.00603742
0.234582
-0.00553836
0.234582
-0.00509083
0.234582
-0.00425782
-0.00387291
0.234582
0.234582
-0.00351593
0.234582
-0.00279848
-0.00244297
0.234582
0.234582
-0.00209189
0.234582
-0.00133094
0.234582
-0.000919126
-0.000517463
0.234582
0.000349912
0.234582
0.234582
0.000781599
0.00118237
0.234582
0.234582
0.00186407
0.234582
0.00215619
0.00241585
0.234582
0.234582
0.0028746
0.00304545
0.234582
0.00314972
0.234582
0.234582
0.0033612
0.00337925
0.234582
0.234582
0.00334251
0.00318416
0.234582
0.234582
0.00306961
0.234582
0.00291711
0.00252492
0.234582
0.234582
0.00229619
0.00204783
0.234582
0.00155327
0.234582
0.234582
0.00129026
0.234582
0.00104096
0.245678
0.245678
0.212836
0.201858
0.234581
0.191486
0.234582
0.234582
0.168947
0.157291
0.234582
0.146091
0.234582
0.234582
0.122004
0.109838
0.234582
0.098078
0.234582
0.234582
0.071903
0.0584887
0.234582
0.0460635
0.234582
0.234582
0.0179565
0.234582
0.00350315
-0.00803272
0.234582
-0.0314449
0.234582
-0.0426037
0.234582
-0.0501527
0.234582
-0.0466113
0.234582
0.234582
-0.0538686
-0.0629724
0.234582
-0.0758478
0.234582
-0.0821759
0.234582
0.234582
-0.0832574
-0.0850759
0.234582
-0.0862755
0.234582
-0.0869297
0.234582
0.234582
-0.0878451
-0.0876129
0.234582
0.234582
-0.0858996
0.234582
-0.0786949
-0.0750019
0.234582
-0.0721116
0.234582
-0.064656
0.234582
0.234582
-0.061354
0.234582
-0.0590484
0.234582
-0.054774
0.234582
-0.0534328
-0.0530166
0.234582
0.234582
-0.0539013
0.234582
-0.0550729
0.234582
-0.0570198
0.234582
-0.0632443
-0.0670565
0.234582
-0.0709258
0.234582
0.234582
-0.0785559
0.234582
-0.0812193
0.234582
-0.0821631
0.234582
-0.0843734
0.234582
-0.0854038
-0.0858942
0.234582
0.234582
-0.0865354
-0.0868892
0.234582
0.234582
-0.090425
0.234582
-0.08987
-0.0886109
0.234582
0.234582
-0.0883025
0.234582
-0.0889364
0.234582
-0.0888755
0.234582
-0.0884285
0.234582
-0.0827093
0.234582
-0.0791733
0.234582
-0.0760525
0.234582
-0.0681644
-0.0646864
0.234582
0.234582
-0.06236
0.234582
-0.0732527
0.234582
-0.0691003
0.234582
-0.0629672
0.234582
-0.0584516
0.234582
-0.0580023
-0.0587818
0.234582
0.234582
-0.0613893
0.234582
-0.0638068
-0.0671612
0.234582
0.234582
-0.0757213
0.234582
-0.0781013
0.234582
-0.0787649
-0.0812662
0.234582
0.234582
-0.0821785
0.234582
-0.0830089
0.234582
-0.0845116
0.234582
-0.0850601
-0.085276
0.234582
0.234582
-0.0855908
0.234582
-0.0856891
-0.0856953
0.234582
0.234582
-0.0857636
0.234582
-0.0856902
0.234582
-0.0856825
0.234582
-0.0839882
0.234582
-0.0818469
0.234582
-0.0791471
0.234582
-0.0720664
0.234582
-0.0686004
0.234582
-0.0657781
0.234582
-0.059683
-0.0572006
0.234582
-0.0555082
0.234582
-0.0530124
0.234582
0.234582
-0.0524251
-0.0527153
0.234582
-0.0549102
0.234582
-0.0566696
0.234582
0.234582
-0.0590247
-0.0659018
0.234582
-0.0689823
0.234582
0.234582
-0.0708006
0.234582
-0.0744093
-0.0760201
0.234582
0.234582
-0.0770699
0.234582
-0.0789227
-0.0796296
0.234582
0.234582
-0.0800861
-0.0809609
0.234582
0.234582
-0.081304
0.234582
-0.0814811
0.234582
-0.081776
0.234582
-0.0818691
-0.0818486
0.234582
0.234582
-0.0814892
0.234582
-0.0806731
0.234582
-0.0791966
-0.0742534
0.234582
0.234582
-0.0714815
-0.0688764
0.234582
-0.0629388
0.234582
0.234582
-0.0602758
-0.058182
0.234582
0.234582
-0.0544799
0.234582
-0.0531824
0.234582
-0.0525824
-0.0525176
0.234582
0.234582
-0.0533154
-0.054434
0.234582
0.234582
-0.0579444
0.234582
-0.0603553
-0.0621143
0.234582
0.234582
-0.0651376
0.234582
-0.0663667
-0.0673007
0.234582
0.234582
-0.069165
0.234582
-0.0699064
0.234582
-0.0704288
-0.0713345
0.234582
-0.0716749
0.234582
0.234582
-0.0718756
-0.0721612
0.234582
-0.072249
0.234582
0.234582
-0.0722602
0.234582
-0.0722237
0.234582
-0.0720103
0.234582
-0.0714561
0.234582
-0.0687047
-0.066942
0.234582
0.234582
-0.0650834
0.234582
-0.0606569
-0.0584889
0.234582
0.234582
-0.0565872
-0.0528442
0.234582
0.234582
-0.0513026
0.234582
-0.0501516
0.234582
-0.0485503
-0.0482059
0.234582
0.234582
-0.0483079
0.234582
-0.0493045
-0.0502142
0.234582
0.234582
-0.0513954
-0.0533075
0.234582
0.234582
-0.0540691
0.234582
-0.0546743
0.234582
-0.0557774
0.234582
-0.0562165
0.234582
-0.056573
0.234582
-0.0571945
-0.0574082
0.234582
0.234582
-0.0575308
-0.0576662
0.234582
-0.0576678
0.234582
-0.057621
0.234582
0.234582
-0.0574235
0.234582
-0.057273
0.234582
-0.0571068
0.234582
-0.055892
-0.0549576
0.234582
0.234582
-0.0538685
-0.0511117
0.234582
-0.0496572
0.234582
-0.0482572
0.234582
-0.0453781
0.234582
-0.0440653
0.234582
0.234582
-0.0429374
-0.0409958
0.234582
-0.0402358
0.234582
-0.039776
0.234582
0.234582
-0.0391889
-0.0391622
0.234582
0.234582
-0.0393488
-0.039805
0.234582
0.234582
-0.0399515
-0.0400394
0.234582
0.234582
-0.0402099
-0.0401752
0.234582
-0.0399713
0.234582
-0.0398327
0.234582
0.234582
-0.039602
0.234582
-0.0393298
0.234582
-0.0390137
0.234582
-0.0386948
0.234582
-0.038253
0.234582
-0.0375836
0.234582
-0.0373091
0.234582
-0.0368822
0.234582
-0.0358794
0.234582
-0.0353376
0.234582
-0.0346335
0.234582
-0.032901
-0.0319377
0.234582
0.234575
0.245678
0.245678
0.234578
0.212877
0.234581
0.234581
0.201915
0.191577
0.234582
0.168984
0.234582
0.234582
0.157348
0.234582
0.146151
0.122039
0.234582
0.109846
0.234582
0.0980459
0.234582
0.234582
0.0715528
0.234582
0.0584121
0.0459842
0.234582
0.0173419
0.234582
0.234582
0.00327703
-0.00799029
0.234582
-0.0314676
0.234582
0.234582
-0.0425652
-0.0500382
0.234582
0.234582
-0.0466462
0.234582
-0.0538809
-0.0629333
0.234582
0.234582
-0.0756973
-0.0821008
0.234582
0.234582
-0.083165
0.234582
-0.0851379
0.234582
-0.0863284
0.234582
-0.0869333
-0.0878457
0.234582
0.234582
-0.0875794
0.234582
-0.0857541
0.234582
-0.0784788
-0.074757
0.234582
-0.0718402
0.234582
0.234582
-0.0643917
-0.0611139
0.234582
0.234582
-0.0588498
-0.0546603
0.234582
-0.0533696
0.234582
0.234582
-0.0530018
0.234582
-0.0539937
-0.0551925
0.234582
0.234582
-0.057153
-0.0634056
0.234582
0.234582
-0.0672172
-0.0710368
0.234582
0.234582
-0.0787029
0.234582
-0.08133
0.234582
-0.0822148
0.234582
-0.0843996
0.234582
-0.0854247
-0.0859231
0.234582
-0.0865668
0.234582
0.234582
-0.0871747
-0.0904946
0.234582
0.234582
-0.0896497
0.234582
-0.088499
-0.0883403
0.234582
-0.0889592
0.234582
0.234582
-0.0888426
-0.0883213
0.234582
0.234582
-0.0824404
0.234582
-0.0788465
0.234582
-0.075787
-0.0678772
0.234582
-0.0644688
0.234582
0.234582
-0.0621091
-0.073035
0.234582
-0.0689144
0.234582
0.234582
-0.0627871
0.234582
-0.0584463
0.234582
-0.0579504
-0.0587824
0.234582
0.234582
-0.0615572
0.234582
-0.0640275
-0.0674257
0.234582
-0.0759087
0.234582
0.234582
-0.0782509
0.234582
-0.0788947
-0.081355
0.234582
0.234582
-0.0822477
-0.0831104
0.234582
-0.0845575
0.234582
-0.0850871
0.234582
-0.0853011
0.234582
-0.0856045
0.234582
0.234582
-0.0856983
0.234582
-0.0857032
-0.0857684
0.234582
0.234582
-0.0856916
0.234582
-0.0856881
-0.0837583
0.234582
-0.081533
0.234582
0.234582
-0.0788586
-0.0717095
0.234582
-0.068249
0.234582
-0.0654049
0.234582
-0.0594258
0.234582
-0.0569975
0.234582
-0.0553372
0.234582
0.234582
-0.0529021
-0.0523415
0.234582
0.234582
-0.0526584
-0.0549758
0.234582
-0.0568094
0.234582
-0.0592093
0.234582
-0.0663112
0.234582
-0.0690122
0.234582
0.234582
-0.0707816
0.234582
-0.0744592
0.234582
-0.0760816
0.234582
-0.0771318
-0.0789665
0.234582
0.234582
-0.0796662
0.234582
-0.0801188
0.234582
-0.0809876
0.234582
-0.0813283
0.234582
-0.0815071
0.234582
-0.0817936
0.234582
-0.0818842
-0.0818627
0.234582
0.234582
-0.0814948
0.234582
-0.0806712
-0.0791851
0.234582
0.234582
-0.0742311
-0.0714559
0.234582
-0.0688372
0.234582
-0.0629356
0.234582
0.234582
-0.0602728
0.234582
-0.0581883
-0.0544815
0.234582
-0.0531862
0.234582
0.234582
-0.0525923
-0.0525514
0.234582
0.234582
-0.0533462
-0.0544722
0.234582
-0.057976
0.234582
-0.0603492
0.234582
0.234582
-0.0622927
-0.065232
0.234582
-0.0664268
0.234582
-0.0673456
0.234582
0.234582
-0.0692014
0.234582
-0.0699392
-0.0704621
0.234582
-0.0713621
0.234582
0.234582
-0.0716986
0.234582
-0.0718953
-0.0721781
0.234582
0.234582
-0.0722643
0.234582
-0.072275
0.234582
-0.0722357
0.234582
-0.0720064
-0.0714039
0.234582
0.234582
-0.0685472
-0.0667524
0.234582
0.234582
-0.0648648
-0.0604209
0.234582
0.234582
-0.05825
-0.0563417
0.234582
0.234582
-0.0526534
0.234582
-0.0511503
-0.0500428
0.234582
-0.0485318
0.234582
-0.0483616
0.234582
-0.0483993
0.234582
-0.0494304
0.234582
0.234582
-0.0504668
0.234582
-0.0516563
0.234582
-0.0534218
0.234582
-0.0541742
-0.0547816
0.234582
-0.0558768
0.234582
-0.0563083
0.234582
-0.0566581
0.234582
0.234575
0.245678
0.245678
0.234578
0.212761
0.234581
0.234581
0.20177
0.191409
0.234582
0.168834
0.234582
0.234582
0.15716
0.145915
0.234582
0.234582
0.121892
0.234582
0.109756
0.0980848
0.234582
0.0720399
0.234582
0.234582
0.0586747
0.0462955
0.234582
0.0183496
0.234582
0.00387356
0.234582
-0.00774722
0.234582
-0.0312302
0.234582
-0.0423754
0.234582
0.234582
-0.0498538
-0.0465677
0.234582
0.234582
-0.0538666
-0.0629564
0.234582
-0.0759809
0.234582
-0.0822487
0.234582
0.234582
-0.0832371
-0.0850957
0.234582
0.234582
-0.0863164
-0.0869716
0.234582
0.234582
-0.0878507
-0.0876154
0.234582
-0.0859011
0.234582
0.234582
-0.0786743
-0.0749375
0.234582
-0.0719339
0.234582
0.234582
-0.0644907
0.234582
-0.0612368
-0.0589901
0.234582
-0.0547159
0.234582
-0.0533886
0.234582
-0.0529934
0.234582
-0.0538117
0.234582
0.234582
-0.0554102
0.234582
-0.0572585
-0.0632019
0.234582
-0.0672486
0.234582
0.234582
-0.0710051
0.234582
-0.0787704
0.234582
-0.0814351
-0.0822483
0.234582
0.234582
-0.084425
-0.0854597
0.234582
0.234582
-0.0859563
0.234582
-0.0865805
0.234582
-0.0874481
0.234582
-0.090675
0.234582
-0.0894469
0.234582
-0.0883698
0.234582
-0.0883858
-0.088998
0.234582
-0.0888379
0.234582
0.234582
-0.0882939
0.234582
-0.0825232
0.234582
-0.0789446
0.234582
-0.0758349
0.234582
-0.0678143
0.234582
-0.0644012
0.234582
-0.0620457
0.234582
-0.0729845
-0.06887
0.234582
0.234582
-0.0627249
-0.0584346
0.234582
-0.0580814
0.234582
0.234582
-0.0589275
-0.0617408
0.234582
-0.0642851
0.234582
0.234582
-0.0678056
0.234582
-0.0761777
0.234582
-0.0784307
0.234582
-0.0790403
0.234582
-0.0814634
-0.0823301
0.234582
0.234582
-0.0832369
0.234582
-0.0846055
-0.0851148
0.234582
-0.0853211
0.234582
0.234582
-0.0856219
-0.0857099
0.234582
0.234582
-0.0857127
0.234582
-0.0857737
0.234582
-0.0856959
-0.0856916
0.234582
-0.0837594
0.234582
-0.0815274
0.234582
-0.0787834
0.234582
-0.0716475
0.234582
0.234582
-0.0681744
-0.0653898
0.234582
-0.05938
0.234582
-0.0569465
0.234582
-0.055311
0.234582
-0.052933
0.234582
0.234582
-0.0523963
0.234582
-0.0527377
-0.0551852
0.234582
-0.0570547
0.234582
-0.0594872
0.234582
0.234582
-0.0665947
-0.0693558
0.234582
-0.0711644
0.234582
-0.0747568
0.234582
-0.0763289
0.234582
0.234582
-0.0773581
-0.079132
0.234582
0.234582
-0.0798085
-0.0802489
0.234582
-0.0810778
0.234582
0.234582
-0.0814023
0.234582
-0.0815746
-0.0818405
0.234582
-0.0819196
0.234582
0.234582
-0.0818917
0.234582
-0.0814257
0.234582
-0.0804548
-0.0788231
0.234582
0.234582
-0.073724
-0.070916
0.234582
-0.0683367
0.234582
-0.062452
0.234582
-0.0598322
0.234582
0.234582
-0.057808
-0.0542429
0.234582
-0.0530148
0.234582
-0.052486
0.234582
-0.0526037
0.234582
0.234582
-0.0534831
0.234582
-0.0546924
-0.0583458
0.234582
-0.0608
0.234582
-0.0624678
0.234582
0.234582
-0.0653643
0.234582
-0.0665649
-0.0674895
0.234582
0.234582
-0.0693133
-0.0700395
0.234582
0.234582
-0.0705511
0.234582
-0.0714302
0.234582
-0.0717604
0.234582
-0.071952
0.234582
-0.0722217
0.234582
-0.0723042
0.234582
-0.0723105
0.234582
-0.0722634
-0.0719966
0.234582
-0.0712925
0.234582
-0.0683166
0.234582
-0.0664766
0.234582
-0.0645849
0.234582
0.234582
-0.0601071
0.234582
-0.0579374
-0.0560544
0.234582
0.234582
-0.0524298
0.234582
-0.050967
0.234582
-0.0499021
-0.0485477
0.234582
0.234582
-0.0482893
-0.0484589
0.234582
-0.0497339
0.234582
0.234582
-0.0507334
0.234582
-0.0519855
-0.0536645
0.234582
-0.0543866
0.234582
-0.0549819
0.234582
-0.056043
0.234582
0.234582
-0.0564608
-0.0567986
0.234582
-0.0573881
0.234582
0.234582
-0.0575856
-0.0576967
0.234582
0.234582
-0.0578059
-0.0577957
0.234582
0.234582
-0.0577376
-0.0575215
0.234582
0.234582
-0.0573424
-0.0571092
0.234582
-0.0556341
0.234582
0.234582
-0.0545878
0.234582
-0.0534282
0.234582
-0.0505757
-0.0491026
0.234582
-0.0477049
0.234582
-0.044875
0.234582
-0.0436079
0.234582
-0.0425371
0.234582
-0.040747
0.234582
-0.040091
0.234582
0.234582
-0.0396998
-0.0392823
0.234582
-0.0393268
0.234582
-0.0395604
0.234582
-0.0400855
0.234582
-0.0402057
0.234582
-0.04027
0.234582
-0.0404115
0.234582
-0.0403663
0.234582
0.234582
-0.0401531
-0.0399936
0.234582
0.234582
-0.0396801
0.234582
-0.0394832
0.234582
-0.0391566
-0.0388282
0.234582
-0.0383805
0.234582
-0.0376969
0.234582
-0.0374151
0.234582
-0.036981
0.234582
-0.035867
0.234582
-0.0352752
0.234582
0.234582
-0.034535
0.234582
-0.0327418
0.234582
-0.0317581
0.234582
-0.0309048
-0.0291193
0.234582
0.234582
-0.0282543
-0.0274959
0.234582
-0.0258957
0.234582
-0.025198
0.234582
-0.0245847
0.234582
0.234582
-0.0234319
-0.0228596
0.234582
0.234582
-0.0223233
-0.0213798
0.234582
0.234582
-0.0208335
0.234582
-0.0202817
-0.0191696
0.234582
0.234582
-0.0185682
-0.0179368
0.234582
-0.0166249
0.234582
0.234582
-0.01594
-0.0152741
0.234582
-0.0138964
0.234582
0.234582
-0.0132124
0.234582
-0.012554
-0.0111444
0.234582
-0.0104568
0.234582
0.234582
-0.00978965
-0.0084005
0.234582
-0.00776113
0.234582
0.234582
-0.00716981
-0.00607784
0.234582
-0.00558673
0.234582
-0.00514504
0.234582
-0.00431797
0.234582
0.234575
0.245678
0.234578
0.245678
0.234581
0.212748
0.201737
0.234581
0.234582
0.191329
0.234582
0.168775
0.234582
0.157095
0.234582
0.145801
0.234582
0.121822
0.109714
0.234582
0.234582
0.0981054
0.234582
0.0722007
0.234582
0.058906
0.0466829
0.234582
0.0189012
0.234582
0.00463923
0.234582
0.234582
-0.00731134
0.234582
-0.0309255
0.234582
-0.042092
0.234582
-0.0496241
0.234582
-0.046301
0.234582
-0.0536644
0.234582
-0.0628068
0.234582
-0.0757204
0.234582
-0.0821869
-0.0830957
0.234582
0.234582
-0.0850425
0.234582
-0.0863063
0.234582
-0.0869561
0.234582
-0.0878223
0.234582
-0.0877047
-0.0863169
0.234582
0.234582
-0.0795123
-0.075793
0.234582
-0.0727976
0.234582
-0.0652629
0.234582
0.234582
-0.0619156
-0.0595659
0.234582
0.234582
-0.0550778
0.234582
-0.0536197
-0.0531024
0.234582
-0.0536524
0.234582
-0.0551089
0.234582
-0.0567725
0.234582
-0.0624327
0.234582
0.234582
-0.0664488
-0.070299
0.234582
-0.0779884
0.234582
-0.0808422
0.234582
0.234582
-0.081894
0.234582
-0.084192
-0.0852688
0.234582
-0.0858021
0.234582
-0.0864965
0.234582
0.234582
-0.086733
-0.0903918
0.234582
0.234582
-0.0900017
-0.0886994
0.234582
-0.0883043
0.234582
0.234582
-0.0889157
-0.0889306
0.234582
0.234582
-0.0886743
0.234582
-0.0833426
-0.0798262
0.234582
0.234582
-0.0767184
0.234582
-0.0687316
-0.0651109
0.234582
-0.0627027
0.234582
-0.0736425
0.234582
0.234582
-0.0693791
0.234582
-0.063073
0.234582
-0.0583831
-0.0578582
0.234582
0.234582
-0.0583686
-0.0611898
0.234582
-0.0635124
0.234582
0.234582
-0.0665428
0.234582
-0.0749584
-0.0775744
0.234582
0.234582
-0.0784371
0.234582
-0.0810842
0.234582
-0.0820343
-0.0828251
0.234582
0.234582
-0.0844437
-0.0850151
0.234582
0.234582
-0.0852166
0.234582
-0.0855588
0.234582
-0.0856736
0.234582
-0.0856774
0.234582
-0.0857588
0.234582
-0.0856901
0.234582
-0.0856725
0.234582
-0.0841967
0.234582
-0.0821361
-0.0794631
0.234582
0.234582
-0.0724004
0.234582
-0.0689314
0.234582
-0.0660912
0.234582
-0.059869
0.234582
-0.057355
-0.0556573
0.234582
0.234582
-0.0531254
-0.0524944
0.234582
-0.0527546
0.234582
-0.0550081
0.234582
-0.0567777
0.234582
-0.0591325
0.234582
-0.0661283
0.234582
0.234582
-0.0689225
-0.0707582
0.234582
-0.0744786
0.234582
-0.0760994
0.234582
-0.0771574
0.234582
0.234582
-0.0789865
-0.0796847
0.234582
0.234582
-0.0801223
0.234582
-0.0809873
0.234582
-0.081329
-0.0815082
0.234582
0.234582
-0.081793
0.234582
-0.0818828
0.234582
-0.0818597
-0.0814602
0.234582
-0.08059
0.234582
0.234582
-0.0790691
-0.074074
0.234582
-0.0712882
0.234582
0.234582
-0.0686592
0.234582
-0.0627823
-0.0601318
0.234582
0.234582
-0.058072
0.234582
-0.0544052
-0.0531226
0.234582
-0.0525368
0.234582
-0.0525161
0.234582
-0.0533248
0.234582
-0.0544534
0.234582
-0.0579542
0.234582
-0.0603108
0.234582
-0.0622716
0.234582
0.234582
-0.0652434
0.234582
-0.0664423
-0.0673627
0.234582
-0.0692157
0.234582
0.234582
-0.0699528
-0.0704715
0.234582
-0.0713703
0.234582
0.234582
-0.0717081
-0.0719067
0.234582
-0.072188
0.234582
-0.0722748
0.234582
0.234582
-0.0722832
0.234582
-0.072243
0.234582
-0.0720213
-0.0714423
0.234582
-0.0686453
0.234582
-0.0668651
0.234582
0.234582
-0.0649886
-0.0605562
0.234582
0.234582
-0.0583813
0.234582
-0.0564759
0.234582
-0.052758
0.234582
-0.0512364
0.234582
-0.0501097
-0.0485632
0.234582
0.234582
-0.0482432
-0.0483564
0.234582
0.234582
-0.0494825
0.234582
-0.0504137
0.234582
-0.0516161
0.234582
-0.0534075
-0.0541652
0.234582
0.234582
-0.0547742
-0.0558701
0.234582
-0.0563018
0.234582
0.234582
-0.0566525
0.234582
-0.0572635
0.234582
-0.0574719
-0.0575913
0.234582
0.234582
-0.0577173
0.234582
-0.0577155
-0.0576648
0.234582
0.234582
-0.0574614
-0.0573076
0.234582
0.234582
-0.0571386
0.234582
-0.0557796
-0.0547891
0.234582
-0.0536644
0.234582
-0.050864
0.234582
-0.049398
0.234582
-0.0479967
0.234582
0.234582
-0.0451353
0.234582
-0.0438444
0.234582
-0.0427427
-0.0408734
0.234582
0.234582
-0.0401892
0.234582
-0.039786
0.234582
-0.0393359
0.234582
-0.0393424
-0.0395447
0.234582
0.234582
-0.0400521
0.234582
-0.0401734
-0.0402394
0.234582
0.234582
-0.0403823
0.234582
-0.0403371
0.234582
-0.040125
0.234582
-0.039966
0.234582
-0.0396531
0.234582
-0.0394494
0.234582
-0.0391238
0.234582
-0.0387959
0.234582
-0.0383491
-0.037667
0.234582
0.234582
-0.0373859
0.234582
-0.0369523
-0.035884
0.234582
0.234582
-0.0353135
-0.0345857
0.234582
0.234582
-0.032814
-0.0318367
0.234582
-0.0310105
0.234582
0.234582
-0.0291881
-0.0283266
0.234582
0.234575
0.245678
0.245678
0.234578
0.234581
0.212784
0.201793
0.234581
0.234582
0.19142
0.168856
0.234582
0.157173
0.234582
0.234582
0.145892
0.121842
0.234582
0.109683
0.234582
0.234582
0.0979773
0.234582
0.0718471
0.234582
0.0584441
0.046013
0.234582
0.234582
0.0179532
0.234582
0.00350017
0.234582
-0.0077539
-0.0311835
0.234582
0.234582
-0.0423438
-0.0499501
0.234582
-0.0465717
0.234582
0.234582
-0.0538408
0.234582
-0.0629324
0.234582
-0.0758662
-0.0821908
0.234582
0.234582
-0.0832377
0.234582
-0.0850556
0.234582
-0.0862719
0.234582
-0.0869401
-0.0665299
0.234582
0.234582
-0.0692953
0.234582
-0.075741
0.234582
-0.0746226
-0.0718431
0.234582
-0.0690943
0.234582
-0.0805072
0.234582
-0.0750531
0.234582
-0.066833
0.234582
0.234582
-0.0592635
-0.0574282
0.234582
0.234582
-0.056716
-0.0564885
0.234582
0.234582
-0.0572291
-0.0590279
0.234582
-0.0647112
0.234582
0.234582
-0.0682674
-0.0719523
0.234582
0.234582
-0.0794045
0.234582
-0.0818441
-0.0826402
0.234582
-0.0846346
0.234582
0.234582
-0.0855955
-0.0860637
0.234582
0.234582
-0.0866467
-0.0868412
0.234582
-0.0896314
0.234582
-0.0900242
0.234582
0.234582
-0.0890072
-0.0884037
0.234582
-0.088836
0.234582
0.234575
0.245678
0.234578
0.245678
0.212729
0.234581
0.234581
0.201728
0.234582
0.191357
0.234582
0.168765
0.234582
0.157098
0.234582
0.145901
0.234582
0.121903
0.109786
0.234582
0.0980629
0.234582
0.0721359
0.234582
0.0588347
0.234582
0.234582
0.0465796
0.0187524
0.234582
0.00449599
0.234582
-0.00719545
0.234582
-0.0307776
0.234582
-0.0419227
0.234582
-0.0495122
0.234582
-0.0463027
0.234582
-0.0536435
0.234582
-0.0627615
0.234582
0.234582
-0.0756121
-0.0820945
0.234582
0.234582
-0.0833535
0.234582
-0.0850364
0.234582
-0.086219
-0.0869162
0.234582
0.234582
-0.0664827
0.234582
-0.069367
0.234582
-0.0761727
-0.0756072
0.234582
0.234582
-0.0729509
0.234582
-0.0702293
0.234582
-0.0818728
-0.076255
0.234582
-0.0676924
0.234582
0.234582
-0.0597089
0.234582
-0.057722
0.234582
-0.0568068
0.234582
-0.0559912
0.234582
-0.0565546
0.234582
-0.0582118
-0.0633472
0.234582
-0.066779
0.234582
-0.0703931
0.234582
-0.0785222
0.234582
-0.0813091
0.234582
0.234582
-0.0821899
0.234582
-0.0843028
0.234582
-0.0853499
0.234582
-0.0858898
0.234582
-0.0865516
0.234582
-0.0867707
0.234582
-0.0893325
-0.0900462
0.234582
0.234582
-0.089103
-0.0884098
0.234582
0.234582
-0.0887809
-0.0888628
0.234582
-0.0886957
0.234582
-0.0839318
0.234582
0.234582
-0.0805928
-0.077406
0.234582
0.234582
-0.0694755
0.234582
-0.0658064
0.234582
-0.0633023
0.234582
-0.0741016
0.234582
-0.0697672
-0.0634208
0.234582
-0.0584448
0.234582
-0.0577813
0.234582
-0.0582093
0.234582
0.234582
-0.06078
0.234582
-0.0627433
-0.0656838
0.234582
0.234582
-0.0746141
-0.0772197
0.234582
0.234582
-0.0780052
-0.0807347
0.234582
0.234582
-0.0817629
0.234582
-0.0823893
-0.0841778
0.234582
0.234582
-0.084838
-0.0850827
0.234582
-0.0854809
0.234582
-0.0856204
0.234582
-0.0856222
0.234582
0.234582
-0.0857184
-0.085665
0.234582
-0.0856441
0.234582
-0.0846259
0.234582
-0.0827337
0.234582
-0.080178
0.234582
0.234582
-0.0731945
-0.0697335
0.234582
0.234582
-0.066834
0.234582
-0.0605385
-0.0579356
0.234582
-0.0561499
0.234582
-0.0532182
0.234582
-0.0524328
0.234582
-0.052555
0.234582
-0.0539732
0.234582
0.234582
-0.0558554
0.234582
-0.0583068
-0.0645531
0.234582
0.234582
-0.0676287
-0.0697296
0.234582
-0.0736813
0.234582
-0.0754091
0.234582
-0.0765513
0.234582
-0.0785522
0.234582
-0.0793075
0.234582
-0.0797718
0.234582
0.234582
-0.0807426
-0.0811139
0.234582
0.234582
-0.0813155
0.234582
-0.0816488
0.234582
-0.0817666
-0.0817623
0.234582
-0.0815731
0.234582
-0.0810139
0.234582
-0.0797735
0.234582
0.234582
-0.0751259
-0.0724271
0.234582
-0.0698357
0.234582
0.234582
-0.0638853
-0.0611554
0.234582
-0.0589917
0.234582
0.234582
-0.0549882
-0.0535353
0.234582
-0.0527682
0.234582
0.234582
-0.0523001
-0.0526712
0.234582
-0.0536414
0.234582
-0.0572891
0.234582
0.234582
-0.059327
0.234582
-0.0611049
0.234582
-0.0643851
-0.0657023
0.234582
0.234582
-0.0666828
-0.0686696
0.234582
-0.0694579
0.234582
-0.0700315
0.234582
0.234582
-0.0710199
0.234582
-0.0713965
0.234582
-0.0716308
0.234582
-0.0719748
0.234582
-0.0720778
-0.0721068
0.234582
-0.0721032
0.234582
-0.0719869
0.234582
-0.0716799
0.234582
0.234582
-0.0693231
-0.0676911
0.234582
-0.0659354
0.234582
-0.0615649
0.234582
-0.0593884
0.234582
-0.0574409
0.234582
-0.0535353
0.234582
-0.0518889
0.234582
-0.0506242
0.234582
0.234582
-0.0487665
0.234582
-0.0482785
-0.0482531
0.234582
-0.0489681
0.234582
0.234582
-0.049773
-0.0509004
0.234582
0.234582
-0.0528992
0.234582
-0.0537012
-0.0543353
0.234582
-0.0554975
0.234582
-0.0559564
0.234582
0.234582
-0.0563258
0.234582
-0.0569894
0.234582
-0.057223
0.234582
-0.057365
0.234582
-0.0575286
0.234582
-0.0575429
0.234582
-0.0575082
0.234582
-0.0573331
0.234582
-0.0571937
0.234582
-0.0570342
-0.0560326
0.234582
-0.0551799
0.234582
0.234582
-0.0541584
0.234582
-0.0514948
0.234582
-0.0500678
-0.0486782
0.234582
0.234582
-0.0457624
0.234582
-0.0444201
0.234582
-0.0432518
0.234582
-0.0412161
0.234582
-0.0404021
-0.0398491
0.234582
-0.0392124
0.234582
-0.0390837
0.234582
0.234582
-0.0391511
0.234582
-0.0397233
-0.0398619
0.234582
0.234582
-0.0399382
0.234582
-0.0401149
-0.0400869
0.234582
-0.0398881
0.234582
-0.0397645
0.234582
-0.0395938
0.234582
-0.0392708
0.234582
-0.0389635
0.234582
-0.0386512
0.234582
0.234582
-0.0382128
0.234582
-0.037553
0.234582
-0.0372839
-0.0368601
0.234582
-0.035881
0.234582
0.234582
-0.0353654
-0.0346834
0.234582
0.234582
-0.0329801
0.234582
-0.0320287
-0.0312175
0.234582
-0.0293991
0.234582
-0.028529
0.234582
0.234582
-0.0277397
-0.0260989
0.234582
0.234582
-0.0253574
-0.0247051
0.234582
-0.0234629
0.234582
-0.0228729
0.234582
-0.0223174
0.234582
0.234582
-0.0212949
0.234582
-0.0207992
0.234582
-0.0202441
0.234582
-0.0191514
0.234582
-0.0185444
-0.0179246
0.234582
0.234582
-0.0166285
0.234582
-0.015939
-0.0152844
0.234582
0.234582
-0.0139226
-0.0132212
0.234582
-0.0125674
0.234582
-0.011166
0.234582
0.234582
-0.0104712
0.234582
-0.00980901
-0.00841102
0.234582
0.234582
-0.00774574
-0.0071259
0.234582
0.234582
-0.00598577
-0.00547511
0.234582
0.234582
-0.00501781
0.234582
-0.0041751
0.234582
-0.00378861
-0.00343328
0.234582
0.234582
-0.00272685
0.234582
-0.0023794
0.234582
-0.00204087
0.234582
-0.0013041
-0.00092019
0.234582
-0.000529354
0.234582
0.234582
0.000317705
0.000734801
0.234582
0.234582
0.00114297
0.00183277
0.234582
0.234582
0.00213775
0.00239049
0.234582
0.00282294
0.234582
0.00303125
0.234582
0.0031356
0.234582
0.00332318
0.234582
0.234582
0.00336254
0.00334378
0.234582
0.234582
0.00318716
0.00305871
0.234582
0.234582
0.00294145
0.234582
0.00254083
0.234582
0.0023101
0.0020593
0.234582
0.234582
0.00154811
0.00127272
0.234582
0.0010135
0.234582
0.234582
0.000556468
0.000344408
0.234582
0.000154848
0.234582
0.234575
0.245678
0.245678
0.234578
0.234581
0.213148
0.234581
0.202289
0.234582
0.192061
0.234582
0.169539
0.234582
0.157902
0.234582
0.146672
0.122288
0.234582
0.234582
0.109925
0.0978072
0.234582
0.0707145
0.234582
0.0571922
0.234582
0.234582
0.0443811
0.234582
0.0151232
0.234582
0.00107003
-0.00987009
0.234582
0.234582
-0.0331922
0.234582
-0.0440198
-0.0513753
0.234582
0.234582
-0.0474427
0.234582
-0.0544586
-0.0633986
0.234582
0.234582
-0.0760882
0.234582
-0.0821229
0.234582
-0.0830709
0.234582
-0.0851875
0.234582
-0.0864034
-0.0869687
0.234582
0.234582
-0.0870652
0.234582
-0.0857573
-0.0831305
0.234582
0.234582
-0.0753058
0.234582
-0.0716189
0.234582
-0.0687297
0.234582
-0.0617106
0.234582
-0.0587376
0.234582
-0.0568363
0.234582
-0.053625
0.234582
-0.0528121
-0.0529859
0.234582
0.234582
-0.0549867
-0.0570644
0.234582
-0.059472
0.234582
0.234582
-0.0663442
0.234582
-0.0706204
0.234582
-0.0737529
-0.0811189
0.234582
-0.0831565
0.234582
0.234582
-0.0835787
-0.085246
0.234582
-0.0860766
0.234582
0.234582
-0.086459
0.234582
-0.0868753
0.234582
-0.0888461
0.234582
-0.0909522
-0.0885924
0.234582
0.234582
-0.0880009
0.234582
-0.0885931
-0.0890726
0.234582
0.234582
-0.0883346
0.234582
-0.0864977
0.234582
-0.079366
0.234582
-0.0756156
-0.0725822
0.234582
-0.0652638
0.234582
-0.062253
0.234582
-0.0600132
0.234582
-0.0711141
0.234582
0.234582
-0.0675481
0.234582
-0.0620353
-0.0587894
0.234582
0.234582
-0.059279
-0.0603378
0.234582
-0.064199
0.234582
0.234582
-0.0677301
0.234582
-0.0722902
0.234582
-0.0779113
0.234582
-0.0795152
0.234582
-0.0802804
0.234582
-0.0823323
-0.0833205
0.234582
0.234582
-0.0840701
0.234582
-0.084851
-0.0852359
0.234582
-0.0855
0.234582
0.234582
-0.0857429
0.234582
-0.0857724
0.234582
-0.0857706
0.234582
-0.0857963
-0.0856933
0.234582
0.234582
-0.085721
0.234582
-0.0818142
-0.0789355
0.234582
0.234582
-0.0760724
-0.0688107
0.234582
0.234582
-0.0654043
0.234582
-0.0628086
0.234582
-0.0574682
0.234582
-0.055371
0.234582
-0.0540796
-0.0525665
0.234582
0.234582
-0.0526039
0.234582
-0.0533296
0.234582
-0.0567847
-0.0592966
0.234582
-0.062107
0.234582
-0.068558
0.234582
-0.0710324
0.234582
0.234582
-0.072598
0.234582
-0.0758674
0.234582
-0.0772708
0.234582
-0.0781664
0.234582
-0.0796961
0.234582
-0.0802834
0.234582
-0.0806839
-0.0813808
0.234582
0.234582
-0.0816505
0.234582
-0.0817918
0.234582
-0.0819883
0.234582
-0.0820294
0.234582
-0.0819776
-0.0807924
0.234582
-0.0792726
0.234582
-0.077203
0.234582
-0.0716213
0.234582
-0.0687066
0.234582
0.234582
-0.0660967
0.234582
-0.0605202
0.234582
-0.0581176
0.234582
-0.0563216
0.234582
-0.0534554
-0.0525297
0.234582
-0.0523554
0.234582
0.234582
-0.0534324
0.234582
-0.0543884
-0.0558471
0.234582
0.234582
-0.0604057
0.234582
-0.0622872
-0.063719
0.234582
-0.0664324
0.234582
-0.0675363
0.234582
0.234582
-0.0683824
0.234582
-0.0700174
-0.0706716
0.234582
0.234582
-0.0711103
0.234582
-0.0718722
-0.0721496
0.234582
-0.0722991
0.234582
-0.0724904
0.234582
0.234582
-0.0725359
0.234582
-0.0725155
-0.0722354
0.234582
-0.0716609
0.234582
0.234582
-0.0706503
0.234582
-0.067198
-0.0651929
0.234582
0.234582
-0.0631875
0.234575
0.245678
0.245678
0.234578
0.212712
0.234581
0.234581
0.201711
0.191356
0.234582
0.168752
0.234582
0.234582
0.157072
0.234582
0.145815
0.121807
0.234582
0.234582
0.109675
0.234582
0.0980228
0.0720526
0.234582
0.058725
0.234582
0.0463844
0.234582
0.0185404
0.234582
0.234582
0.00418448
0.234582
-0.00732205
0.234582
-0.0309963
0.234582
-0.0421864
0.234582
-0.0497769
0.234582
-0.0464547
-0.0537581
0.234582
-0.0628721
0.234582
0.234582
-0.0758865
-0.0822312
0.234582
-0.0832446
0.234582
-0.0849638
0.234582
-0.0862148
0.234582
-0.0869394
0.234582
0.234582
-0.0664866
0.234582
-0.069338
-0.0760694
0.234582
-0.0753384
0.234582
-0.0726316
0.234582
0.234582
-0.069876
-0.0814352
0.234582
-0.0758488
0.234582
-0.0673718
0.234582
0.234582
-0.0595071
0.234582
-0.0575766
-0.0567433
0.234582
-0.0561714
0.234582
0.234582
-0.0572126
-0.0588255
0.234582
-0.0641248
0.234582
0.234582
-0.0679777
-0.0713982
0.234582
-0.0789616
0.234582
0.234582
-0.0816058
-0.0825245
0.234582
-0.0845442
0.234582
-0.085518
0.234582
0.234582
-0.0860132
0.234582
-0.0866181
-0.0868206
0.234582
0.234582
-0.0896871
-0.0900247
0.234582
0.234582
-0.0889878
-0.0883972
0.234582
0.234582
-0.0888424
-0.0888905
0.234582
0.234582
-0.088685
0.234582
-0.0832068
-0.0796576
0.234582
-0.0764599
0.234582
-0.0685196
0.234582
0.234582
-0.0649893
0.234582
-0.0625853
-0.073412
0.234582
0.234582
-0.0692002
0.234582
-0.0629932
-0.0584468
0.234582
-0.0579827
0.234582
-0.0587335
0.234582
-0.0612787
0.234582
-0.0636463
0.234582
0.234582
-0.0669878
-0.0754704
0.234582
0.234582
-0.0778896
0.234582
-0.0786127
0.234582
-0.0811767
-0.0821074
0.234582
0.234582
-0.0827948
-0.0844118
0.234582
0.234582
-0.0850168
-0.0852317
0.234582
-0.0855599
0.234582
-0.0856651
0.234582
0.234582
-0.085673
-0.0857468
0.234582
0.234582
-0.0856719
0.234582
-0.0856677
0.234582
-0.083872
0.234582
-0.0816912
0.234582
-0.0790096
-0.0719159
0.234582
0.234582
-0.0684607
-0.0656539
0.234582
-0.059603
0.234582
0.234582
-0.0571367
0.234582
-0.0554539
-0.0529803
0.234582
-0.0523885
0.234582
0.234582
-0.0526757
-0.0549642
0.234582
0.234582
-0.0568066
-0.0592178
0.234582
0.234582
-0.0661913
-0.0692418
0.234582
0.234582
-0.0710142
-0.0745315
0.234582
0.234582
-0.0761197
0.234582
-0.0771663
-0.0789833
0.234582
-0.0796721
0.234582
0.234582
-0.0801191
-0.0809775
0.234582
0.234582
-0.0813119
-0.0814823
0.234582
0.234582
-0.0817682
-0.081856
0.234582
0.234582
-0.0818334
-0.0814342
0.234582
-0.0805543
0.234582
-0.0789996
0.234582
-0.0739883
0.234582
0.234582
-0.071203
0.234582
-0.0686098
-0.0627093
0.234582
0.234582
-0.0600622
0.234582
-0.0579833
-0.0543631
0.234582
0.234582
-0.0531123
-0.052567
0.234582
0.234582
-0.0525814
-0.0533955
0.234582
0.234582
-0.0545435
0.234582
-0.0580808
0.234582
-0.0604603
0.234582
-0.0623888
0.234582
-0.0652789
0.234582
-0.0664616
-0.0673803
0.234582
0.234582
-0.0692186
-0.069951
0.234582
0.234582
-0.0704731
0.234582
-0.0713615
0.234582
-0.0716947
0.234582
-0.0718871
-0.0721656
0.234582
-0.0722503
0.234582
0.234582
-0.0722589
0.234582
-0.0722163
0.234582
-0.0719718
0.234582
-0.0713302
0.234582
-0.0684248
0.234582
-0.0666173
0.234582
-0.0647441
0.234582
-0.0602905
-0.058124
0.234582
0.234582
-0.0562189
0.234582
-0.0525578
-0.0510718
0.234582
0.234582
-0.0499869
-0.0485069
0.234582
-0.0483573
0.234582
0.234582
-0.0484225
0.234582
-0.0495115
0.234582
-0.0505843
0.234582
-0.0516935
0.234582
-0.0534512
0.234582
-0.0542088
0.234582
-0.054817
0.234582
-0.0559004
0.234582
-0.0563274
-0.056673
0.234582
0.234582
-0.0572765
0.234582
-0.0574808
0.234582
-0.0575981
-0.0577181
0.234582
0.234582
-0.057713
0.234582
-0.0576597
0.234582
-0.0574518
-0.057296
0.234582
-0.0571242
0.234582
-0.0557262
0.234582
-0.0547135
0.234582
-0.0535838
0.234582
-0.0507614
0.234582
0.234582
-0.0492958
0.234582
-0.0479069
-0.045052
0.234582
0.234582
-0.0437672
-0.042671
0.234582
-0.0408252
0.234582
-0.0401417
0.234582
0.234582
-0.0397202
-0.0392355
0.234582
-0.0392525
0.234582
-0.0394675
0.234582
-0.0399522
0.234582
-0.0400892
0.234582
0.234582
-0.0401656
-0.0403197
0.234582
-0.0402779
0.234582
0.234582
-0.0400681
0.234582
-0.0399143
0.234582
-0.0396033
0.234582
-0.0394016
0.234582
-0.0390797
0.234582
-0.0387539
-0.0383088
0.234582
-0.03763
0.234582
0.234582
-0.0373505
-0.0369182
0.234582
-0.0358568
0.234582
-0.0352861
0.234582
0.234582
-0.0345612
0.234582
-0.0327903
0.234582
-0.0318163
-0.030992
0.234582
0.234582
-0.0291724
0.234582
-0.028312
-0.0275365
0.234582
0.234582
-0.0259363
-0.0252139
0.234582
0.234582
-0.0245849
-0.0234083
0.234582
-0.0228251
0.234582
-0.0222803
0.234582
-0.0213233
0.234582
-0.0207835
0.234582
0.234582
-0.02024
-0.0191238
0.234582
0.234582
-0.0185138
-0.0178873
0.234582
0.234582
-0.0165779
0.234582
-0.0158938
0.234582
-0.0152323
-0.013869
0.234582
0.234582
-0.013165
-0.0125057
0.234582
0.234582
-0.0111033
-0.0104058
0.234582
-0.00975168
0.234582
-0.00835759
0.234582
-0.00771347
0.234582
0.234582
-0.00711803
-0.00601943
0.234582
-0.00552609
0.234582
-0.00508306
0.234582
0.234582
-0.00425592
-0.00387217
0.234582
-0.00351534
0.234582
0.234582
-0.00279377
-0.00243516
0.234582
0.234582
-0.00207953
0.234582
-0.00130766
0.234582
-0.000890158
0.234582
-0.000477259
0.234582
0.000393258
0.00084094
0.234582
0.234582
0.00122665
0.00189949
0.234582
0.00220957
0.234582
0.00246347
0.234582
0.00289248
0.234582
0.00306326
0.234582
0.00321592
0.234582
0.00340169
0.234582
0.234582
0.00338937
0.234582
0.00336231
0.234582
0.00318648
0.00307614
0.234582
0.234582
0.00292743
0.00253075
0.234582
0.234582
0.00228978
0.234582
0.0020407
0.234582
0.00155387
0.234582
0.00129419
0.00104813
0.234582
0.000596058
0.234582
0.234582
0.000406895
0.234582
0.000233781
-0.000151158
0.234582
0.234582
-0.000337095
-0.000518519
0.234582
0.234582
-0.000948839
-0.00119902
0.234582
0.234582
-0.00144907
0.234582
-0.0020595
-0.00242056
0.234582
0.234582
-0.00278
-0.00351603
0.234582
0.234582
-0.00385978
-0.00417097
0.234582
0.234582
-0.00476961
0.234582
-0.00504355
-0.00529114
0.234582
0.234582
-0.00576127
0.234582
-0.00597393
-0.00617371
0.234582
-0.00648002
0.234582
-0.00659276
0.234582
-0.00666915
0.234582
0.234582
-0.00678352
0.234582
-0.00677959
0.234582
-0.00678292
0.234582
-0.00664247
0.234582
-0.00654001
-0.00642013
0.234582
-0.00612829
0.234582
-0.00594961
0.234582
-0.00575908
0.234582
-0.00537325
0.234582
0.234582
-0.00517222
0.234582
-0.00497629
0.234582
-0.00454137
0.234582
-0.00432591
0.234582
-0.00410849
-0.00356396
0.234582
0.234582
-0.00324427
0.234582
-0.00292038
-0.00212311
0.234582
-0.00172026
0.234582
-0.00131285
0.234582
0.234582
-0.000269397
0.000258262
0.234582
0.234582
0.000894175
0.0021313
0.234582
0.00287449
0.234582
0.234582
0.00355245
0.0050717
0.234582
0.0058391
0.234582
0.234582
0.00654744
0.234582
0.00844562
0.00932014
0.234582
0.0104095
0.234582
0.0123231
0.234582
0.0133335
0.234582
0.234582
0.0141201
0.0154185
0.234582
0.0161094
0.234582
0.0166171
0.234582
0.0174051
0.234582
0.0179518
0.234582
0.234582
0.0184076
0.234582
0.0196357
0.020255
0.234582
0.0211898
0.234582
0.023117
0.234582
0.234582
0.0244964
0.234582
0.0258726
0.0294682
0.234582
0.0312652
0.234582
0.0332274
0.234582
0.0374195
0.234582
0.234582
0.0398578
0.234582
0.0419826
0.234582
0.0469825
0.0498873
0.234582
0.234582
0.0523753
0.0584583
0.234582
0.0612333
0.234582
0.0646291
0.234582
0.0713493
0.234582
0.0747294
0.234582
0.0785981
0.234582
0.0861412
0.244772
0.0898351
0.248467
0.0935545
0.251891
0.0997754
0.25929
0.262958
0.102302
0.105357
0.263145
0.110307
0.261574
0.112549
0.26144
0.266172
0.114891
0.11976
0.271205
0.122078
0.270148
0.125124
0.269048
0.131713
0.270221
0.273732
0.135699
0.139698
0.275626
0.149167
0.27734
0.154198
0.276092
0.159576
0.27661
0.170893
0.278476
0.176245
0.278347
0.181711
0.277778
0.192392
0.275871
0.197782
0.275439
0.202936
0.274761
0.213573
0.273114
0.270833
0.218541
0.268191
0.223064
0.232446
0.261523
0.237149
0.257628
0.241397
0.253307
0.243127
0.24888
0.237406
0.252311
0.23139
0.255334
0.217918
0.259533
0.210594
0.260882
0.203075
0.26165
0.191386
0.261696
0.192014
0.261247
0.192655
0.260491
0.174822
0.258107
0.165566
0.256527
0.156629
0.254663
0.250251
0.156449
0.153777
0.247712
0.245083
0.14412
0.239067
0.124388
0.235638
0.114722
0.105552
0.23193
0.223341
0.086482
0.0771811
0.218591
0.0686063
0.213591
0.0511799
0.202412
0.0428346
0.196343
0.190122
0.035367
0.176656
0.0204441
0.169532
0.013565
0.00756766
0.162418
-0.00431665
0.147241
0.139439
-0.00972776
-0.0142899
0.131826
0.115865
-0.0232409
0.10785
-0.027178
0.100203
-0.0304263
0.0851612
-0.0367434
0.0781325
-0.0395133
0.0718192
-0.041824
0.0596321
-0.0462861
0.0540069
-0.0482013
0.0490157
-0.0497674
-0.0551043
0.0392109
0.0346224
-0.0534737
0.0304689
-0.0512373
0.0218123
-0.0520326
-0.0555834
0.0175593
0.0135381
-0.0575847
0.00466501
-0.0576362
0.000196184
-0.0576369
-0.00400222
-0.0576376
-0.0127496
-0.0581074
-0.0165806
-0.0596186
-0.0198247
-0.0597361
-0.0261684
-0.0605381
-0.0611827
-0.0290004
-0.0611958
-0.0314087
-0.0360979
-0.0575581
-0.0381503
-0.0603569
-0.0399067
-0.0625639
-0.0619123
-0.0432237
-0.0620583
-0.0446419
-0.0457949
-0.0624856
-0.0625812
-0.0479761
-0.0488987
-0.0625601
-0.0625176
-0.0496576
-0.0506188
-0.0625258
-0.0610625
-0.0505967
-0.0502263
-0.0604873
-0.0486457
-0.0623919
-0.0476405
-0.0632793
-0.0465755
-0.062074
-0.0611764
-0.0441969
-0.043073
-0.0596693
-0.0615775
-0.0420998
-0.0404835
-0.0619884
-0.0398771
-0.0628539
-0.0395936
-0.0613541
-0.0396414
-0.0609287
-0.0591367
-0.0398751
-0.061209
-0.0403666
-0.0420597
-0.0623052
-0.042809
-0.0619506
-0.0618911
-0.0434231
-0.0618154
-0.0446055
-0.0616704
-0.0451474
-0.04563
-0.0614914
-0.0612501
-0.0466124
-0.0611323
-0.047034
-0.0474108
-0.0610365
-0.0482018
-0.0608836
-0.0608581
-0.048524
-0.0608471
-0.0487716
-0.06078
-0.0492143
-0.0493978
-0.0607907
-0.0495334
-0.0607933
-0.0609034
-0.049759
-0.0496555
-0.0609468
-0.0493414
-0.0609441
-0.0610064
-0.0479448
-0.0610604
-0.0470364
-0.046044
-0.0611126
-0.0437101
-0.061325
-0.0614407
-0.0425527
-0.0615821
-0.0414957
-0.0618248
-0.0395209
-0.0387189
-0.0620074
-0.0621682
-0.0381685
-0.0375447
-0.0625246
-0.0375809
-0.0627233
-0.0377624
-0.0629448
-0.0633939
-0.0387082
-0.0395138
-0.0636076
-0.0638328
-0.040257
-0.0416045
-0.064396
-0.0422533
-0.0646572
-0.0429641
-0.0648462
-0.0444337
-0.0653032
-0.0655874
-0.0450996
-0.0457965
-0.0658412
-0.0472496
-0.0663427
-0.0478855
-0.066709
-0.0670302
-0.0484147
-0.0495932
-0.067677
-0.0501745
-0.0680478
-0.0506957
-0.0684108
-0.0690563
-0.0519638
-0.0692946
-0.0525044
-0.0694619
-0.0527752
-0.052228
-0.0699435
-0.0515957
-0.0702154
-0.0507371
-0.0705025
-0.048436
-0.0711514
-0.0472065
-0.0714303
-0.0460444
-0.0717205
-0.0437401
-0.0724041
-0.0727964
-0.0427982
-0.0730722
-0.0420923
-0.0412159
-0.0736035
-0.0411168
-0.0737715
-0.0738706
-0.0413431
-0.0428098
-0.0741398
-0.0439482
-0.0743577
-0.074627
-0.0454615
-0.0484483
-0.0750375
-0.0752376
-0.0497773
-0.050971
-0.0753377
-0.0534817
-0.0757166
-0.0760306
-0.0546803
-0.0762523
-0.0558158
-0.0581299
-0.0765703
-0.0766467
-0.0591769
-0.0766683
-0.0602121
-0.062202
-0.0766087
-0.0630483
-0.0766521
-0.0637351
-0.0767229
-0.0652953
-0.0768885
-0.0660177
-0.0769377
-0.0667222
-0.076948
-0.0663306
-0.0769478
-0.0654515
-0.0769883
-0.0641953
-0.0770093
-0.077236
-0.0605162
-0.0774041
-0.0585554
-0.0775215
-0.0567277
-0.0529201
-0.0776089
-0.0745593
-0.0512909
-0.0735718
-0.050048
-0.0483156
-0.0774614
-0.0479453
-0.0792179
-0.0770275
-0.0480362
-0.0743184
-0.0497108
-0.0744708
-0.0510201
-0.052678
-0.0747717
-0.0750182
-0.0569772
-0.0750837
-0.0588756
-0.0604208
-0.0751426
-0.0751938
-0.0636178
-0.0650867
-0.075195
-0.0662361
-0.075221
-0.0688271
-0.075233
-0.0699163
-0.0752103
-0.0706875
-0.0751364
-0.0721214
-0.0749906
-0.0748803
-0.0726613
-0.0731235
-0.0747444
-0.0741797
-0.0743842
-0.0746453
-0.0742097
-0.074971
-0.0740234
-0.0748664
-0.0736889
-0.0738847
-0.0735017
-0.0724275
-0.0733125
-0.0729122
-0.0680273
-0.0656214
-0.0750101
-0.0754367
-0.0633705
-0.07225
-0.0584658
-0.0562896
-0.0743094
-0.0545886
-0.0746592
-0.0682946
-0.0517473
-0.0686568
-0.0508425
-0.0505888
-0.0669307
-0.0510418
-0.0665113
-0.0643143
-0.0520473
-0.0536318
-0.0671154
-0.0574633
-0.057428
-0.0592733
-0.06146
-0.0607674
-0.0581313
-0.0611184
-0.0636645
-0.0556063
-0.0648581
-0.0658052
-0.0521037
-0.0677566
-0.0529855
-0.0685853
-0.0552232
-0.0562056
-0.0691903
-0.0703224
-0.0573251
-0.070763
-0.0581831
-0.0710722
-0.0588184
-0.0715537
-0.059614
-0.0599559
-0.0717408
-0.0602327
-0.0718435
-0.0606307
-0.0719175
-0.0607448
-0.0715137
-0.0705735
-0.0608069
-0.0608302
-0.0672015
-0.0652379
-0.0607934
-0.0607181
-0.0632746
-0.0587902
-0.0605031
-0.0603747
-0.0566702
-0.0548675
-0.0602308
-0.0515697
-0.0598664
-0.0596561
-0.0503007
-0.0494966
-0.059467
-0.0486936
-0.0590214
-0.0488884
-0.0587601
-0.0584869
-0.049359
-0.0578561
-0.0512805
-0.0527166
-0.0575195
-0.0539517
-0.057188
-0.056443
-0.0559497
-0.056051
-0.0568046
-0.057487
-0.0556762
-0.0548552
-0.0587723
-0.0544347
-0.0593233
-0.0540246
-0.0597695
-0.0531477
-0.0605524
-0.0608243
-0.0527071
-0.0610047
-0.0522743
-0.0612704
-0.0513256
-0.0613365
-0.0508373
-0.0503639
-0.0613475
-0.0493413
-0.0612746
-0.0611221
-0.0488196
-0.0607422
-0.0483144
-0.0473195
-0.0588787
-0.0576291
-0.0467541
-0.056271
-0.0460887
-0.0530193
-0.0450217
-0.0444207
-0.0513817
-0.0498684
-0.0437254
-0.046902
-0.0426578
-0.0420157
-0.0456297
-0.0413693
-0.0446103
-0.0430572
-0.0399959
-0.0394317
-0.0425936
-0.0387632
-0.0424442
-0.0373062
-0.0426676
-0.0366718
-0.0430679
-0.0436771
-0.0360627
-0.0446315
-0.0344816
-0.0337478
-0.0449755
-0.0452359
-0.0330542
-0.0456824
-0.0314859
-0.0307232
-0.0458402
-0.0459447
-0.0299406
-0.0460625
-0.0283039
-0.0275134
-0.0460772
-0.0460517
-0.0266955
-0.0250073
-0.0458934
-0.0241725
-0.0457645
-0.0456087
-0.0233355
-0.0215637
-0.0452059
-0.0206463
-0.0449677
-0.0197652
-0.044717
-0.0437453
-0.0179693
-0.0430038
-0.0170652
-0.016184
-0.0421696
-0.0400466
-0.0144151
-0.0389957
-0.013537
-0.0380389
-0.0126465
-0.0359107
-0.0109329
-0.0349109
-0.0100401
-0.0340464
-0.00920179
-0.0324098
-0.00753787
-0.0316278
-0.00671815
-0.0310813
-0.00594318
-0.00440185
-0.0302485
-0.0300255
-0.00366195
-0.0029632
-0.0297739
-0.0293482
-0.0015822
-0.00092561
-0.0291949
-0.0289127
-0.00032173
0.000831518
-0.0282451
-0.0280054
0.00135452
0.00182628
-0.0276339
-0.026711
0.00267597
-0.0262842
0.00305647
0.00337741
-0.0257981
-0.0248247
0.00395014
-0.0242475
0.00420727
-0.0236879
0.00439719
-0.0225496
0.00465665
-0.0219307
0.00469958
-0.0213125
0.00472595
0.00462006
-0.0200357
-0.0193471
0.0045291
0.0043974
-0.0186537
-0.0172791
0.00404256
0.00378262
-0.0165964
0.00354338
-0.0159493
-0.0146568
0.00288834
-0.0140403
0.00251201
0.00212343
-0.0134495
0.00129812
-0.0122807
-0.0116948
0.000863998
0.000445408
-0.0110903
-0.000455261
-0.00990735
-0.00927945
-0.000918977
-0.00864898
-0.0013693
-0.0023658
-0.00726405
-0.00287326
-0.00658938
-0.00334741
-0.0058908
-0.00453906
-0.00431724
-0.00478343
-0.00387618
-0.00523043
-0.00324063
-0.00198534
-0.00612505
-0.00656026
-0.00138713
-0.00697255
-0.000826372
0.000275773
-0.00780517
-0.00822293
0.000798795
-0.00860774
0.0012834
0.00219631
-0.00934959
-0.00969415
0.00259573
0.00296044
-0.0100048
-0.0106125
0.00358371
-0.010891
0.00381094
-0.0111434
0.00402247
-0.00847705
0.00422454
0.00428704
-0.00877571
0.00433055
-0.0061445
0.00431304
-0.0039406
-0.00137161
0.00426873
0.00423711
-0.00137122
0.00414057
-0.00130252
0.00339441
0.00406628
0.00396745
0.00102596
0.00348042
0.00381942
0.00368146
0.00340524
0.00354929
0.00492508
0.00324753
0.00655682
0.00673863
0.00303416
0.00278912
0.00792844
0.0022426
0.00772794
-0.419885
0.00193047
0.0118867
0.00157647
0.00555353
0.000738088
0.000305873
-0.000120296
-0.00101694
-0.00147769
-0.00192344
-0.00286059
-1.12631
-0.00333724
-0.0038058
-0.00482625
-1.04299
-0.00530266
-0.00572275
-1.01394
-0.00637637
-0.00662247
-0.00680978
-0.00706538
-0.956352
-0.00715117
-0.00721236
-0.00732611
-0.00739231
-0.00746781
-0.00771478
-0.0078855
-0.00810737
-0.00869289
-0.00903607
-0.00941413
-0.0101164
-0.0104345
-0.0107237
-0.0112766
-0.0115313
-0.00860332
-0.00613106
-0.00360887
-0.00413503
0.00326476
0.00258607
0.00428969
0.00794563
0.0095431
0.0134214
0.0136927
-1.29775
-1.27896
-1.27745
-1.2543
-1.28102
-1.29851
-1.28854
-1.28702
-1.26451
-1.22759
-1.28723
-1.29188
-0.874823
-0.939306
-1.00266
-0.367197
-0.023675
0.043465
-1.2045
0.212943
0.233059
0.232182
0.231559
0.255775
0.324418
0.452406
0.483056
0.48257
0.631406
0.461573
0.462158
0.636946
0.640774
0.462352
0.643071
0.462332
0.462418
0.642646
0.642191
0.462243
0.462234
0.642333
0.462296
0.642513
0.46232
0.642606
0.462323
0.642598
0.642584
0.462314
0.462298
0.642581
0.46227
0.642581
0.462257
0.64258
0.462242
0.642579
0.462208
0.642577
0.46219
0.642576
0.462177
0.642575
0.642574
0.462147
0.462131
0.642574
0.462118
0.642574
0.642574
0.462078
0.462065
0.642574
0.642575
0.462049
0.642575
0.462015
0.462
0.642575
0.461987
0.642575
0.642574
0.461954
0.642574
0.461938
0.642574
0.461922
0.461887
0.642574
0.461873
0.642573
0.461855
0.642573
0.461827
0.642573
0.461813
0.642573
0.642573
0.461791
0.461766
0.642572
0.642572
0.461748
0.642572
0.461731
0.642571
0.461698
0.461684
0.642571
0.461673
0.64257
0.642569
0.461644
0.642568
0.461628
0.642567
0.461618
0.642566
0.461584
0.642565
0.461574
0.642565
0.461556
0.642564
0.46153
0.461516
0.642564
0.461502
0.642565
0.642566
0.461469
0.642567
0.46146
0.461441
0.642568
0.461411
0.642571
0.642572
0.461397
0.461387
0.642573
0.642574
0.461359
0.642575
0.461341
0.461332
0.642575
0.461301
0.642576
0.461288
0.642576
0.461273
0.642576
0.642577
0.461251
0.642578
0.461234
0.461219
0.642578
0.642578
0.461189
0.461174
0.642578
0.642579
0.461164
0.642578
0.461139
0.642579
0.461123
0.461105
0.642578
0.461078
0.642577
0.461068
0.642575
0.642575
0.461052
0.642572
0.461024
0.642572
0.461013
0.461001
0.642571
0.460971
0.64257
0.642569
0.460954
0.460942
0.642568
0.460911
0.642569
0.460904
0.64257
0.46089
0.642572
0.642576
0.46086
0.642578
0.460843
0.642579
0.460832
0.642582
0.460804
0.642582
0.46079
0.460777
0.642583
0.460752
0.642578
0.642579
0.460739
0.460729
0.642576
0.642575
0.460706
0.460682
0.642575
0.460681
0.642573
0.642572
0.460651
0.460642
0.64257
0.642569
0.460629
0.642569
0.460592
0.642568
0.460583
0.460572
0.642566
0.642565
0.460541
0.460525
0.642564
0.460511
0.642564
0.460478
0.642563
0.460472
0.642562
0.460456
0.642562
0.642561
0.460424
0.642561
0.46041
0.64256
0.460396
0.46037
0.642558
0.460359
0.642556
0.460343
0.642557
0.642554
0.460319
0.642555
0.4603
0.460288
0.642554
0.642552
0.460263
0.460249
0.642552
0.642551
0.460231
0.642549
0.460201
0.460193
0.642549
0.642549
0.460175
0.642549
0.460142
0.642546
0.460132
0.460112
0.642547
0.460093
0.642544
0.642546
0.460071
0.460057
0.642543
0.46003
0.642542
0.460009
0.642544
0.459999
0.642542
0.459969
0.642539
0.459953
0.642539
0.459938
0.642539
0.642541
0.459902
0.642543
0.459883
0.459867
0.642544
0.459833
0.642547
0.459812
0.642547
0.642548
0.459796
0.642547
0.459768
0.459753
0.642547
0.459735
0.642546
0.459713
0.642544
0.459698
0.642542
0.459677
0.642542
0.642539
0.459653
0.459638
0.642538
0.642537
0.459629
0.642537
0.459592
0.459583
0.642537
0.459562
0.642537
0.642537
0.459537
0.459521
0.642536
0.459507
0.642536
0.642536
0.459478
0.459463
0.642536
0.459447
0.642536
0.642536
0.459421
0.642536
0.459405
0.642537
0.459393
0.642537
0.459364
0.459349
0.642538
0.642539
0.459333
0.642541
0.459303
0.642543
0.459288
0.642544
0.459283
0.45925
0.642546
0.459235
0.642547
0.642547
0.459219
0.459196
0.642547
0.459184
0.642548
0.459167
0.642548
0.642547
0.459139
0.459129
0.642546
0.642546
0.459111
0.459084
0.642544
0.45907
0.642544
0.459054
0.642544
0.459032
0.642543
0.459021
0.642544
0.642544
0.459004
0.458976
0.642543
0.458961
0.642543
0.458946
0.642543
0.458918
0.642544
0.642544
0.458902
0.458892
0.642544
0.458867
0.642545
0.458849
0.642545
0.642545
0.458838
0.458811
0.642546
0.642546
0.458796
0.642547
0.458777
0.458755
0.642548
0.45874
0.642548
0.642549
0.458726
0.64255
0.458698
0.458685
0.642551
0.458671
0.642552
0.642552
0.458643
0.642552
0.458626
0.458619
0.642552
0.642552
0.458586
0.642552
0.458574
0.642552
0.458562
0.642552
0.458534
0.642552
0.45852
0.642552
0.458508
0.45848
0.642552
0.642552
0.458462
0.458447
0.642552
0.642552
0.458423
0.642553
0.458412
0.642553
0.458396
0.458366
0.642553
0.642553
0.458352
0.458344
0.642554
0.642554
0.458315
0.642554
0.4583
0.458283
0.642555
0.458256
0.642555
0.642555
0.458242
0.458231
0.642556
0.458201
0.642556
0.642556
0.458191
0.458177
0.642556
0.642557
0.458145
0.642556
0.458137
0.642556
0.458123
0.458093
0.642556
0.642557
0.45808
0.458066
0.642556
0.642557
0.458036
0.458024
0.642557
0.642557
0.458012
0.457982
0.642558
0.642558
0.45797
0.457956
0.642559
0.64256
0.457923
0.64256
0.457917
0.457898
0.642561
0.457867
0.642562
0.642562
0.45786
0.457846
0.642562
0.457816
0.642563
0.457807
0.642563
0.642563
0.457787
0.642563
0.457763
0.642564
0.457753
0.457737
0.642564
0.457709
0.642565
0.457694
0.642565
0.642565
0.457678
0.457648
0.642565
0.457636
0.642565
0.457624
0.642564
0.642564
0.457595
0.457579
0.642563
0.642563
0.457566
0.642561
0.457542
0.642561
0.457529
0.457515
0.642561
0.457484
0.64256
0.457472
0.64256
0.457462
0.642561
0.642563
0.457432
0.642564
0.457417
0.642566
0.457402
0.642568
0.457375
0.457359
0.642569
0.64257
0.457355
0.457319
0.642571
0.457305
0.642571
0.642572
0.457294
0.642573
0.457265
0.45725
0.642573
0.642573
0.457234
0.457207
0.642573
0.457189
0.642574
0.45718
0.642574
0.642574
0.457156
0.642574
0.457139
0.642575
0.457122
0.642575
0.457097
0.457081
0.642575
0.642575
0.45707
0.457044
0.642572
0.642571
0.457031
0.457018
0.64257
0.45699
0.642567
0.642566
0.456977
0.642565
0.456962
0.456931
0.642564
0.456922
0.642563
0.456907
0.642565
0.642568
0.456881
0.642565
0.456874
0.642562
0.456861
0.642558
0.456839
0.456827
0.642557
0.642557
0.456815
0.642558
0.456786
0.45678
0.642553
0.45676
0.642554
0.456734
0.642552
0.642554
0.456712
0.234581
0.245678
0.245678
0.234582
0.234582
0.214663
0.203516
0.234582
0.193083
0.234582
0.170585
0.234582
0.158638
0.234582
0.234582
0.146851
0.120967
0.234582
0.107309
0.234582
0.234582
0.0939364
0.234582
0.0639885
0.0497849
0.234582
0.0364311
0.234582
0.00842565
0.234582
0.234582
-0.00489277
0.234582
-0.0154325
0.234582
-0.0380403
-0.0479246
0.234582
0.234582
-0.0544627
-0.0497145
0.234582
0.234582
-0.0563017
-0.0647792
0.234582
0.234582
-0.0778016
-0.0823478
0.234582
0.234582
-0.0827365
0.234582
-0.0853204
-0.0859287
0.234582
0.234582
-0.0845098
-0.0777836
0.234582
0.234582
-0.0742393
-0.0713784
0.234582
0.234582
-0.0638595
0.234582
-0.0605773
0.234582
-0.0584019
-0.0542942
0.234582
-0.053058
0.234582
0.234582
-0.0527053
-0.0536872
0.234582
-0.0550154
0.234582
-0.0571071
0.234582
0.234582
-0.0635531
-0.0673267
0.234582
0.234582
-0.0712099
0.234582
-0.0780165
0.234582
-0.0814837
0.234582
-0.0830444
0.234582
-0.0851613
0.234582
-0.0858773
0.234582
-0.0862325
-0.0871672
0.234582
0.234582
-0.0874374
0.234582
-0.0874193
-0.0925844
0.234582
-0.0906298
0.234582
-0.0866642
0.234582
-0.0883967
0.234582
-0.089297
0.234582
-0.0889727
0.234582
-0.0824611
0.234582
0.234582
-0.0786967
0.234582
-0.0757018
0.234582
-0.0684377
-0.0651957
0.234582
0.234582
-0.0626318
-0.073785
0.234582
-0.0693445
0.234582
0.234582
-0.0629122
0.234582
-0.0584341
0.234582
-0.0578509
0.234582
-0.058557
0.234582
-0.0615177
0.234582
-0.064005
0.234582
-0.067117
-0.0763635
0.234582
-0.0789213
0.234582
-0.0792866
0.234582
0.234582
-0.0814095
-0.082587
0.234582
-0.0839803
0.234582
-0.0849782
0.234582
0.234582
-0.0850335
-0.0849202
0.234582
-0.0854811
0.234582
0.234582
-0.0857853
-0.0858074
0.234582
0.234582
-0.0858268
-0.0858636
0.234582
-0.085886
0.234582
-0.0837927
0.234582
-0.081483
0.234582
-0.0787517
0.234582
0.234582
-0.0715522
0.234582
-0.0680928
0.234582
-0.0654171
-0.0594199
0.234582
-0.0569459
0.234582
0.234582
-0.0553145
-0.0529839
0.234582
-0.05244
0.234582
-0.0528271
0.234582
-0.0552957
0.234582
-0.0570382
0.234582
-0.0594093
0.234582
-0.0665686
0.234582
0.234582
-0.0696814
-0.0713654
0.234582
0.234575
0.245678
0.234578
0.245678
0.21293
0.234581
0.234581
0.201994
0.191619
0.234582
0.234582
0.169062
0.234582
0.157352
0.146141
0.234582
0.121816
0.234582
0.109546
0.234582
0.0976755
0.234582
0.0707433
0.234582
0.234582
0.0569582
0.0433472
0.234582
0.234582
0.0164457
0.234582
0.00266771
0.234582
-0.00811595
-0.0316037
0.234582
-0.0428187
0.234582
-0.0502656
0.234582
-0.0468426
0.234582
-0.0540747
0.234582
0.234582
-0.0631222
0.234582
-0.0758689
0.234582
-0.0822141
-0.0831797
0.234582
0.234582
-0.0852233
0.234582
-0.0865447
0.234582
-0.0872607
-0.084686
0.234582
-0.0819307
0.234582
-0.0783576
0.234582
0.234582
-0.0694214
-0.0661272
0.234582
-0.0637569
0.234582
-0.0577168
0.234582
-0.0553946
0.234582
0.234582
-0.054209
-0.053497
0.234582
-0.0540662
0.234582
0.234582
-0.0553233
-0.0599966
0.234582
0.234582
-0.063215
0.234582
-0.0666193
-0.0738781
0.234582
-0.0773005
0.234582
0.234582
-0.0801844
-0.0845429
0.234582
-0.0855492
0.234582
0.234582
-0.0856855
0.234582
-0.0867408
0.234582
-0.0872385
0.234582
-0.087423
0.234582
-0.0875147
0.234582
-0.0892629
0.234582
-0.0911276
-0.0889232
0.234582
-0.0882758
0.234582
0.234582
-0.0886031
-0.0845694
0.234582
0.234582
-0.0810639
0.234582
-0.0783637
0.234582
-0.0690933
-0.0657066
0.234582
0.234582
-0.0635004
0.234582
-0.0745984
-0.0699565
0.234582
-0.0635503
0.234582
-0.0591146
0.234582
-0.0587625
0.234582
-0.0595404
0.234582
-0.0626005
0.234582
0.234582
-0.0651163
0.234582
-0.0682045
-0.0773901
0.234582
-0.0797549
0.234582
0.234582
-0.0800191
0.234582
-0.0817803
0.234582
-0.0827852
0.234582
-0.0834015
0.234582
-0.08523
0.234582
-0.0854131
-0.0850826
0.234582
0.234582
-0.0852528
0.234582
-0.0856104
0.234582
-0.085857
0.234582
-0.0859118
0.234582
-0.0858625
0.234582
-0.0858672
0.234582
-0.0824991
-0.0797363
0.234582
0.234582
-0.0767922
0.234582
-0.0695797
-0.0662732
0.234582
-0.0636557
0.234582
0.234582
-0.0579667
0.234582
-0.0557196
0.234582
-0.0543021
0.234582
-0.05262
0.234582
-0.0524626
-0.0533213
0.234582
-0.0561491
0.234582
0.234582
-0.0584063
-0.0613148
0.234582
0.234582
-0.0681595
0.234582
-0.0707949
-0.072425
0.234582
0.234582
-0.0759559
-0.0773423
0.234582
0.234582
-0.0781685
-0.0800985
0.234582
-0.0808303
0.234582
-0.0812375
0.234582
0.234582
-0.0819454
-0.0821921
0.234582
-0.082378
0.234582
-0.0825859
0.234582
-0.082654
0.234582
0.234582
-0.0826767
0.234582
-0.081958
0.234582
-0.0805909
0.234582
-0.0785684
0.234582
-0.0729846
0.234582
-0.0700396
0.234582
-0.067379
0.234582
-0.0615213
0.234582
-0.0589775
0.234582
-0.0570314
0.234582
-0.0537902
-0.0527667
0.234582
0.234582
-0.0525245
0.234582
-0.0530746
0.234582
-0.0542262
0.234582
-0.0557756
0.234582
-0.0601425
-0.0623984
0.234582
0.234582
-0.0639919
0.234582
-0.0669093
-0.0681587
0.234582
-0.0690723
0.234582
-0.0707359
0.234582
-0.0714108
0.234582
-0.0719286
0.234582
-0.072855
0.234582
-0.0731906
0.234582
-0.0733773
0.234582
0.234582
-0.0736891
0.234582
-0.0737548
-0.0737543
0.234582
0.234582
-0.0735944
0.234582
-0.0731866
0.234582
-0.072265
0.234582
-0.0688646
-0.066841
0.234582
0.234582
-0.0648299
0.234582
-0.0601641
0.234582
-0.0579438
0.234582
-0.0560325
0.234582
-0.0524569
0.234582
-0.0510504
0.234582
-0.0501083
-0.0489826
0.234582
0.234582
-0.0488992
0.234582
-0.0492592
-0.0511992
0.234582
0.234582
-0.0523276
-0.0533781
0.234582
0.234582
-0.0552568
0.234582
-0.0560331
0.234582
-0.0566359
-0.0577361
0.234582
-0.0581865
0.234582
-0.0585196
0.234582
0.234582
-0.0590716
-0.0592834
0.234582
0.234582
-0.0594345
0.234582
-0.0596361
0.234582
-0.0596531
-0.0596141
0.234582
-0.0592302
0.234582
-0.0587339
0.234582
0.234582
-0.0580996
-0.0561882
0.234582
0.234582
-0.0550292
-0.0538057
0.234582
-0.0508144
0.234582
-0.0493058
0.234582
0.234582
-0.0479066
0.234582
-0.0451052
0.234582
-0.0438834
-0.0428811
0.234582
0.234582
-0.0412894
0.234582
-0.040768
0.234582
-0.0405251
0.234582
-0.0404881
-0.0407291
0.234582
0.234582
-0.0411445
0.234582
-0.0418499
-0.0420522
0.234582
-0.0421834
0.234582
-0.0423612
0.234582
-0.0423882
0.234582
-0.0424743
0.234582
-0.0423126
0.234582
0.234582
-0.0420407
-0.0419522
0.234582
-0.041594
0.234582
0.234582
-0.0412078
0.234582
-0.0409631
-0.040486
0.234582
0.234582
-0.0400949
-0.039595
0.234582
-0.0386095
0.234582
-0.0378788
0.234582
-0.037054
0.234582
0.234582
-0.0351104
-0.034166
0.234582
-0.0332584
0.234582
0.234582
-0.0314242
0.234582
-0.0305224
0.234582
-0.029764
0.234582
-0.0281816
-0.0274676
0.234582
-0.0267463
0.234582
0.234582
-0.025688
-0.0252337
0.234582
-0.0247767
0.234582
0.234582
-0.0239813
0.234582
-0.0234985
0.234582
-0.0229983
0.234582
-0.0220126
0.234582
-0.0214641
-0.0208909
0.234582
-0.0197529
0.234582
-0.019123
0.234582
-0.0184904
0.234582
0.234582
-0.0171337
0.234582
-0.0164478
-0.0157929
0.234582
-0.0143776
0.234582
0.234582
-0.0136768
0.234582
-0.0130092
0.234582
-0.0116094
-0.010944
0.234582
0.234582
-0.0103356
0.234582
-0.00913818
0.234582
-0.00859249
-0.00808305
0.234582
0.234582
-0.00711817
0.234582
-0.00666189
0.234582
-0.00622589
-0.00533411
0.234582
-0.00488983
0.234582
0.234582
-0.00444417
0.234582
-0.00349576
0.234582
-0.00299107
-0.00248239
0.234582
0.234582
-0.00139397
0.234582
-0.000849729
0.234582
-0.000352507
0.234582
0.000587271
0.234582
0.00100283
0.234582
0.00137532
0.234582
0.00205166
0.234582
0.00233739
0.234582
0.00258912
0.234582
0.00299647
0.234582
0.00317865
0.0033155
0.234582
0.234582
0.00347145
0.00346251
0.234582
0.234582
0.00344628
0.234582
0.00325282
0.234582
0.00313014
0.00297943
0.234582
0.234582
0.00262914
0.00243949
0.234582
0.00227582
0.234582
0.234582
0.0019149
0.234582
0.00173416
0.234582
0.00156756
0.00118493
0.234582
0.234582
0.000967263
0.234582
0.000741072
0.234582
0.00026217
-1.76651e-05
0.234582
-0.000314977
0.234582
0.234582
-0.000987445
0.234582
-0.00135094
0.234582
-0.00170534
0.234582
-0.00244494
0.234582
-0.00281148
-0.00315773
0.234582
0.234582
-0.00387839
-0.00420987
0.234582
-0.0045098
0.234582
-0.00508655
0.234582
0.234582
-0.00535016
0.234582
-0.00558768
0.234582
-0.00603745
-0.00625618
0.234582
0.234582
-0.0064237
0.234582
-0.00670619
0.234582
-0.00677376
-0.00682908
0.234582
-0.00680643
0.234582
0.234582
-0.00671653
-0.00664198
0.234582
-0.00642487
0.234582
0.234582
-0.00628302
-0.00613934
0.234582
0.234582
-0.00584761
-0.00569708
0.234582
0.234582
-0.00556144
0.234582
-0.00529884
-0.00514551
0.234582
0.234581
0.234582
0.234582
0.234582
0.234582
0.234582
0.234582
0.234582
0.245678
0.234582
0.233978
0.216817
0.234582
0.234582
0.205112
0.181228
0.234582
0.234582
0.168314
0.234582
0.154868
0.234582
0.126
0.234582
0.111178
0.234582
0.096912
0.0665647
0.234582
0.234582
0.0516346
0.234582
0.0383244
0.234582
0.0101722
-0.00323492
0.234582
-0.0143262
0.234582
0.234582
-0.0372662
-0.0474447
0.234582
-0.0376171
0.234582
0.234582
-0.052884
0.234582
-0.0611035
0.234582
-0.0638329
0.234582
-0.0647572
0.234582
-0.0628377
0.234582
-0.060125
0.234582
-0.0565965
-0.0549724
0.234582
0.234582
-0.0536477
-0.0515683
0.234582
0.234582
-0.0512128
-0.0516028
0.234582
-0.0545613
0.234582
-0.0575276
0.234582
-0.0608355
0.234582
-0.0701613
0.234582
-0.074659
0.234582
0.234582
-0.0770979
0.234582
-0.0635889
0.234582
-0.0670023
0.234582
-0.0739048
-0.0848501
0.234582
-0.0864911
0.234582
-0.0855635
0.234582
0.234582
-0.086685
-0.0875843
0.234582
0.234582
-0.0690994
0.234582
-0.0733571
0.234582
-0.078211
-0.081474
0.234582
0.234582
-0.0850423
0.234582
-0.0861201
0.234582
-0.0855949
0.234582
-0.0831481
0.234582
-0.0780287
0.234582
-0.0729233
0.234582
-0.0809489
-0.0752887
0.234582
0.234582
-0.0882191
0.234582
-0.0729469
0.234582
-0.0672786
0.234582
-0.0663792
0.234582
-0.0660695
0.234582
-0.0665126
-0.0681383
0.234582
0.234582
-0.0759483
0.234582
-0.0790961
-0.0802831
0.234582
0.234582
-0.082868
0.234582
-0.0838391
0.234582
-0.0842992
0.234582
-0.0854985
0.234582
-0.0866285
0.234582
-0.0872056
-0.087904
0.234582
-0.0880637
0.234582
0.234582
-0.0880475
0.234582
-0.0879397
0.234582
-0.0878665
-0.0877494
0.234582
-0.0873662
0.234582
-0.0862088
0.234582
-0.0840396
0.234582
0.234582
-0.0972347
-0.0894975
0.234582
0.234582
-0.0783678
0.234582
-0.0677027
-0.0642378
0.234582
0.234582
-0.0616719
-0.056738
0.234582
0.234582
-0.0551405
0.234582
-0.0546098
0.234582
-0.0549921
0.234582
-0.0563837
-0.0581669
0.234582
0.234582
-0.0638464
-0.0676147
0.234582
0.234582
-0.0704471
-0.0746168
0.234582
-0.0763095
0.234582
-0.0774058
0.234582
0.234582
-0.0795796
-0.0805656
0.234582
-0.0811814
0.234582
-0.0821465
0.234582
0.234582
-0.0824808
0.234582
-0.0828125
-0.0833683
0.234582
-0.083537
0.234582
-0.0835609
0.234582
0.234582
-0.0835596
-0.0833175
0.234582
-0.0824724
0.234582
-0.0780288
0.234582
0.234582
-0.0753198
-0.0727036
0.234582
0.234582
-0.0663406
-0.0633833
0.234582
-0.0609753
0.234582
-0.0563511
0.234582
-0.0545929
0.234582
-0.0535169
0.234582
0.234582
-0.0524758
0.234582
-0.0526464
-0.0535099
0.234582
-0.0566657
0.234582
0.234582
-0.0588985
-0.0615033
0.234582
0.234582
-0.0659973
0.234582
-0.0676575
-0.0688265
0.234582
-0.071064
0.234582
-0.0719163
0.234582
-0.0725834
0.234582
0.234582
-0.0738141
0.234582
-0.0742869
-0.0745709
0.234582
0.234582
-0.0750881
-0.0753017
0.234582
0.234582
-0.0754284
0.234582
-0.0755962
-0.0755841
0.234582
-0.0755453
0.234582
-0.073629
0.234582
0.234582
-0.0720307
-0.0701923
0.234582
0.234582
-0.0654403
-0.0630369
0.234582
0.234582
-0.0608599
0.234582
-0.056347
0.234582
-0.0544168
0.234582
-0.0529272
0.234582
-0.0506156
0.234582
-0.0499856
-0.0498173
0.234582
0.234582
-0.050539
0.234582
-0.0512813
-0.0523897
0.234582
-0.0553317
0.234582
-0.0565056
0.234582
0.234582
-0.0573884
0.234582
-0.0590052
0.234582
-0.0596595
-0.0601654
0.234582
0.234582
-0.0610245
0.234582
-0.0613411
0.234582
-0.0615705
0.234582
-0.0619511
0.234582
-0.0620622
0.234582
-0.0621106
0.234582
-0.062127
0.234582
-0.0621011
0.234582
-0.0620482
-0.061491
0.234582
-0.0607383
0.234582
0.234582
-0.0597173
0.234582
-0.0565574
-0.0548057
0.234582
0.234582
-0.0531821
0.234582
-0.0498288
0.234582
-0.0482891
0.234582
-0.0469738
0.234582
-0.044725
0.234582
-0.0438533
0.234582
-0.0433108
0.234582
-0.0428268
0.234582
-0.0428208
0.234582
-0.043067
0.234582
-0.0441416
0.234582
-0.0444959
0.234582
-0.0447525
0.234582
-0.0452268
0.234582
-0.0453911
0.234582
-0.0454893
0.234582
-0.0455764
-0.0455589
0.234582
-0.0455002
0.234582
-0.0452842
0.234582
-0.0452342
0.234582
-0.0450445
0.234582
0.234582
-0.0444158
0.234582
-0.0442127
0.234582
-0.0439705
0.234582
-0.0427898
0.234582
-0.0420835
0.234582
-0.0413127
-0.0395159
0.234582
0.234582
-0.0384706
-0.0374391
0.234582
-0.0353025
0.234582
0.234582
-0.0342996
0.234582
-0.03332
0.234582
-0.0316228
-0.0309233
0.234582
0.234582
-0.0303272
0.234582
-0.0294193
-0.0289818
0.234582
0.234582
-0.0285832
-0.0282385
0.234582
0.234582
-0.0279093
0.234582
-0.0274582
0.234582
-0.026724
0.234582
-0.0262751
0.234582
-0.0258437
-0.0248898
0.234582
0.234582
-0.0243484
-0.0238422
0.234582
0.234582
-0.022725
-0.02214
0.234582
-0.0215504
0.234582
-0.0202563
0.234582
-0.0195996
0.234582
0.234582
-0.018947
-0.0175169
0.234582
0.234582
-0.0168176
0.234582
-0.0161389
0.234582
-0.01479
-0.0141516
0.234582
0.234582
-0.0135472
0.234582
-0.0123673
0.234582
-0.0117982
0.234582
-0.011256
0.234582
-0.0101419
0.234582
-0.00960324
-0.0090895
0.234582
0.234582
-0.00795197
0.234582
-0.00734251
-0.00673542
0.234582
-0.00545636
0.234582
-0.0047874
0.234582
0.234582
-0.00416892
-0.00294719
0.234582
0.234582
-0.00236149
0.234582
-0.0018124
0.234582
-0.000727433
-0.000215165
0.234582
0.000250185
0.234582
0.234582
0.00112421
0.00151584
0.234582
0.00185952
0.234582
0.234582
0.00246348
0.234582
0.00271315
0.00291341
0.234582
0.234582
0.00331714
0.00342618
0.234582
0.00351097
0.234582
0.00351212
0.234582
0.00348128
0.234582
0.234582
0.00339129
0.00322611
0.234582
0.00310338
0.234582
0.234582
0.00299965
0.00274647
0.234582
0.234582
0.00261771
0.00248249
0.234582
0.234582
0.00217227
0.234582
0.0020132
0.234582
0.00181398
0.234582
0.0013287
0.234582
0.00104016
0.234582
0.000690068
0.234582
-2.81683e-05
0.234582
-0.000387836
0.234582
-0.000735624
0.234582
-0.00146451
0.234582
-0.00182632
0.234582
-0.00216027
0.234582
-0.00290046
0.234582
-0.00325799
0.234582
-0.0036082
-0.00429265
0.234582
-0.00460689
0.234582
-0.00489146
0.234582
-0.00543388
0.234582
0.234582
-0.00567683
0.234582
-0.00588528
-0.00615815
0.234582
-0.00625298
0.234582
0.234582
-0.00628646
-0.00624617
0.234582
0.234582
-0.00621514
-0.00615914
0.234582
-0.00599136
0.234582
0.234582
-0.00592717
0.234582
-0.00585949
0.234582
-0.00574875
-0.00569903
0.234582
-0.0056327
0.234582
0.234582
-0.00558276
-0.00553189
0.234582
-0.00547164
0.234582
-0.00534728
0.234582
-0.00522115
0.234582
0.234582
-0.00506989
0.234582
-0.00464168
-0.00439482
0.234582
0.234582
-0.00412653
-0.00347493
0.234582
0.234582
-0.00312649
0.234582
-0.00275612
0.234582
-0.0019332
-0.00150997
0.234582
-0.0010402
0.234582
8.06102e-05
0.234582
0.000735073
0.234582
0.00129085
0.234582
0.234582
0.00259121
0.234582
0.0031393
0.234582
0.00359605
0.0045601
0.234582
0.00493594
0.234582
0.234582
0.00528378
0.00586485
0.234582
0.234582
0.00618442
0.00657774
0.234582
0.00744991
0.234582
0.234582
0.007911
0.234582
0.00858223
0.00992
0.234582
0.234582
0.010801
0.234582
0.0118832
0.234582
0.014224
0.234582
0.0155396
0.0167102
0.234582
0.234582
0.0195776
0.0209601
0.234582
0.0225504
0.234582
0.0256656
0.234582
0.0275013
0.234582
0.234582
0.0291146
0.234575
0.234578
0.234581
0.234581
0.234582
0.234582
0.234582
0.234582
0.234582
0.234582
0.234582
0.245678
0.234582
0.233976
0.234582
0.216811
0.234582
0.205119
0.234582
0.181241
0.234582
0.168335
0.154871
0.234582
0.125994
0.234582
0.234582
0.111198
0.234582
0.0970631
0.0667196
0.234582
0.234582
0.0517602
0.234582
0.0382789
0.234582
0.0101184
0.234582
-0.00327283
-0.0141865
0.234582
-0.0372358
0.234582
0.234582
-0.0473705
0.234582
-0.037509
0.234582
-0.052748
0.234582
-0.0610404
-0.0638647
0.234582
0.234582
-0.0650529
-0.0630987
0.234582
0.234582
-0.0602103
0.234582
-0.0569283
-0.0553612
0.234582
-0.0539845
0.234582
0.234582
-0.0516858
0.234582
-0.0512099
-0.0514999
0.234582
0.234582
-0.0541443
0.234582
-0.0567941
-0.0598878
0.234582
-0.0689235
0.234582
-0.0735487
0.234582
-0.0762819
0.234582
0.234582
-0.0631828
0.234582
-0.0666498
0.234582
-0.0735222
0.234582
-0.0845278
0.234582
-0.0863041
0.234582
-0.085408
-0.0865964
0.234582
-0.0874922
0.234582
0.234582
-0.0690201
-0.0733544
0.234582
-0.0782523
0.234582
0.234582
-0.0815302
0.234582
-0.0850833
0.234582
-0.0861457
-0.085959
0.234582
0.234582
-0.0827548
0.234582
-0.0796218
0.234582
-0.0759608
-0.0856494
0.234582
0.234582
-0.0781573
-0.0917334
0.234582
0.234582
-0.0732187
0.22564
-0.0664653
-0.0645631
0.226946
0.233272
-0.0618492
0.238201
-0.0613172
0.22023
-0.0617414
-0.0655469
-0.069073
0.213438
0.246264
-0.0728104
-0.0785031
-0.0804274
-0.0813133
-0.083302
-0.0841039
-0.0852113
-0.0871477
-0.0877262
-0.0877542
-0.0878396
-0.0879119
-0.0878744
-0.0878366
-0.0878651
-0.0878624
-0.084248
-0.0819333
-0.0990038
-0.0832513
-0.0746834
-0.0707236
-0.063247
-0.060101
-0.0580882
-0.0552748
-0.0547638
-0.0550932
-0.0579517
-0.0603644
-0.0630736
-0.0694932
-0.0720098
-0.0736506
-0.076937
-0.0781949
-0.0791006
-0.0808458
-0.0814596
-0.0817706
-0.0826951
-0.0830245
-0.0831806
-0.0833718
-0.0833846
-0.0834284
-0.0830382
-0.0815721
-0.0793384
-0.073717
-0.0706472
-0.0678237
-0.0619458
-0.0593723
-0.0574151
-0.0540831
-0.0530502
-0.0526707
-0.0533971
-0.05443
-0.055911
-0.0605924
-0.0629588
-0.064747
-0.0679595
-0.069225
-0.0700952
-0.0718753
-0.0725924
-0.0730994
-0.0739616
-0.0742899
-0.0745395
-0.0749465
-0.0750735
-0.0750937
-0.0750753
-0.0749601
-0.0741853
-0.0710152
-0.0688949
-0.0666177
-0.0613035
0.234575
0.245678
0.234578
0.245678
0.213072
0.234581
0.202192
0.234581
0.234582
0.191951
0.169409
0.234582
0.157759
0.234582
0.146472
0.234582
0.234582
0.12219
0.234582
0.109881
0.234582
0.097911
0.234582
0.070937
0.234582
0.0574634
0.044761
0.234582
0.0154941
0.234582
0.234582
0.00164461
-0.00952111
0.234582
-0.0329352
0.234582
0.234582
-0.0438229
-0.0511447
0.234582
0.234582
-0.0472731
0.234582
-0.0543747
0.234582
-0.0633764
0.234582
-0.0761585
-0.082202
0.234582
-0.0832362
0.234582
-0.0852229
0.234582
0.234582
-0.0863964
0.234582
-0.086979
0.234582
-0.0872663
0.234582
-0.086173
0.234582
-0.0836719
0.234582
-0.0756634
0.234582
-0.0720172
0.234582
-0.0691995
-0.0621665
0.234582
0.234582
-0.0591273
0.234582
-0.0571645
0.234582
-0.053757
0.234582
-0.0528463
0.234582
-0.0529073
-0.0547059
0.234582
0.234582
-0.0567107
0.234582
-0.0590029
-0.0655787
0.234582
0.234582
-0.0696067
-0.073248
0.234582
0.234582
-0.0814323
0.234582
-0.0833672
-0.0835678
0.234582
-0.0851893
0.234582
-0.0860516
0.234582
-0.0864494
0.234582
-0.0868633
0.234582
0.234582
-0.088874
0.234582
-0.0909981
0.234582
-0.0885539
-0.0879576
0.234582
0.234582
-0.0885816
0.234582
-0.0890781
0.234582
-0.0884712
0.234582
-0.0870137
0.234582
-0.0802037
-0.0764667
0.234582
0.234582
-0.0733136
0.234582
-0.0658147
-0.0627788
0.234582
0.234582
-0.0605267
0.234582
-0.0715489
-0.0678294
0.234582
-0.0621403
0.234582
0.234582
-0.0585876
0.234582
-0.0585919
0.234582
-0.0597641
-0.0633991
0.234582
-0.0664762
0.234582
0.234582
-0.0707987
0.234582
-0.077499
0.234582
-0.0793013
-0.0799672
0.234582
-0.0820979
0.234582
0.234582
-0.082999
-0.0838615
0.234582
0.234582
-0.0848151
0.234582
-0.0852099
0.234582
-0.0854489
0.234582
-0.0857129
0.234582
-0.0857594
0.234582
-0.0857582
0.234582
-0.0857914
0.234582
-0.0856938
-0.0857142
0.234582
0.234582
-0.0825615
0.234582
-0.0798959
-0.0770626
0.234582
0.234582
-0.0698306
-0.0663919
0.234582
0.234582
-0.0636954
-0.0581449
0.234582
0.234582
-0.055924
-0.0544772
0.234582
-0.052601
0.234582
-0.0523553
0.234582
0.234582
-0.0531177
0.234582
-0.0558363
-0.058217
0.234582
-0.0612573
0.234582
-0.0676635
0.234582
-0.0702504
0.234582
-0.0719507
0.234582
0.234582
-0.0753961
-0.0768727
0.234582
-0.0778204
0.234582
0.234582
-0.0794505
0.234582
-0.0800777
0.234582
-0.0804964
-0.0812495
0.234582
0.234582
-0.0815423
-0.081692
0.234582
0.234582
-0.0819201
-0.0819776
0.234582
0.234582
-0.0819362
-0.0812271
0.234582
0.234582
-0.0799329
0.234582
-0.0780541
-0.0726323
0.234582
0.234582
-0.0697484
-0.0671343
0.234582
0.234582
-0.0613624
0.234582
-0.0588639
0.234582
-0.0569542
0.234582
-0.0538217
0.234582
-0.0527635
-0.052397
0.234582
0.234582
-0.0531719
0.234582
-0.0539895
0.234582
-0.0553384
-0.0596834
0.234582
-0.0616548
0.234582
0.234582
-0.0632073
-0.0660342
0.234582
-0.0671771
0.234582
0.234582
-0.0680551
0.234582
-0.0697574
-0.0704378
0.234582
-0.0708966
0.234582
-0.0717018
0.234582
0.234582
-0.0719986
0.234582
-0.0721645
0.234582
-0.072385
0.234582
-0.0724431
0.234582
-0.0724325
-0.0722609
0.234582
-0.0718214
0.234582
-0.0709209
0.234582
0.234582
-0.0676343
0.234582
-0.0656869
0.234582
-0.0637168
0.234582
-0.0592153
-0.0570771
0.234582
0.234582
-0.0552466
-0.0518158
0.234582
0.234582
-0.0504644
0.234582
-0.0495557
0.234582
-0.0484537
0.234582
-0.0484789
-0.0487368
0.234582
-0.0501675
0.234582
0.234582
-0.0513357
0.234582
-0.0525294
-0.0541184
0.234582
0.234582
-0.0548021
0.234582
-0.0553644
0.234582
-0.0563655
-0.0567562
0.234582
-0.0570756
0.234582
0.234582
-0.0576175
-0.0577917
0.234582
0.234582
-0.0578827
0.234582
-0.0579564
0.234582
-0.0579306
0.234582
-0.057859
0.234582
-0.0576163
0.234582
-0.0573939
-0.0570541
0.234582
-0.0553803
0.234582
-0.0542629
0.234582
0.234582
-0.053059
-0.0501614
0.234582
-0.0486766
0.234582
-0.0472892
0.234582
0.234582
-0.0445045
0.234582
-0.0432752
0.234582
-0.042249
-0.0405731
0.234582
-0.0399843
0.234582
-0.0396571
0.234582
0.234582
-0.0393885
-0.03949
0.234582
-0.039758
0.234582
-0.0402863
0.234582
-0.0403966
0.234582
-0.0404487
0.234582
-0.0405631
0.234582
-0.040424
0.234582
0.234582
-0.0402836
0.234582
-0.0401062
-0.039782
0.234582
0.234582
-0.0395686
0.234582
-0.0392191
-0.038882
0.234582
0.234582
-0.0384295
-0.0378485
0.234582
-0.0374375
0.234582
0.234582
-0.0369877
0.234582
-0.0357982
0.234582
-0.0351722
-0.0344079
0.234582
-0.0325759
0.234582
0.234582
-0.0315817
0.234582
-0.0307193
0.234582
-0.0289459
0.234582
-0.0280884
0.234582
-0.027308
0.234582
-0.025811
0.234582
-0.0250882
-0.0244951
0.234582
-0.023352
0.234582
0.234582
-0.0227994
0.234582
-0.0222848
0.234582
-0.0213351
0.234582
-0.0207875
-0.0202381
0.234582
-0.0191177
0.234582
0.234575
0.245678
0.234578
0.245678
0.210343
0.234581
0.234581
0.198153
0.234582
0.1866
0.159485
0.234582
0.234582
0.145403
0.234582
0.131758
0.102027
0.234582
0.086737
0.234582
0.234582
0.0728391
0.0427096
0.234582
0.0282867
0.234582
0.0159648
0.234582
0.234582
-0.0100896
-0.0206969
0.234582
0.234582
-0.027686
0.234582
-0.0386446
0.234582
-0.0419326
-0.0429416
0.234582
-0.0441371
0.234582
0.234582
-0.0445334
-0.0446626
0.234582
0.234582
-0.0458015
-0.0472485
0.234582
-0.0495571
0.234582
-0.0554839
0.234582
0.234582
-0.0405938
0.234582
-0.0435519
0.234582
-0.0617403
-0.0705456
0.234582
0.234582
-0.073763
-0.0601215
0.234582
0.234582
-0.0643664
-0.0714297
0.234582
0.234582
-0.0612576
-0.0655211
0.234582
0.234582
-0.0728317
0.234582
-0.080855
-0.0828122
0.234582
0.234582
-0.0837312
0.234582
-0.0863492
0.234582
-0.0874059
0.234582
-0.0889082
0.234582
-0.0882323
0.234582
-0.0859641
-0.0830663
0.234582
0.234582
-0.0755222
0.234582
-0.0722162
0.234582
-0.0695415
0.234582
-0.0791343
0.234582
-0.0738678
0.234582
-0.0840982
-0.0725813
0.234582
0.234582
-0.0668075
0.234582
-0.0651111
-0.0648188
0.234582
0.234582
-0.0653378
0.234582
-0.0667961
-0.0731216
0.234582
-0.0773898
0.234582
0.234582
-0.0802256
0.234582
-0.0835955
-0.084608
0.234582
-0.0849785
0.234582
-0.0863254
0.234582
-0.0867832
0.234582
0.234582
-0.086847
-0.0870392
0.234582
0.234582
-0.0880032
-0.0885731
0.234582
0.234582
-0.0884896
0.234582
-0.0883422
0.234582
-0.0885472
-0.0884428
0.234582
-0.0874036
0.234582
-0.085169
0.234582
0.234582
-0.0777725
-0.0740031
0.234582
0.234582
-0.0709424
0.234582
-0.0806073
0.234582
-0.0751681
0.234582
-0.0675694
0.234582
-0.0598659
-0.0578202
0.234582
-0.0572546
0.234582
0.234582
-0.057169
-0.0584434
0.234582
0.234582
-0.0603567
0.234582
-0.0661476
-0.0700105
0.234582
-0.0723301
0.234582
-0.0766921
0.234582
0.234582
-0.0784168
0.234582
-0.0794002
0.234582
-0.0813203
0.234582
-0.0821266
0.234582
-0.0825651
-0.0833242
0.234582
0.234582
-0.0836711
-0.0839464
0.234582
0.234582
-0.0843626
0.234582
-0.0844365
0.234582
-0.0844405
0.234582
-0.0845237
0.234582
-0.0842768
0.234582
-0.0833624
0.234582
-0.0786267
0.234582
-0.0757391
-0.0729263
0.234582
-0.0663038
0.234582
-0.0632438
0.234582
0.234582
-0.0608239
0.234582
-0.0561889
0.234582
-0.0544926
-0.053532
0.234582
-0.0528392
0.234582
0.234582
-0.053192
0.234582
-0.0542257
-0.0579147
0.234582
-0.0603514
0.234582
0.234582
-0.063168
0.234582
-0.0675962
0.234582
-0.0692703
0.234582
-0.0705412
-0.0732181
0.234582
-0.0742477
0.234582
-0.074932
0.234582
0.234582
-0.0761264
-0.0765473
0.234582
0.234582
-0.0767738
-0.0772686
0.234582
0.234582
-0.0774392
0.234582
-0.077518
0.234582
-0.0775798
0.234582
-0.077578
-0.0775207
0.234582
-0.0752894
0.234582
0.234582
-0.0735266
-0.0715198
0.234582
0.234582
-0.0664695
-0.0639107
0.234582
0.234582
-0.0616287
0.234582
-0.0569802
0.234582
-0.055264
0.234582
-0.0538006
0.234582
-0.0515448
0.234582
-0.0509659
-0.0508916
0.234582
-0.0519635
0.234582
0.234582
-0.0529811
-0.0542892
0.234582
-0.0574455
0.234582
-0.0586844
0.234582
-0.0596247
0.234582
0.234582
-0.0614449
-0.0622168
0.234582
-0.0628145
0.234582
-0.0638674
0.234582
0.234582
-0.064248
-0.0645175
0.234582
-0.0649352
0.234582
0.234582
-0.0650606
0.234582
-0.0651055
0.234582
-0.0651207
-0.0650805
0.234582
0.234582
-0.0650094
0.234582
-0.0643178
0.234582
-0.0634641
0.234582
-0.0623384
-0.0591989
0.234582
0.234582
-0.0574772
0.234582
-0.055794
0.234582
-0.0521834
-0.0505159
0.234582
0.234582
-0.0490908
0.234582
-0.0465994
0.234582
-0.0456156
0.234582
-0.0449712
0.234582
-0.0444073
-0.0443782
0.234582
-0.0446347
0.234582
-0.0458588
0.234582
-0.0464929
0.234582
0.234582
-0.0469259
-0.0476562
0.234582
0.234582
-0.0479441
0.234582
-0.0481548
0.234582
-0.0484683
-0.0485674
0.234582
0.234582
-0.0486181
-0.0485996
0.234582
-0.0485304
0.234582
-0.048424
0.234582
0.234582
-0.0481125
-0.0479132
0.234582
-0.0476947
0.234582
-0.0472101
0.234582
0.234582
-0.0467357
-0.0459515
0.234582
0.234582
-0.0442334
-0.0432027
0.234582
-0.0421461
0.234582
0.234582
-0.0398573
-0.0387124
0.234582
0.234582
-0.037656
0.234582
-0.0354967
0.234582
-0.0346016
0.234582
-0.033861
0.234582
-0.0325937
-0.0322669
0.234582
-0.031873
0.234582
0.234582
-0.031241
-0.0311423
0.234582
-0.0310891
0.234582
0.234582
-0.0304775
-0.0302595
0.234582
-0.0300379
0.234582
0.234582
-0.0291735
0.234582
-0.0287806
0.234582
-0.0283983
-0.0274374
0.234582
0.234582
-0.0269778
0.234582
-0.0264522
-0.0253275
0.234582
0.234582
-0.024781
0.234582
-0.0241783
-0.0229418
0.234582
0.234582
-0.022297
0.234582
-0.0215997
-0.0201463
0.234582
-0.0194297
0.234582
0.234582
-0.0187606
-0.0173566
0.234582
0.234582
-0.016677
0.234582
-0.0160469
-0.0147785
0.234582
-0.0141759
0.234582
-0.0135718
0.234582
-0.012316
0.234582
-0.0116957
0.234582
-0.0110859
0.234582
-0.00971285
0.234582
0.234582
-0.00903945
0.234582
-0.0083868
0.234582
-0.0070043
0.234582
-0.00634072
0.234582
-0.00569654
0.234582
-0.00440285
0.234582
-0.00378112
0.234582
-0.00319536
-0.00203418
0.234582
-0.00148004
0.234582
0.234582
-0.000961296
0.234582
4.45366e-05
0.234582
0.000510781
0.234582
0.000918072
0.234582
0.00167877
0.00198651
0.234582
0.234582
0.00221524
0.234582
0.0025737
0.00269802
0.234582
0.234582
0.00276679
0.00288443
0.234582
0.234582
0.00295068
0.234582
0.00294804
0.234582
0.00295062
0.00294032
0.234582
0.00292921
0.234582
0.00285908
0.234582
0.00281832
0.234582
0.234582
0.00277414
0.00258318
0.234582
0.00245557
0.234582
0.234582
0.00229276
0.00191179
0.234582
0.00166093
0.234582
0.00140651
0.234582
0.234582
0.000793652
0.234582
0.00043946
0.000100535
0.234582
-0.000620596
0.234582
0.234582
-0.000976257
0.234582
-0.00132782
0.234582
-0.00205071
0.234582
-0.00241435
-0.00276309
0.234582
-0.00347902
0.234582
-0.00383103
0.234582
-0.00413859
0.234582
0.234582
-0.00459939
-0.00476474
0.234582
0.234582
-0.00488369
-0.00502982
0.234582
0.234582
-0.00507085
-0.00509327
0.234582
0.234582
-0.00511823
0.234582
-0.00513106
0.234582
-0.00514799
-0.00524179
0.234582
-0.00529674
0.234582
0.234582
-0.00536573
0.234582
-0.00554132
0.234582
-0.00563682
0.234582
-0.00573122
0.234582
-0.00587682
0.234582
-0.0058859
0.234582
-0.00589702
-0.00583851
0.234582
-0.00578625
0.234582
-0.00572603
0.234582
0.234582
-0.00543674
-0.00525936
0.234582
0.234582
-0.00504661
-0.00451822
0.234582
-0.00421255
0.234582
-0.00386534
0.234582
0.234582
-0.00319084
0.234582
-0.00283323
0.234582
-0.00252243
0.234582
-0.00192318
0.234582
-0.00165146
-0.00137144
0.234582
0.234582
-0.000770089
-0.000521243
0.234582
0.234582
-0.000220176
0.000465528
0.234582
0.234582
0.00081445
0.00121401
0.234582
0.00214623
0.234582
0.234582
0.00276488
0.00334476
0.234582
0.00496619
0.234582
0.00570482
0.234582
0.234575
0.245678
0.245678
0.234578
0.234581
0.213934
0.234581
0.202505
0.234582
0.191978
0.234582
0.167159
0.234582
0.153443
0.234582
0.139822
0.234582
0.110168
0.234582
0.0948969
0.0806123
0.234582
0.0506195
0.234582
0.234582
0.0358793
0.023224
0.234582
0.234582
-0.00372054
-0.0164753
0.234582
-0.0262208
0.234582
0.234582
-0.047138
-0.0389915
0.234582
0.234582
-0.0439908
0.234582
-0.0634677
-0.0712874
0.234582
-0.0760019
0.234582
-0.0807812
0.234582
0.234582
-0.0794397
0.234582
-0.0758311
0.234582
-0.0685267
0.234582
-0.0653784
0.234582
-0.0629933
-0.0573616
0.234582
0.234582
-0.0552943
0.234582
-0.0540792
-0.05248
0.234582
-0.0522485
0.234582
0.234582
-0.0529377
0.234582
-0.0569808
-0.060006
0.234582
-0.0636198
0.234582
-0.072236
0.234582
-0.0754824
0.234582
-0.0787778
0.234582
0.234582
-0.0860605
0.234582
-0.0873592
0.234582
-0.0864456
0.234582
-0.0868687
0.234582
-0.0873732
0.234582
-0.0877541
0.234582
-0.0880808
0.234582
-0.0690406
-0.0693281
0.234582
0.234582
-0.0799241
-0.0823027
0.234582
-0.0824701
0.234582
0.234582
-0.0873312
0.234582
-0.0869462
0.234582
-0.0833044
0.234582
-0.0758515
0.234582
-0.0729031
-0.0913554
0.234582
-0.0746235
0.234582
-0.0669657
0.234582
0.234582
-0.0642571
-0.0593129
0.234582
0.234582
-0.0574313
0.234582
-0.0733637
0.234582
-0.0697206
-0.0671097
0.234582
0.234582
-0.0674299
-0.0721749
0.234582
-0.0789439
0.234582
-0.0606927
0.234582
-0.06579
0.234582
-0.0713797
0.234582
-0.0742836
0.234582
-0.0782682
0.234582
-0.0804834
0.234582
0.234582
-0.0823216
-0.0848256
0.234582
-0.0855145
0.234582
0.234582
-0.0856988
-0.0863977
0.234582
0.234582
-0.0867396
-0.0868968
0.234582
0.234582
-0.0869628
0.234582
-0.0866045
0.234582
-0.0855399
0.234582
-0.0999411
-0.092993
0.234582
-0.082547
0.234582
0.234582
-0.0708591
-0.0670299
0.234582
0.234582
-0.064265
0.234582
-0.0583559
-0.0562137
0.234582
-0.0551001
0.234582
0.234582
-0.0542136
-0.054724
0.234582
-0.0560867
0.234582
-0.0602649
0.234582
0.234582
-0.0632214
0.234582
-0.0665486
0.234582
-0.0720867
0.234582
-0.07403
-0.0752265
0.234582
-0.0780794
0.234582
-0.079157
0.234582
0.234582
-0.0797493
0.234582
-0.0812327
0.234582
-0.0817924
0.234582
-0.0820969
0.234582
-0.0825891
-0.0827291
0.234582
-0.0828518
0.234582
-0.0829363
0.234582
-0.0829621
0.234582
-0.0829455
0.234582
-0.0801809
0.234582
-0.0779816
0.234582
0.234582
-0.0755379
0.234582
-0.0693643
0.234582
-0.0663349
-0.063724
0.234582
0.234582
-0.058445
-0.0562927
0.234582
0.234582
-0.0548015
0.234582
-0.0527359
-0.0523846
0.234582
0.234582
-0.0526853
0.234582
-0.0548474
-0.056539
0.234582
-0.0585628
0.234582
-0.0634538
0.234582
-0.0651914
0.234582
0.234582
-0.0663776
0.234582
-0.0688495
-0.0699028
0.234582
0.234582
-0.0706666
0.234582
-0.0720257
-0.0725673
0.234582
-0.0729812
0.234582
0.234582
-0.0737076
-0.0739645
0.234582
0.234582
-0.0740869
0.234582
-0.0742715
0.234582
-0.0742881
-0.0742443
0.234582
0.234582
-0.0734517
-0.0723558
0.234582
-0.0708389
0.234582
0.234582
-0.066637
0.234582
-0.0643689
0.234582
-0.0622511
0.234582
-0.057651
0.234582
-0.055578
-0.0538793
0.234582
0.234582
-0.0510235
0.234582
-0.0499684
-0.0494599
0.234582
0.234582
-0.0492407
0.234582
-0.0497382
-0.0507126
0.234582
0.234582
-0.0532041
0.234582
-0.0543216
0.234582
-0.0552277
-0.0568639
0.234582
-0.0575361
0.234582
0.234582
-0.0580478
0.234582
-0.0589682
0.234582
-0.059338
0.234582
-0.0596019
-0.0600177
0.234582
-0.0601653
0.234582
0.234582
-0.060261
-0.0603594
0.234582
-0.0603296
0.234582
-0.0602512
0.234582
0.234582
-0.059907
-0.0594665
0.234582
0.234582
0.245678
0.240604
0.234582
0.220591
0.234582
0.196453
0.234582
0.234582
0.184346
0.234582
0.172205
0.14439
0.234582
0.13004
0.234582
0.116165
0.234582
0.0856616
0.234582
0.0705887
0.234582
0.0568626
0.234582
0.234582
0.027533
0.0134866
0.234582
0.234582
0.00161262
-0.0234752
0.234582
-0.0350917
0.234582
0.234582
-0.0435684
0.234582
-0.04315
0.234582
-0.0508481
0.234582
-0.0581106
0.234582
-0.0634612
0.234582
-0.0633248
0.234582
-0.0615555
-0.0579937
0.234582
-0.0563132
0.234582
0.234581
0.245678
0.245678
0.234582
0.234582
0.214649
0.203478
0.234582
0.192992
0.234582
0.170501
0.234582
0.234582
0.158577
0.146907
0.234582
0.234582
0.121055
0.234582
0.107429
0.0941499
0.234582
0.234582
0.0642769
0.234582
0.0487933
0.0353586
0.234582
0.234582
0.00740079
-0.00585827
0.234582
0.234582
-0.0165694
-0.0389711
0.234582
0.234582
-0.0487659
0.234582
-0.0551847
-0.0500893
0.234582
-0.0566295
0.234582
0.234582
-0.0651194
0.234582
-0.0782505
-0.0826371
0.234582
-0.0828588
0.234582
0.234582
-0.08537
0.234582
-0.0860316
-0.0847484
0.234582
0.234582
-0.0781032
0.234582
-0.0745506
0.234582
-0.0716769
0.234582
-0.0641293
-0.0608271
0.234582
0.234582
-0.0585898
0.234582
-0.0543924
0.234582
-0.0531308
0.234582
-0.0527579
-0.0536089
0.234582
0.234582
-0.0552466
0.234582
-0.0570586
0.234582
-0.0630178
0.234582
-0.0670961
0.234582
-0.070743
0.234582
-0.0774673
0.234582
-0.0811266
0.234582
-0.0829043
-0.0850612
0.234582
-0.0857959
0.234582
0.234582
-0.086135
0.234582
-0.0871111
-0.0874003
0.234582
-0.0873874
0.234582
0.234582
-0.0919843
0.234582
-0.0905351
-0.087004
0.234582
0.234582
-0.088389
0.234582
-0.0892027
-0.0890101
0.234582
0.234582
-0.0830067
-0.0793265
0.234582
0.234582
-0.0762834
0.234582
-0.0688615
0.234582
-0.0656188
-0.0630688
0.234582
0.234582
-0.0741813
0.234582
-0.0696785
0.234582
-0.0632136
-0.0584304
0.234582
0.234582
-0.0578514
0.234582
-0.0582921
0.234582
-0.0612677
0.234582
-0.0636079
0.234582
-0.0662612
0.234582
-0.0752705
0.234582
-0.0781938
0.234582
-0.0788883
-0.0811757
0.234582
0.234582
-0.082396
-0.0832723
0.234582
0.234582
-0.0850095
-0.0852347
0.234582
0.234582
-0.0849321
-0.0853761
0.234582
0.234582
-0.08573
0.234582
-0.0858028
0.234582
-0.0858338
0.234582
-0.0858575
-0.0858786
0.234582
0.234582
-0.0841299
-0.0819464
0.234582
0.234582
-0.0792621
0.234582
-0.0720931
0.234582
-0.0686005
-0.0659088
0.234582
-0.059844
0.234582
0.234582
-0.0573173
-0.0556045
0.234582
0.234582
-0.0530669
-0.0524137
0.234582
0.234582
-0.0526032
0.234582
-0.0548221
0.234582
-0.0564217
-0.0586551
0.234582
0.234582
-0.0655524
-0.0690902
0.234582
-0.0709645
0.234582
0.234582
-0.0746841
0.234582
-0.0761801
0.234582
-0.0772259
0.234582
-0.0794059
-0.080218
0.234582
0.234582
-0.0806272
-0.0814568
0.234582
-0.0818334
0.234582
-0.0820198
0.234582
0.234582
-0.0823127
0.234582
-0.08241
0.234582
-0.0824258
0.234582
-0.0821488
0.234582
-0.081341
0.234582
-0.0798253
0.234582
-0.0748043
0.234582
-0.0720149
0.234582
-0.0694126
-0.0634358
0.234582
0.234582
-0.0607211
-0.0585634
0.234582
0.234582
-0.0547343
-0.0534053
0.234582
0.234582
-0.0527601
0.234582
-0.0526224
0.234582
-0.0534095
0.234582
-0.0545522
0.234582
-0.0582204
0.234582
-0.0607156
-0.062495
0.234582
0.234582
-0.0656634
0.234582
-0.0669786
0.234582
-0.0679829
0.234582
-0.0697959
0.234582
-0.0705826
0.234582
-0.0711643
0.234582
-0.0721889
-0.0725447
0.234582
0.234582
-0.0727789
0.234582
-0.0731508
-0.0732401
0.234582
0.234582
-0.0732541
0.234582
-0.0731999
-0.0729975
0.234582
-0.0725111
0.234582
-0.0698479
0.234582
-0.0680609
0.234582
0.234582
-0.0661723
-0.0616205
0.234582
0.234582
-0.0593763
-0.0573825
0.234582
0.234582
-0.0534838
-0.0518738
0.234582
-0.0506904
0.234582
-0.0490461
0.234582
0.234582
-0.0486934
0.234582
-0.0488226
0.234582
-0.0498721
0.234582
-0.0508118
0.234582
-0.052036
-0.0542487
0.234582
0.234582
-0.0550371
0.234582
-0.0556386
0.234582
-0.0568289
-0.0573123
0.234582
0.234582
-0.0576773
-0.0582938
0.234582
0.234582
-0.0585423
0.234582
-0.0587236
-0.0589424
0.234582
0.234582
-0.0589706
0.234582
-0.0589439
-0.0587943
0.234582
-0.0586655
0.234582
0.234582
-0.0585082
0.234582
-0.0572255
0.234582
-0.0562457
-0.05511
0.234582
0.234582
-0.052248
-0.0507393
0.234582
0.234582
-0.0492981
-0.0463184
0.234582
0.234582
-0.0449668
-0.0438075
0.234582
0.234582
-0.0418302
0.234582
-0.041055
0.234582
-0.0405968
0.234582
-0.0400694
-0.0400906
0.234582
-0.0403269
0.234582
0.234582
-0.0409775
0.234582
-0.0411739
0.234582
-0.0413005
-0.0414695
0.234582
0.234582
-0.0414952
-0.0415753
0.234582
-0.041278
0.234582
0.234582
-0.0411543
0.234582
-0.0410647
0.234582
-0.0405398
0.234582
-0.0403112
0.234582
-0.0401052
0.234582
-0.039516
0.234582
-0.0390328
0.234582
-0.0386933
0.234582
-0.0378574
0.234582
-0.0372257
0.234582
-0.0364188
0.234582
-0.0347945
0.234582
-0.0338939
0.234582
-0.0330778
-0.031178
0.234582
0.234582
-0.0302469
-0.0293519
0.234582
-0.0276463
0.234582
-0.0269378
0.234582
0.234582
-0.0262674
0.234582
-0.0250601
0.234582
-0.024501
-0.0240336
0.234582
0.234582
-0.0231153
-0.0226143
0.234582
0.234582
-0.0221419
0.234582
-0.0210921
0.234582
-0.0205344
-0.0199851
0.234582
-0.0187835
0.234582
-0.0181384
0.234582
-0.0175015
0.234582
-0.0161303
0.234582
-0.0154503
0.234582
-0.0147759
0.234582
-0.0133814
0.234582
0.234582
-0.01269
-0.0120144
0.234582
0.234582
-0.0106157
-0.00993395
0.234582
-0.00928792
0.234582
-0.00809567
0.234582
0.234582
-0.0075577
-0.00706121
0.234582
0.234582
-0.00611577
-0.00567625
0.234582
-0.00526764
0.234582
0.234582
-0.00444727
0.234582
-0.0040422
0.234582
-0.00364491
-0.0027901
0.234582
0.234582
-0.00233339
-0.00188593
0.234582
0.234582
-0.000899899
0.234582
-0.000380278
0.234582
9.90323e-05
0.234582
0.000968583
0.234582
0.00137026
0.00171188
0.234582
0.234582
0.00230573
0.234582
0.00255658
0.00279156
0.234582
0.234582
0.00315859
0.234582
0.00328576
0.234582
0.00338464
0.00343888
0.234582
0.234582
0.00342704
0.00332935
0.234582
0.234582
0.0031134
0.234582
0.0029476
0.234582
0.00275161
0.00236395
0.234582
0.234582
0.00214311
0.234582
0.00194231
0.234582
0.00154217
0.234582
0.00133772
0.234582
0.00113007
0.000727661
0.234582
0.000532073
0.234582
0.000337464
0.234582
-0.000102278
0.234582
0.234582
-0.000342042
-0.000594651
0.234582
-0.0011918
0.234582
-0.00152986
0.234582
0.234582
-0.00188988
-0.00264925
0.234582
-0.00301283
0.234582
0.234582
-0.00336792
0.234582
-0.00406191
-0.00438103
0.234582
-0.00466952
0.234582
0.234582
-0.00522236
0.234582
-0.00547463
0.234582
-0.00570158
-0.00614684
0.234582
0.234582
-0.00632819
0.234582
-0.00646458
0.234582
-0.00669589
0.234582
-0.00678667
-0.00687096
0.234582
0.234582
-0.00682753
-0.00677621
0.234582
-0.00670728
0.234582
-0.0064393
0.234582
0.234582
-0.00630309
0.234582
-0.00615386
0.234582
-0.00584549
0.234582
-0.00568213
0.234582
-0.00552126
0.234582
-0.0051537
-0.00498684
0.234582
-0.00478903
0.234582
0.234582
-0.00435521
0.234582
-0.00411271
-0.00386012
0.234582
-0.00319819
0.234582
-0.00285101
0.234582
0.234582
-0.00247954
0.234582
-0.00165758
-0.00123524
0.234582
-0.000765031
0.234582
0.000357342
0.234582
0.00100982
0.234582
0.00156577
0.234582
0.234582
0.00298768
0.234582
0.00364284
0.00437778
0.234582
0.00593361
0.234582
0.00670903
0.234582
0.234582
0.00758804
0.234582
0.0094357
0.245678
0.245678
0.214668
0.203525
0.193096
0.170595
0.158533
0.14679
0.120924
0.107257
0.234582
0.0938799
0.234582
0.234582
0.0638866
0.234582
0.0483427
0.234582
0.0348987
0.234582
0.00702722
0.234582
-0.00614682
0.234582
-0.0167252
-0.0391292
0.234582
-0.0489323
0.234582
0.234582
-0.0386707
0.234582
-0.0536497
0.234582
-0.062937
-0.0678297
0.234582
-0.0792731
0.234582
0.234582
-0.0835866
-0.0839855
0.234582
-0.0859741
0.234582
-0.0862685
0.234582
-0.0846882
0.234582
-0.0777772
0.234582
-0.0741875
0.234582
-0.0712836
0.234582
0.234582
-0.0637491
0.234582
-0.0604844
0.234582
-0.0583613
-0.0542802
0.234582
-0.0530658
0.234582
-0.0527271
0.234582
0.208839
0.208839
0.208839
0.208839
0.208839
0.208839
0.208839
0.208839
0.208839
0.208839
0.208839
0.208839
0.245678
0.208839
0.240606
0.220543
0.208839
0.208839
0.196302
0.208839
0.184121
0.171855
0.208839
0.144346
0.208839
0.129939
0.208839
0.208839
0.116057
0.0854713
0.208839
0.0704048
0.208839
0.208839
0.0566456
0.208839
0.0272256
0.208839
0.0128791
0.000257977
0.208839
-0.0243827
0.208839
0.208839
-0.0357753
0.208839
-0.0439405
-0.0430837
0.208839
0.208839
-0.0502497
0.208839
-0.0571707
0.208839
-0.0616663
-0.061489
0.208839
-0.0603285
0.208839
-0.0584325
0.208839
-0.0582127
0.208839
-0.0557446
0.208839
0.208839
-0.0529354
0.208839
-0.0523164
-0.0525254
0.208839
-0.0551702
0.208839
0.208839
-0.0583915
0.208839
-0.0617213
0.208839
-0.0701684
-0.0754906
0.208839
-0.0608411
0.208839
0.208839
-0.0677491
0.208839
-0.0732916
-0.0792293
0.208839
-0.0852573
0.208839
0.208839
-0.0862375
-0.0863367
0.208839
0.208839
-0.0874554
0.208839
-0.0684068
-0.0689279
0.208839
-0.0824539
0.208839
0.208839
-0.0856775
-0.0853567
0.208839
-0.0864517
0.208839
-0.0862446
0.208839
-0.0846732
0.208839
-0.0783595
0.208839
-0.0749069
0.208839
-0.0719448
0.208839
0.208839
-0.0803055
-0.0750768
0.208839
-0.0886845
0.208839
-0.0720637
0.208839
0.208839
-0.0657431
0.208839
-0.0643176
0.208839
-0.0629088
0.208839
-0.0633699
-0.0643988
0.208839
0.208839
-0.0694374
0.208839
-0.073846
0.208839
-0.0771358
0.208839
-0.0811351
0.208839
-0.082527
-0.0831605
0.208839
-0.0845728
0.208839
0.208839
-0.0851675
-0.0862707
0.208839
-0.0876228
0.208839
-0.0880218
0.206302
-0.088059
0.195308
-0.0880827
0.190783
-0.0880228
0.180771
-0.08798
0.182682
-0.0878287
0.174512
-0.0875108
0.159621
-0.0865261
0.143718
-0.0808029
0.109835
0.091047
-0.098159
-0.0935335
0.0728181
-0.0720352
0.0340786
-0.0667438
0.0157311
0.00119776
-0.0648904
-0.0590553
-0.0278793
-0.0566969
-0.0398398
-0.0554068
-0.0473645
-0.0543794
-0.0623798
-0.0547413
-0.068059
-0.071173
-0.0561055
-0.077434
-0.0605788
-0.0797883
-0.0637284
-0.0671887
-0.0810583
-0.0834031
-0.0729064
-0.0749025
-0.084288
-0.0847725
-0.0761552
-0.0856114
-0.0787631
-0.085835
-0.0797833
-0.0858825
-0.0805985
-0.0857928
-0.081978
-0.0823849
-0.0856767
-0.0855037
-0.0825431
-0.0831815
-0.0850708
-0.0848166
-0.0834481
-0.083593
-0.0845459
-0.0838877
-0.0837284
-0.0833845
-0.0835295
-0.0822712
-0.0831786
-0.082479
-0.0781343
-0.0758302
-0.0821294
-0.0818102
-0.0736434
-0.0809841
-0.0676659
-0.0647179
-0.0805475
-0.08014
-0.0622464
-0.0797129
-0.0572703
-0.0552986
-0.0798015
-0.0798469
-0.0539844
-0.0770594
-0.0523418
-0.0522291
-0.0779318
-0.0527254
-0.0776448
-0.0553464
-0.0718523
-0.0769975
-0.0576005
-0.0598345
-0.0725508
-0.064553
-0.0762174
-0.07338
-0.0665604
-0.0679951
-0.0718965
-0.0749438
-0.0706461
-0.0718122
-0.0716709
-0.0723471
-0.074049
-0.073719
-0.0707417
-0.0745766
-0.0742748
-0.0746447
-0.0718739
-0.075261
-0.07112
-0.0754829
-0.0729146
-0.0720282
-0.075628
-0.0758658
-0.0703804
-0.0759328
-0.0698112
-0.0759182
-0.0691844
-0.0680658
-0.0747657
-0.067791
-0.0734745
-0.0718024
-0.0675278
-0.0672748
-0.0665551
-0.0660394
-0.0648755
-0.065673
-0.0626538
-0.064955
-0.0579069
-0.0645674
-0.0558093
-0.054132
-0.0640788
-0.0513805
-0.062735
-0.0504222
-0.0622512
-0.0500244
-0.0619056
-0.0500806
-0.0609249
-0.0603143
-0.0507145
-0.0518135
-0.0594788
-0.0546602
-0.0583365
-0.0559293
-0.0579689
-0.0573579
-0.0569522
-0.0588513
-0.0558535
-0.0551919
-0.0595971
-0.0545803
-0.060178
-0.0532776
-0.0611964
-0.0615888
-0.0525431
-0.061856
-0.0516808
-0.0501269
-0.0623052
-0.0494028
-0.06246
-0.062547
-0.0488815
-0.0472669
-0.0626161
-0.0625966
-0.0463564
-0.045642
-0.0625571
-0.0622535
-0.0441465
-0.0617579
-0.0432956
-0.0609478
-0.0424073
-0.0408452
-0.0583487
-0.0568292
-0.0400403
-0.0552847
-0.03915
-0.0518598
-0.0393403
-0.0388041
-0.0502127
-0.0487557
-0.0379259
-0.0374213
-0.0460244
-0.0367164
-0.0448997
-0.0356868
-0.044073
-0.0429279
-0.0355113
-0.0427487
-0.0356188
-0.0427444
-0.0356676
-0.0433165
-0.0339559
-0.0439115
-0.0333589
-0.0443263
-0.0332573
-0.0449698
-0.0324838
-0.0452242
-0.0315716
-0.0454138
-0.0306612
-0.0289082
-0.04567
-0.045727
-0.0280181
-0.0457334
-0.0271869
-0.0456425
-0.0254511
-0.0455448
-0.0245796
-0.0454162
-0.0237458
-0.0220281
-0.0451582
-0.0447817
-0.0211872
-0.0445314
-0.0203866
-0.0440585
-0.0187797
-0.0436124
-0.0179854
-0.0172404
-0.0430513
-0.0415859
-0.0157186
-0.0149809
-0.0408643
-0.0399251
-0.0142887
-0.012934
-0.0377767
-0.0122934
-0.0367079
-0.035701
-0.0116885
-0.033596
-0.0105307
-0.0326879
-0.00999108
-0.0319212
-0.00948159
-0.00853607
-0.0304852
-0.0299774
-0.00818435
-0.0294738
-0.00818385
-0.00736662
-0.0285884
-0.028342
-0.0070153
-0.00670156
-0.0281759
-0.0063091
-0.0274075
-0.0270349
-0.00631302
-0.0266769
-0.00632042
-0.00600633
-0.0257752
-0.0253324
-0.00600427
-0.00600379
-0.024831
-0.00576747
-0.0237602
-0.0232286
-0.00575563
-0.0226675
-0.00573527
-0.0214775
-0.00544647
-0.0208479
-0.00534159
-0.00526765
-0.0201817
-0.0188346
-0.00519955
-0.0181253
-0.00521219
-0.0174297
-0.00522683
-0.0160391
-0.00539204
-0.00548663
-0.0153559
-0.0146874
-0.00559144
-0.013425
-0.00581927
-0.00594049
-0.0128206
-0.0122476
-0.00606421
-0.00633081
-0.0111044
-0.0105612
-0.00647284
-0.00661256
-0.0100448
-0.00691139
-0.00897365
-0.00706083
-0.00842326
-0.00786062
-0.00719079
-0.00667105
-0.00742326
-0.00606627
-0.0075218
-0.00760433
-0.00544935
-0.00774623
-0.0041426
-0.00352166
-0.00780187
-0.00293791
-0.00784475
-0.00178129
-0.0078888
-0.00789911
-0.00123
-0.00786508
-0.000714243
-0.00773983
0.000268961
-0.00765435
0.000734933
-0.00753581
0.00113247
0.0018844
-0.00727829
0.00218781
-0.00710281
0.00246922
-0.00693446
-0.00653211
0.00294053
0.00314582
-0.00628992
-0.00600445
0.00329833
-0.00533789
0.00351992
0.00357688
-0.00497097
0.00352004
-0.00460657
-0.00374377
0.00340568
0.00331447
-0.00330622
0.00321763
-0.00281492
0.00297772
-0.00216319
-0.00216257
0.00285701
0.00272938
-0.00216474
-0.00118845
0.00245162
-0.000649687
0.00230164
-0.000680035
0.00214667
0.00178674
-0.000687928
0.00156669
0.000166343
0.00131404
-0.00023535
8.61704e-05
0.000673915
8.98872e-05
0.00032014
0.000663999
-2.4277e-05
0.00190493
-0.000747294
-0.00110914
0.00181938
-0.00146112
0.00296717
-0.00218771
0.00310461
0.00418356
-0.00255292
0.00487754
-0.002902
-0.003622
0.00517381
0.00644457
-0.00397237
-0.00428997
0.0071092
0.00736303
-0.00489786
-0.00517631
0.00875959
0.00943227
-0.00542762
-0.00589638
0.0114651
-0.00608534
0.0124078
-0.00622158
0.0136926
-0.00637144
0.0146283
-0.00637194
0.0162224
-0.00636797
0.0172752
-0.00625827
0.0195139
-0.0061647
0.02092
-0.00609026
0.0223813
-0.00593133
0.025439
-0.00586884
0.0269285
-0.00578889
0.0288224
-0.00565111
0.0322949
0.0343117
-0.00559425
0.0361075
-0.00555557
0.0403987
-0.00542601
-0.00538266
0.0425214
0.0450104
-0.0052932
-0.00500966
0.0499407
-0.00482561
0.0523676
0.0553259
-0.00458659
0.0609329
-0.00406578
-0.00373444
0.0640948
0.0670935
-0.00341834
0.074052
-0.00268766
0.0772856
-0.00227784
-0.00187591
0.0812685
0.0889692
-0.000968453
-0.000415037
0.0930083
0.000144281
0.096954
0.105916
0.00137354
0.110228
0.00204313
0.00273794
0.115179
0.124787
0.00382958
0.00436046
0.129912
0.135206
0.00487625
0.00562531
0.145604
0.00594511
0.151168
0.00626982
0.157237
0.00711165
0.16826
0.0074095
0.17389
0.00783893
0.17972
0.192122
0.00890687
0.198003
0.00950566
0.0100993
0.203738
0.204625
0.0119573
0.203406
0.012909
0.0141108
0.203995
0.203997
0.0167234
0.203414
0.0180644
0.203526
0.019576
0.0225855
0.203621
0.0240069
0.203638
0.0256796
0.203646
0.203652
0.0291674
0.203653
0.0312088
0.0329285
0.203654
0.203655
0.0371825
0.0391787
0.205751
0.21145
0.0415602
0.0463981
0.212029
0.211254
0.0486949
0.211533
0.0515864
0.0562165
0.211573
0.0584923
0.211397
0.060654
0.211421
0.0643244
0.223124
0.22879
0.0656786
0.0672783
0.229016
0.0702341
0.227022
0.0718263
0.227433
0.227457
0.0736414
0.0773933
0.230647
0.0793817
0.236253
0.241549
0.0818316
0.0874958
0.251299
0.0913343
0.249401
0.247491
0.094979
0.257933
0.103946
0.262727
0.108692
0.113383
0.262932
0.122821
0.264045
0.268388
0.127779
0.133304
0.272262
0.143887
0.27899
0.282254
0.149308
0.285102
0.1548
0.290384
0.165499
0.288584
0.171435
0.292086
0.177483
0.293186
0.188735
0.19434
0.293446
0.293713
0.199934
0.210918
0.292706
0.292756
0.215637
0.29289
0.219977
0.226954
0.289276
0.28669
0.229824
0.283625
0.232189
0.236868
0.279711
0.238528
0.279393
0.279035
0.24008
0.242555
0.279258
0.27767
0.243632
0.244765
0.273751
0.264129
0.247402
0.248476
0.260498
0.260528
0.249547
0.256596
0.251135
0.251745
0.2504
0.2521
0.243594
0.251826
0.229006
0.221125
0.250989
0.212994
0.249838
0.195275
0.246611
0.2445
0.185933
0.176613
0.242006
0.156738
0.235795
0.14656
0.232107
0.136711
0.228172
0.116017
0.219208
0.214183
0.105754
0.0961137
0.208904
0.197184
0.076214
0.0666277
0.190928
0.184627
0.0579196
0.0403796
0.171234
0.164376
0.0321025
0.157659
0.0248132
0.0102931
0.14371
0.00370538
0.13672
-0.00187025
0.13
0.116003
-0.0128765
-0.017841
0.108991
0.102244
-0.0219831
-0.0300567
0.0879318
0.0807146
-0.0336189
0.0737302
-0.0365327
-0.042046
0.0586591
0.0511577
-0.0444403
-0.0463761
0.0442818
-0.0500851
0.0305392
-0.0517013
0.0241259
-0.0530054
0.0184461
-0.0554077
0.00717111
0.00195873
-0.0564413
-0.00255037
-0.057271
-0.0114337
-0.0587942
-0.059392
-0.0154181
-0.0187918
-0.0598281
-0.0253466
-0.0605989
-0.0609253
-0.0282713
-0.0307512
-0.0611509
-0.0615092
-0.0355844
-0.0616716
-0.0376432
-0.039204
-0.0617836
-0.0619435
-0.0410467
-0.0413962
-0.0620447
-0.0621051
-0.0413544
-0.0621495
-0.0405704
-0.0606477
-0.0399864
-0.0601144
-0.0393511
-0.0380211
-0.0621886
-0.0631619
-0.0374643
-0.0370618
-0.0619001
-0.06094
-0.036729
-0.0593603
-0.0368323
-0.0372075
-0.0614432
-0.0628859
-0.0385624
-0.0616273
-0.0395624
-0.0608076
-0.0407842
-0.0431035
-0.0605318
-0.0440577
-0.0604749
-0.0448781
-0.060412
-0.0464765
-0.0602657
-0.0601742
-0.0471532
-0.0476964
-0.060105
-0.0600357
-0.0486922
-0.0491092
-0.0599765
-0.0599147
-0.0494374
-0.0597944
-0.0500643
-0.0503393
-0.0597712
-0.0597494
-0.050596
-0.0596263
-0.0510881
-0.0595228
-0.0512682
-0.0594228
-0.0513833
-0.0592832
-0.0507895
-0.0501513
-0.05922
-0.0591491
-0.0493182
-0.0470989
-0.0591371
-0.0591701
-0.0458659
-0.059194
-0.044617
-0.0421907
-0.0592322
-0.0592842
-0.041144
-0.0593782
-0.0402724
-0.0389181
-0.0595551
-0.0384878
-0.0595959
-0.0383286
-0.0595933
-0.0384712
-0.0597765
-0.0388668
-0.0598746
-0.0599487
-0.0394926
-0.060264
-0.0410023
-0.0604571
-0.0416412
-0.0421908
-0.0606148
-0.0609634
-0.0434572
-0.0440331
-0.0611611
-0.061335
-0.0445049
-0.0454206
-0.0617848
-0.0620271
-0.0458583
-0.0622563
-0.0462708
-0.062761
-0.0471293
-0.0630109
-0.0475896
-0.0633092
-0.0480461
-0.0638703
-0.0489928
-0.0494146
-0.0641187
-0.0643531
-0.0498107
-0.0649175
-0.0498337
-0.0495231
-0.065204
-0.0654366
-0.0489731
-0.0661138
-0.0471643
-0.0460965
-0.0664802
-0.0667929
-0.0450205
-0.042732
-0.067532
-0.0679346
-0.0416744
-0.0682544
-0.0407705
-0.068843
-0.0393682
-0.0690529
-0.0388984
-0.0692481
-0.0387302
-0.0698635
-0.039146
-0.0702048
-0.0398372
-0.0408051
-0.0705349
-0.0711502
-0.0432187
-0.0714823
-0.0447094
-0.0717491
-0.0460088
-0.0725689
-0.0482014
-0.0728967
-0.0491974
-0.0731386
-0.050167
-0.0735522
-0.052175
-0.073695
-0.0532556
-0.0737444
-0.0541973
-0.0742324
-0.0560349
-0.0569092
-0.074524
-0.0747429
-0.0577615
-0.0593069
-0.0750851
-0.0752075
-0.0601528
-0.0609206
-0.0753655
-0.0759251
-0.0621145
-0.062084
-0.0761404
-0.0616281
-0.0762973
-0.0593778
-0.0765074
-0.0578908
-0.0765434
-0.0765274
-0.0563653
-0.0528315
-0.0765478
-0.0511749
-0.0795649
-0.0801351
-0.0497894
-0.0760158
-0.0473926
-0.0465552
-0.0790425
-0.0795062
-0.0462094
-0.0776217
-0.0462498
-0.0468923
-0.0782984
-0.0480898
-0.0758985
-0.051667
-0.0729079
-0.053876
-0.078573
-0.056029
-0.0740601
-0.0592137
-0.0767353
-0.0688322
-0.0608228
-0.0621627
-0.0900772
-0.09968
-0.0647394
-0.104595
-0.0658121
-0.0666545
-0.105065
-0.112485
-0.0686592
-0.0696212
-0.10603
-0.0703169
-0.0992047
-0.071719
-0.0937527
-0.0956657
-0.0723637
-0.0729728
-0.096315
-0.09534
-0.0741531
-0.0912428
-0.0742588
-0.0879255
-0.0735349
-0.0856054
-0.0701436
-0.0840166
-0.0679996
-0.0831177
-0.0657771
-0.0815621
-0.0607908
-0.0584287
-0.0808603
-0.0564604
-0.0802531
-0.0528147
-0.0790464
-0.0514839
-0.0784802
-0.050732
-0.0780099
-0.0502273
-0.0770095
-0.0507422
-0.07651
-0.051649
-0.0761264
-0.0752977
-0.0548466
-0.0571275
-0.0749259
-0.0746024
-0.0592296
-0.0628518
-0.0738828
-0.0644841
-0.0735656
-0.0658198
-0.0732778
-0.0726719
-0.0681695
-0.0723618
-0.069099
-0.0697894
-0.0720785
-0.0714283
-0.0711364
-0.07109
-0.0717382
-0.0721648
-0.0707815
-0.0701138
-0.0729709
-0.0733018
-0.0698041
-0.0735488
-0.0695069
-0.0688531
-0.0740354
-0.0685284
-0.0740851
-0.0682375
-0.0737029
-0.0676246
-0.0710472
-0.0673302
-0.069193
-0.0670506
-0.0672088
-0.0624004
-0.0663695
-0.0600448
-0.0660174
-0.0656811
-0.0580017
-0.066568
-0.0540121
-0.0524061
-0.0651955
-0.0512626
-0.065022
-0.0652687
-0.0498106
-0.0660826
-0.049599
-0.0499063
-0.0647612
-0.0515397
-0.0625571
-0.0637552
-0.0528468
-0.064039
-0.0545034
-0.061377
-0.0575613
-0.0587468
-0.0617721
-0.059682
-0.0610841
-0.0599177
-0.061445
-0.0621834
-0.0595519
-0.0627502
-0.0592662
-0.05876
-0.0637491
-0.0641585
-0.0586604
-0.0644419
-0.058242
-0.0573007
-0.0649782
-0.065157
-0.056839
-0.0563984
-0.0652739
-0.0654453
-0.0554538
-0.0655117
-0.0549798
-0.0655338
-0.0545273
-0.0642812
-0.0535534
-0.063161
-0.0530669
-0.0618021
-0.052605
-0.0516137
-0.0583228
-0.0564974
-0.051104
-0.0547769
-0.0506106
-0.051233
-0.0495511
-0.0490122
-0.0496563
-0.0484949
-0.0483619
-0.0462598
-0.0473859
-0.04691
-0.0455252
-0.0463601
-0.0452246
-0.0464364
-0.0451619
-0.0455272
-0.045663
-0.0462092
-0.0448579
-0.0443131
-0.0478041
-0.0484497
-0.0436445
-0.0429128
-0.0489548
-0.0418165
-0.0499346
-0.0412964
-0.0503518
-0.0506623
-0.0406419
-0.0392451
-0.0511537
-0.0513219
-0.0385748
-0.0380138
-0.0514253
-0.0515346
-0.0365346
-0.0515285
-0.0358555
-0.0514808
-0.0352784
-0.0336995
-0.0513119
-0.0329709
-0.0511847
-0.0510338
-0.0322745
-0.0306912
-0.0502277
-0.0299328
-0.0494487
-0.0291184
-0.048488
-0.0462152
-0.0274949
-0.0266747
-0.0450059
-0.0258737
-0.0437892
-0.0412877
-0.0241733
-0.040141
-0.0233336
-0.0391577
-0.022517
-0.0207448
-0.0373406
-0.0198335
-0.0365707
-0.0189691
-0.0360079
-0.017162
-0.0352646
-0.0162505
-0.035044
-0.0153457
-0.0349796
-0.0136059
-0.0351665
-0.0127172
-0.0352735
-0.0352874
-0.0118441
-0.010113
-0.0351448
-0.0350402
-0.00921663
-0.00838103
-0.0347778
-0.0345227
-0.00672045
-0.00590285
-0.0342518
-0.0339013
-0.00512828
-0.0332807
-0.00359214
-0.00285504
-0.0330268
-0.0021596
-0.0326423
-0.0318091
-0.00079161
-0.0314404
-0.000141715
-0.0309745
0.000455366
-0.0298267
0.00159172
-0.0292486
0.00210534
-0.0285632
0.00256823
0.00339682
-0.0270843
0.00376603
-0.0263103
0.00407623
-0.0255913
0.00464475
-0.0240108
-0.023232
0.00487063
0.00504975
-0.0225088
-0.021083
0.00527782
0.00531861
-0.0204189
-0.0197927
0.00532257
0.0051878
-0.0185616
0.00508173
-0.0179461
0.00491805
-0.0173857
0.00453532
-0.0162085
0.00428128
-0.0155677
-0.014949
0.0040268
0.00331433
-0.0135941
-0.0129009
0.00291564
0.00252817
-0.0122632
0.00167148
-0.0108551
0.00122264
-0.0101851
0.000780607
-0.00951581
-0.00811676
-0.000153066
-0.000626207
-0.00744078
-0.00677162
-0.0011023
-0.00213538
-0.00539851
-0.00472515
-0.00265532
-0.00314344
-0.004082
-0.0028099
-0.00413645
0.208839
0.245678
0.208839
0.245678
0.212675
0.208839
0.201642
0.208839
0.191236
0.208839
0.208839
0.168618
0.208839
0.156936
0.208839
0.145672
0.208839
0.121706
0.208839
0.109605
0.208839
0.0979835
0.208839
0.0721403
0.0588762
0.208839
0.0466391
0.208839
0.0189469
0.208839
0.208839
0.0047553
-0.00722695
0.208839
-0.030917
0.208839
-0.0420829
0.208839
-0.0495895
0.208839
-0.0463705
0.208839
-0.0536812
0.208839
0.208839
-0.062777
-0.0757326
0.208839
-0.0822105
0.208839
-0.0834471
0.208839
-0.0849966
0.208839
-0.0861801
0.208839
-0.0869266
0.208839
-0.0664762
0.208839
-0.0693317
0.208839
0.208839
-0.0760708
-0.0756874
0.208839
-0.0730999
0.208839
0.208839
-0.0703824
-0.0820457
0.208839
-0.0764115
0.208839
-0.067811
0.208839
-0.0597561
0.208839
0.208839
-0.0577336
0.208839
-0.0568153
-0.056002
0.208839
-0.0565567
0.208839
-0.0582103
0.208839
-0.0633125
0.208839
-0.0667583
0.208839
-0.0704971
0.208839
-0.0784918
0.208839
0.208839
-0.0811988
-0.0820175
0.208839
0.208839
-0.0842267
0.208839
-0.0853016
-0.0858462
0.208839
-0.0865197
0.208839
-0.0867451
0.208839
0.208839
-0.0894216
0.208839
-0.0900398
-0.0890667
0.208839
0.208839
-0.0883978
0.208839
-0.0887973
0.208839
-0.0888698
0.208839
-0.0886894
0.208839
-0.0839569
-0.0806322
0.208839
0.208839
-0.0775188
0.208839
-0.0695315
0.208839
-0.065863
0.208839
-0.0633044
0.208839
-0.0741352
0.208839
-0.0697901
0.208839
-0.0634249
0.208839
-0.0584554
0.208839
-0.0576324
0.208839
-0.0582076
0.208839
-0.0604288
0.208839
-0.0625235
-0.0657187
0.208839
0.208839
-0.0745497
0.206302
-0.0771401
0.195307
-0.0779267
0.190784
-0.0806955
0.180774
-0.0817341
-0.0823594
0.182685
0.174514
-0.0841677
0.159624
-0.0848373
-0.0850861
0.143723
0.109838
-0.0854794
0.0910314
-0.0856173
-0.0856259
0.0727589
0.0340777
-0.0857202
0.0157404
-0.0856634
-0.0856442
0.00133115
-0.0847407
-0.0278156
-0.0829042
-0.0398001
-0.0474157
-0.08031
-0.0623339
-0.0733055
-0.0680356
-0.0697976
-0.071121
-0.0668945
-0.0773818
-0.0605646
-0.0579406
-0.0797587
-0.0561357
-0.0810319
-0.053257
-0.0833757
-0.0524984
-0.0842671
-0.0526397
-0.0847617
-0.0856053
-0.0541344
-0.0560624
-0.085819
-0.0585555
-0.0858498
-0.0857611
-0.0648679
-0.0856522
-0.067733
-0.0698366
-0.0854812
-0.085049
-0.0738043
-0.0847973
-0.0755147
-0.0845329
-0.0766347
-0.0838905
-0.0786028
-0.0835428
-0.0793467
-0.0832073
-0.0798184
-0.0824818
-0.080767
-0.0811383
-0.0821134
-0.0813317
-0.0817808
-0.0816615
-0.0809597
-0.0817744
-0.0805262
-0.0801202
-0.0817679
-0.0792025
-0.081629
-0.078732
-0.0811208
-0.0799173
-0.078295
-0.0752975
-0.0773298
-0.0725915
-0.076843
-0.076388
-0.0699609
-0.0753917
-0.0639817
-0.0612468
-0.0748846
-0.0590528
-0.0744186
-0.0746465
-0.0550319
-0.0723142
-0.0535813
-0.071111
-0.0528252
-0.0731496
-0.0523911
-0.0530157
-0.07306
-0.0731415
-0.053953
-0.0707706
-0.0571659
-0.0711225
-0.059469
-0.0614646
-0.070602
-0.0645857
-0.068543
-0.0696081
-0.0658484
-0.0680947
-0.0668159
-0.0687667
-0.0667297
-0.0662749
-0.0695419
-0.0657978
-0.0700948
-0.0644849
-0.0710602
-0.0641163
-0.0714286
-0.0636936
-0.0716505
-0.0624005
-0.07198
-0.0619375
-0.0720836
-0.0721086
-0.0614682
-0.0720973
-0.0606682
-0.0719451
-0.0600798
-0.0592489
-0.0715449
-0.0581281
-0.0690213
-0.0673264
-0.0577702
-0.057167
-0.0655012
-0.0556806
-0.0611289
-0.0589574
-0.0561029
-0.056304
-0.0570272
-0.0553357
-0.0531988
-0.0542558
-0.0515992
-0.0547116
-0.0503881
-0.0541982
-0.0486574
-0.0482359
-0.053953
-0.0531977
-0.0482598
-0.0512718
-0.0490984
-0.0509076
-0.0499361
-0.0510433
-0.0509283
-0.0531172
-0.0490347
0.208839
0.245678
0.208839
0.245678
0.208839
0.212775
0.208839
0.20178
0.191417
0.208839
0.208839
0.168832
0.208839
0.157163
0.145925
0.208839
0.12187
0.208839
0.208839
0.109757
0.208839
0.0981027
0.208839
0.0720142
0.0586258
0.208839
0.0461965
0.208839
0.208839
0.0182152
0.00402852
0.208839
0.208839
-0.00742614
0.208839
-0.031119
0.208839
-0.0423025
0.208839
-0.0497721
-0.0465498
0.208839
-0.0538268
0.208839
-0.0628954
0.208839
-0.0757387
0.208839
0.208839
-0.0821833
0.208839
-0.083429
-0.0850357
0.208839
0.208839
-0.0862069
0.208839
-0.0869361
0.208839
-0.0665178
-0.0693276
0.208839
0.208839
-0.0759212
0.208839
-0.074989
-0.07224
0.208839
-0.0694854
0.208839
0.208839
-0.080991
-0.0754619
0.208839
0.208839
-0.0671048
-0.0593664
0.208839
0.208839
-0.0575096
0.208839
-0.0567453
0.208839
-0.0563094
0.208839
-0.057406
0.208839
-0.0590463
-0.0644194
0.208839
0.208839
-0.0683362
0.208839
-0.0716684
-0.0791297
0.208839
0.208839
-0.0817139
0.208839
-0.08256
0.208839
-0.0845906
0.208839
-0.0855581
0.208839
-0.0860461
0.208839
-0.0866345
0.208839
-0.0868302
0.208839
-0.0896173
0.208839
-0.090041
0.208839
-0.089046
-0.0884224
0.208839
-0.0888333
0.208839
0.208839
-0.0888551
-0.0885683
0.208839
-0.0829284
0.208839
0.208839
-0.079359
0.208839
-0.0762632
-0.0684141
0.208839
0.208839
-0.0649288
-0.0625557
0.208839
0.208839
-0.0733415
0.208839
-0.0691382
-0.0629107
0.208839
-0.0584009
0.208839
-0.0578176
0.208839
0.208839
-0.0585689
0.208839
-0.0612833
0.208839
-0.0636906
-0.067088
0.208839
-0.0753092
0.208839
-0.0777881
0.206302
-0.078611
0.195307
-0.0811784
0.190783
-0.0820981
0.18077
-0.0827325
0.182682
-0.0844067
0.17451
0.159617
-0.08502
-0.0852371
0.143703
0.109858
-0.0855571
0.0910537
-0.0856646
0.0727556
-0.0856723
-0.0857479
0.0340603
0.0157367
-0.0856778
-0.0856658
0.00136777
-0.084012
-0.0278424
-0.0818864
-0.0398176
-0.0792301
-0.0472917
-0.0721252
-0.0622728
-0.0686614
-0.067967
-0.0657924
-0.0711158
-0.0597245
-0.0773906
-0.0572435
-0.0797442
-0.0555493
-0.0810092
-0.0530239
-0.0833832
-0.0842786
-0.0523995
-0.0847763
-0.0526639
-0.0856122
-0.0548811
-0.0858243
-0.0566529
-0.0590117
-0.0858559
-0.0857668
-0.0658525
-0.0689369
-0.0856573
-0.0707907
-0.0854846
-0.0850526
-0.0744032
-0.0847994
-0.0760161
-0.0845345
-0.0770866
-0.0789271
-0.0838917
-0.0835428
-0.0796256
-0.0800692
-0.0832076
-0.082483
-0.0809428
-0.0812869
-0.0821134
-0.0817791
-0.081465
-0.081754
-0.0809592
-0.0805268
-0.0818479
-0.0801233
-0.0818282
-0.0814614
-0.0792036
-0.0806317
-0.0787324
-0.0791156
-0.078293
-0.0741548
-0.0773292
-0.0713722
-0.0768432
-0.0687781
-0.0763931
-0.0753929
-0.0628489
-0.0601917
-0.0748852
-0.0744179
-0.0580997
-0.0544306
-0.074646
-0.0531449
-0.0723137
-0.0525539
-0.0711106
-0.0525337
-0.0731559
-0.0533504
-0.0730663
-0.0544866
-0.0731475
-0.0580243
-0.0707755
-0.0604502
-0.0714021
-0.0621715
-0.0706167
-0.0651581
-0.0685696
-0.0663783
-0.069645
-0.0681261
-0.0673095
-0.0691673
-0.0667568
-0.0662991
-0.0699061
-0.0704327
-0.0658145
-0.0713294
-0.0645008
-0.0641311
-0.0716673
-0.0637077
-0.0718654
-0.0721507
-0.0624127
-0.0722377
-0.0619478
-0.0722484
-0.0614766
-0.0722102
-0.0606759
-0.060087
-0.0719816
-0.0713812
-0.0592562
-0.0685167
-0.0581341
-0.0667154
-0.0577767
-0.0648306
-0.0571733
-0.0577225
-0.060385
-0.0582149
-0.0570287
-0.0561106
-0.0563184
-0.0526322
-0.0567731
-0.0559942
-0.05113
-0.0549633
-0.0500199
-0.0485254
-0.0557644
-0.048371
-0.0549026
-0.0484305
-0.0541431
-0.0495085
-0.0539481
-0.0505805
-0.0530189
-0.0526485
-0.0516847
-0.0534438
-0.051207
-0.0504947
-0.0542026
-0.0498522
-0.0548148
-0.0559014
-0.0483743
-0.047527
-0.0563289
-0.056673
-0.0466304
-0.0572787
-0.0450355
-0.0574839
-0.0443158
-0.0434823
-0.0576027
-0.0577238
-0.041765
-0.0577195
-0.0409939
-0.0401531
-0.0576673
-0.0574601
-0.0382775
-0.0573008
-0.0373831
-0.0571173
-0.0365105
-0.0557228
-0.0347312
-0.0338719
-0.0547037
-0.0329907
-0.0535446
-0.0311839
-0.0507033
-0.0303225
-0.0492312
0.208839
0.245678
0.208839
0.245678
0.208839
0.212916
0.201976
0.208839
0.19166
0.208839
0.208839
0.16909
0.208839
0.15746
0.146208
0.208839
0.208839
0.12208
0.109859
0.208839
0.0980615
0.208839
0.208839
0.0714468
0.0581955
0.208839
0.208839
0.0456692
0.0169306
0.208839
0.00286224
0.208839
-0.00842802
0.208839
0.208839
-0.031912
0.208839
-0.0429865
0.208839
-0.0505568
0.208839
-0.0468789
-0.0540277
0.208839
0.208839
-0.0630749
0.208839
-0.0759242
0.208839
-0.0822092
0.208839
-0.0830879
0.208839
-0.0850458
0.208839
-0.0863056
-0.0869581
0.208839
0.208839
-0.0877995
-0.0874075
0.208839
0.208839
-0.0853639
-0.0778183
0.208839
-0.0741251
0.208839
0.208839
-0.0712003
0.208839
-0.0637833
-0.0605613
0.208839
0.208839
-0.0583701
-0.0543961
0.208839
0.208839
-0.0532088
-0.0530282
0.208839
-0.0541257
0.208839
-0.055862
0.208839
-0.0579115
0.208839
-0.0641663
0.208839
0.208839
-0.0683323
-0.0717053
0.208839
0.208839
-0.0794172
-0.0819453
0.208839
0.208839
-0.0826709
-0.0846738
0.208839
-0.0856405
0.208839
-0.0861239
0.208839
0.208839
-0.0866738
-0.087911
0.208839
-0.0906856
0.208839
0.208839
-0.0891682
0.208839
-0.0882925
0.208839
-0.0884721
0.208839
-0.0890058
0.208839
-0.088665
-0.0877178
0.208839
-0.0815076
0.208839
-0.0778939
0.208839
0.208839
-0.0748703
-0.0670408
0.208839
0.208839
-0.0638403
0.208839
-0.0615312
-0.0724589
0.208839
0.208839
-0.0684717
0.208839
-0.0624829
0.208839
-0.0584805
0.208839
-0.0582524
-0.0591775
0.208839
0.208839
-0.0622353
0.208839
-0.0649475
-0.0687306
0.208839
-0.0765719
0.208839
0.206302
-0.0787714
0.195307
-0.0794402
0.190782
-0.0817334
0.180768
-0.0825315
-0.083502
0.18268
-0.0847433
0.174507
-0.0851805
0.159616
-0.0853801
0.143716
0.109837
-0.0856637
0.0910243
-0.0857347
0.0726857
-0.0857368
0.0340147
-0.0857831
-0.0856954
0.0157441
-0.0857023
0.00155101
-0.027637
-0.0834874
-0.081166
-0.0396533
-0.0784399
-0.0472095
-0.062186
-0.0713034
-0.0678419
-0.0678951
-0.0710424
-0.0650141
-0.0591325
-0.0773376
-0.0567403
-0.0797038
-0.0809638
-0.055142
-0.0528613
-0.0833549
-0.0523639
-0.0842504
-0.0527271
-0.084744
-0.0552175
-0.0855926
-0.0858086
-0.0571141
-0.085842
-0.0595651
-0.0857569
-0.0665969
-0.0856488
-0.0696262
-0.0713222
-0.0854762
0.208839
0.245678
0.208839
0.245678
0.208839
0.212786
0.208839
0.201791
0.208839
0.191402
0.168848
0.208839
0.157177
0.208839
0.208839
0.145936
0.121883
0.208839
0.109721
0.208839
0.097964
0.208839
0.208839
0.0718973
0.058526
0.208839
0.0461356
0.208839
0.0181152
0.208839
0.00372128
0.208839
-0.00776202
0.208839
0.208839
-0.0313477
-0.0425011
0.208839
-0.0500445
0.208839
-0.0465621
0.208839
0.208839
-0.0538349
-0.0629468
0.208839
-0.0759198
0.208839
0.208839
-0.0822913
-0.0832376
0.208839
-0.0850602
0.208839
-0.0862908
0.208839
-0.0869663
0.208839
-0.0878572
0.208839
0.208839
-0.0876244
0.208839
0.245678
0.245678
0.208839
0.208839
0.212726
0.201716
0.208839
0.191319
0.208839
0.16874
0.208839
0.157059
0.208839
0.145816
0.208839
0.121832
0.208839
0.109708
0.208839
0.0980388
0.208839
0.072069
0.208839
0.208839
0.0587389
0.0464037
0.208839
0.208839
0.0185315
0.00413616
0.208839
-0.00738719
0.208839
-0.0310084
0.208839
0.208839
-0.0421864
-0.0497866
0.208839
-0.0464725
0.208839
0.208839
-0.0537748
0.208839
-0.0628925
-0.0759323
0.208839
-0.0822626
0.208839
-0.0832128
0.208839
-0.0850299
0.208839
0.208839
-0.0862768
-0.0869607
0.208839
-0.0664827
0.208839
0.208839
-0.0692788
0.208839
-0.0758199
-0.0750283
0.208839
0.208839
-0.0723473
-0.0696299
0.208839
0.208839
-0.0812046
0.208839
-0.0756498
0.208839
-0.0672239
0.208839
-0.0594198
-0.0575197
0.208839
-0.0567175
0.208839
-0.0561819
0.208839
0.208839
-0.0572398
0.208839
-0.0588477
-0.0641545
0.208839
-0.0680299
0.208839
0.208839
-0.0714348
-0.0789516
0.208839
-0.0815982
0.208839
-0.0824584
0.208839
-0.0845098
0.208839
0.208839
-0.0855021
-0.0859917
0.208839
-0.0866108
0.208839
-0.0868178
0.208839
0.208839
-0.0895868
-0.0900388
0.208839
0.208839
-0.089036
0.208839
-0.0884097
0.208839
-0.0888237
-0.0888892
0.208839
-0.0887001
0.208839
0.208839
-0.0833241
-0.0797949
0.208839
-0.0766545
0.208839
0.208839
-0.068663
0.208839
-0.065108
0.208839
-0.0627054
-0.0735366
0.208839
-0.0692991
0.208839
-0.0630501
0.208839
-0.0583961
0.208839
-0.0578873
0.208839
-0.0584244
0.208839
0.208839
-0.0613025
0.208839
-0.0636373
-0.0666846
0.208839
-0.0752804
0.208839
-0.0777459
0.206302
0.195307
-0.0784558
0.190784
-0.0810414
0.180774
-0.0819978
-0.0826141
0.182685
-0.0843528
0.174514
-0.0849809
0.159625
-0.0851871
0.143731
0.109839
-0.0855317
0.0910291
-0.0856502
0.0727123
-0.0856583
-0.0857411
0.0340327
-0.0856722
0.0157083
0.00132651
-0.0856592
-0.0840959
-0.0278553
-0.0820083
-0.0398347
-0.0793335
-0.0474417
-0.062312
-0.0722921
-0.0688219
-0.0679893
-0.0659909
-0.0710516
-0.0773693
-0.0598551
-0.0797348
-0.0573524
-0.0810008
-0.0556409
-0.053072
-0.0833736
-0.0524053
-0.0842687
-0.0526295
-0.0847694
-0.0547428
-0.085609
-0.0564473
-0.0858204
-0.0858519
-0.0587463
-0.0857631
-0.0655113
-0.0686027
-0.0856541
-0.0704924
-0.0854821
-0.0741808
-0.0850503
-0.0847981
-0.0758277
-0.0845338
-0.0769131
-0.0788096
-0.0838908
-0.079527
-0.0835416
-0.079982
-0.0832056
-0.0808835
-0.082481
-0.0812379
-0.0821123
-0.0814153
-0.0817819
-0.08096
-0.0817215
-0.0818237
-0.0805268
-0.0801257
-0.0818074
-0.0792058
-0.0815022
-0.0787356
-0.0807681
-0.0782971
-0.0793545
-0.0745
-0.077332
-0.0717465
-0.0768458
-0.076393
-0.0691362
-0.0632165
-0.0753938
-0.0605347
-0.0748875
-0.0744222
-0.0584252
-0.0546234
-0.074651
-0.072319
-0.0532759
-0.0711158
-0.0526219
-0.0524439
-0.073166
-0.0531764
-0.0730766
-0.0731579
-0.0542201
-0.0707834
-0.0576018
-0.0714062
-0.0599209
-0.0619124
-0.0706124
-0.0649926
-0.068565
-0.0696419
-0.0662213
-0.0671527
-0.0681285
-0.0690457
-0.0667625
-0.0663054
-0.0697977
-0.06582
-0.0703387
-0.064505
-0.0712584
-0.0641354
-0.0716057
-0.063709
-0.0718128
-0.0624142
-0.072112
-0.0619501
-0.0722034
-0.0614813
-0.0722173
-0.0606794
-0.0721867
-0.0600913
-0.0719997
-0.0592582
-0.0715133
-0.0581368
-0.0688689
-0.0671426
-0.0577793
-0.0571774
-0.0653191
-0.0577256
-0.0608938
-0.058719
-0.0570319
-0.0568059
-0.0561137
-0.0567765
-0.0530208
-0.0559975
-0.0514514
-0.0549666
-0.050271
-0.0557659
-0.0485998
-0.054904
-0.0482112
-0.0541446
-0.0482656
-0.0539503
-0.049196
-0.0500616
-0.0530211
-0.0512006
-0.0526505
-0.0532327
-0.0512083
-0.0504974
-0.0539905
-0.0545838
-0.0498589
-0.0556973
-0.0483804
-0.0561395
-0.0475322
-0.0564996
-0.0466319
-0.045038
-0.0571317
-0.0573505
-0.0443178
-0.0574792
-0.0434862
-0.0417679
-0.0576212
-0.0576263
-0.0409968
-0.0575828
-0.0401554
-0.0382789
-0.0573911
-0.0572436
-0.0373845
-0.0365138
-0.0570794
-0.0347341
-0.0558767
-0.0549564
-0.0338771
-0.0330011
-0.0538944
-0.0311927
-0.0511624
-0.049716
-0.0303307
-0.048323
-0.0294611
-0.045439
-0.0276809
-0.0441207
-0.0268186
-0.042985
-0.0259579
-0.0259948
-0.0410221
-0.0259944
-0.0402473
-0.0259913
-0.0397756
-0.0391364
-0.0241455
-0.0390838
-0.0232596
-0.0392432
-0.0224228
-0.0218694
-0.0397506
-0.021037
-0.0398939
-0.0399791
-0.0202098
-0.0401554
-0.0185635
-0.0177759
-0.0401247
-0.0170316
-0.039924
-0.0155619
-0.0397946
-0.0396215
-0.0148205
-0.0392968
-0.01414
-0.0389838
-0.012758
-0.0386692
-0.0121384
-0.0382299
-0.011552
-0.0103979
-0.0375662
-0.0372947
-0.00986885
-0.00934672
-0.036869
-0.0358771
-0.0084098
-0.0353465
-0.00796161
-0.0346522
-0.00755879
-0.006814
-0.0329301
-0.00648828
-0.0319705
-0.0311526
-0.00623487
-0.0293297
-0.00579209
-0.00568972
-0.0284608
-0.027675
-0.00569413
-0.00556434
-0.0260485
-0.0253159
-0.00548812
-0.0246736
-0.00549718
-0.0234523
-0.00537064
-0.00527228
-0.0228698
-0.0223225
-0.0051934
-0.00507962
-0.0213441
-0.0208068
-0.00507657
-0.0202539
-0.00509748
-0.0191539
-0.00524543
-0.018542
-0.00534654
-0.0179165
-0.00545096
-0.0166146
-0.00568505
-0.00580753
-0.01593
-0.00593538
-0.0152686
-0.0139072
-0.00620453
-0.00634216
-0.0132063
-0.00649511
-0.0125444
-0.0067978
-0.0111335
-0.0104499
-0.00695615
-0.00978644
-0.00709504
-0.00734475
-0.00838885
-0.00772895
-0.00745149
-0.00711727
-0.00754225
-0.00599206
-0.0076992
-0.00548759
-0.00776214
-0.00781176
-0.00503538
-0.00787132
-0.00419813
-0.00381285
-0.00780116
-0.00345717
-0.0078735
-0.0027478
-0.00791953
-0.00800467
-0.00239756
-0.00791923
-0.00205352
-0.00130881
-0.00783988
-0.000919594
-0.00788271
-0.00790011
-0.000523713
-0.00786036
0.000349895
-0.00777524
0.000764884
-0.00777489
0.00115362
-0.00751336
0.00183515
-0.00740684
0.00212638
-0.00723159
0.00239755
0.00284469
-0.00707941
0.00303247
-0.00693737
0.00315936
-0.00673242
-0.00626414
0.003347
0.00336677
-0.00597526
0.00333791
-0.00567588
0.00316238
-0.0049641
-0.00458987
0.00304802
0.00292615
-0.00416898
-0.00330752
0.00251878
0.00229786
-0.00280673
0.00204085
-0.00234347
0.00153112
-0.00134591
0.00125766
-0.000717317
-0.000148327
0.00100177
0.000550401
0.00121201
0.000340444
0.00185391
0.00257637
0.000142867
0.00411186
-0.000214714
-0.000408088
0.0049319
0.00579426
-0.00056931
0.00742243
-0.000977994
0.00845408
-0.00120332
0.00851468
-0.00144586
-0.00201695
0.00877869
0.00984044
-0.00234684
0.00990007
-0.00269549
0.0120388
-0.00345892
0.0128008
-0.00380372
0.0137502
-0.00411621
0.0162069
-0.00471717
-0.00499309
0.0174586
0.0187031
-0.00524208
-0.00571506
0.0213614
-0.00592892
0.022883
0.0243735
-0.00613192
-0.00644305
0.027651
0.0295493
-0.00655832
0.0311386
-0.00663213
0.0350683
-0.00675543
0.036923
-0.00676371
0.0389615
-0.00676181
0.0435923
-0.00664342
-0.00655761
0.0459473
-0.00644469
0.048184
-0.00613322
0.0534185
-0.00594825
0.0563408
0.0590072
-0.00578057
0.0651075
-0.00538446
0.0685231
-0.00517364
-0.004972
0.0715396
-0.00453869
0.0721224
0.0724478
-0.0043146
-0.00409919
0.0764263
-0.00356742
0.0792111
-0.00325888
0.0843158
-0.00294511
0.0871923
-0.00214364
0.0886
-0.00173536
0.094484
-0.00134168
0.0921445
-0.000305219
0.0946531
0.000215495
0.100429
0.000853516
0.104018
0.0020844
0.11287
0.00282723
0.117019
0.121531
0.003502
0.130967
0.00501881
0.00578369
0.129438
0.127602
0.00652956
0.00837707
0.137822
0.136111
0.0092415
0.134466
0.0103317
0.144983
0.0123196
0.143212
0.013401
0.141514
0.0142582
0.0158034
0.15242
0.0164157
0.150724
0.149048
0.0169728
0.158223
0.0178125
0.158812
0.0183747
0.165203
0.018998
0.177708
0.0199329
0.0206748
0.18403
0.189689
0.0214515
0.0232073
0.201595
0.205671
0.0245646
0.0258658
0.20562
0.205579
0.0292086
0.205572
0.0310682
0.0330268
0.205568
0.0371943
0.205573
0.213875
0.0396255
0.0417472
0.221384
0.0467366
0.220861
0.0496363
0.220932
0.0521151
0.220913
0.220899
0.0581826
0.0609481
0.220897
0.220895
0.0643387
0.0710466
0.220894
0.221148
0.0744208
0.226693
0.0782809
0.0859118
0.239303
0.244205
0.0897685
0.249216
0.0936681
0.259529
0.100219
0.262397
0.103072
0.262318
0.106202
0.111381
0.262254
0.113532
0.262268
0.116098
0.266204
0.120949
0.27281
0.272676
0.123214
0.27278
0.126143
0.272735
0.132383
0.272736
0.136158
0.275754
0.140008
0.283387
0.149124
0.285983
0.153872
0.284736
0.15925
0.170551
0.285172
0.175888
0.287234
0.18134
0.288784
0.191988
0.291087
0.197283
0.291713
0.202497
0.291896
0.213105
0.290841
0.289531
0.21806
0.222569
0.287961
0.28362
0.231923
0.236613
0.280697
0.240853
0.277247
0.248322
0.26896
0.264185
0.251806
0.255011
0.259025
0.259565
0.247109
0.240424
0.26106
0.26195
0.233457
0.233505
0.262089
0.231077
0.261668
0.22335
0.261092
0.206626
0.258715
0.197804
0.2571
0.188933
0.255189
0.250675
0.174999
0.248074
0.175898
0.176851
0.245379
0.15644
0.23921
0.235717
0.146011
0.136195
0.231953
0.223357
0.115674
0.218588
0.105503
0.0959321
0.213565
0.202356
0.0761852
0.066656
0.196269
0.190025
0.0579988
0.0405724
0.176529
0.0323386
0.169388
0.0250696
0.162274
0.147065
0.010585
0.00401271
0.139256
-0.00156715
0.131636
-0.0125488
0.11566
-0.0175116
0.10764
0.0999766
-0.021679
0.0846348
-0.0297543
-0.033329
0.0774722
-0.0362275
0.0710749
0.0587125
-0.041786
-0.0441866
0.0530403
-0.0461443
0.0480352
-0.0498675
0.0382908
0.033771
-0.0514977
-0.0528141
0.0297209
-0.0552532
0.0213396
-0.0562882
0.0173027
-0.0571168
0.013459
-0.0586753
0.00498557
-0.0609277
0.000781122
-0.0612525
-0.00323519
-0.0121658
-0.0591862
-0.0160178
-0.0597369
-0.0602131
-0.0192612
-0.0608404
-0.0256614
-0.0610823
-0.0285274
-0.0309708
-0.0612652
-0.0643818
-0.0357173
-0.0629568
-0.0377988
-0.0395652
-0.0609802
-0.0429393
-0.0616956
-0.0443786
-0.0618584
-0.0455495
-0.061851
-0.0618412
-0.0477723
-0.0487079
-0.0618506
-0.0618527
-0.0494863
-0.0507371
-0.0617689
-0.0509554
-0.0632321
-0.0507853
-0.0635185
-0.0495009
-0.0613893
-0.0613007
-0.048585
-0.0611982
-0.0475663
-0.0451754
-0.0609064
-0.043999
-0.062282
-0.0429551
-0.062558
-0.0609564
-0.0410658
-0.0403428
-0.0594799
-0.0612632
-0.0398821
-0.0394867
-0.0625206
-0.0625349
-0.0396559
-0.040019
-0.0625416
-0.0412859
-0.0612402
-0.0422323
-0.0616976
-0.0611953
-0.0428937
-0.0440946
-0.0608703
-0.060873
-0.0446535
-0.0607485
-0.0451529
-0.0461869
-0.0603856
-0.0601829
-0.0466341
-0.0600197
-0.0470176
-0.0478553
-0.059747
-0.0596319
-0.0481996
-0.0484678
-0.0595137
-0.0489477
-0.0594265
-0.0594095
-0.0491479
-0.0593783
-0.049297
-0.0496357
-0.0593562
-0.0496891
-0.0593733
-0.0495538
-0.0594371
-0.0484622
-0.0595383
-0.0476655
-0.0595441
-0.0595415
-0.0467472
-0.044477
-0.0596891
-0.0597523
-0.0433133
-0.0422179
-0.0598482
-0.0601303
-0.0401177
-0.0602994
-0.039251
-0.0604448
-0.0385776
-0.0377015
-0.0607906
-0.0375074
-0.0609794
-0.0611664
-0.0375739
-0.0616056
-0.0382931
-0.0389286
-0.0618602
-0.0396999
-0.0620703
-0.0625661
-0.0410841
-0.0628479
-0.0417481
-0.042469
-0.063144
-0.0439762
-0.0636855
-0.0446636
-0.0639533
-0.0453624
-0.0641593
-0.046858
-0.0647645
-0.0475211
-0.0650561
-0.0480776
-0.0652591
-0.0492726
-0.0660123
-0.0498657
-0.0663887
-0.066694
-0.0504121
-0.0516834
-0.0674618
-0.0523166
-0.0678145
-0.06815
-0.0528408
-0.0527195
-0.06869
-0.0522423
-0.0689074
-0.0691474
-0.0514898
-0.0697381
-0.0493605
-0.0701206
-0.0481514
-0.0704254
-0.0469616
-0.0445538
-0.0710589
-0.043502
-0.0713756
-0.0716732
-0.0426641
-0.0414713
-0.0724926
-0.0728253
-0.0411923
-0.0730465
-0.0412013
-0.0423003
-0.0734033
-0.0432533
-0.0734965
-0.0445153
-0.0736539
-0.0476592
-0.0741614
-0.0744272
-0.0490389
-0.074609
-0.0502247
-0.0528407
-0.0749646
-0.0540644
-0.0751403
-0.0552081
-0.0753004
-0.0759067
-0.057597
-0.0760976
-0.0586747
-0.0597355
-0.0762364
-0.076392
-0.0618048
-0.0626867
-0.076405
-0.0633926
-0.0763657
-0.0649975
-0.0764596
-0.0765126
-0.0657392
-0.076619
-0.0664642
-0.0668559
-0.0767204
-0.0767414
-0.0663173
-0.0767138
-0.065283
-0.0619325
-0.0767804
-0.0769403
-0.0600291
-0.0581721
-0.0770282
-0.0541718
-0.0770384
-0.0523966
-0.0771485
-0.0510212
-0.0772639
-0.0488566
-0.0773505
-0.0481577
-0.0743621
-0.0480427
-0.0733565
-0.0769689
-0.0491777
-0.0501903
-0.0786685
-0.0516213
-0.0764996
-0.0559748
-0.0738647
-0.0579846
-0.0740462
-0.0744302
-0.0595774
-0.0629242
-0.0746457
-0.0644425
-0.0746918
-0.0656499
-0.0747275
-0.0683262
-0.0748264
-0.0694594
-0.0748635
-0.0702848
-0.07488
-0.0748341
-0.0718086
-0.0723934
-0.0748149
-0.0728597
-0.0747392
-0.0739612
-0.0745135
-0.0744637
-0.0743671
-0.0741926
-0.0748094
-0.0750828
-0.0738409
-0.0736869
-0.0744935
-0.0735371
-0.0733372
-0.0731608
-0.0693299
-0.0670175
-0.0729374
-0.0647912
-0.0727874
-0.0724116
-0.059764
-0.0721851
-0.0574775
-0.0556151
-0.0719869
-0.0523977
-0.073186
-0.0512767
-0.0714011
-0.0713817
-0.0507313
-0.0506884
-0.0724767
-0.0707234
-0.0514719
-0.0525756
-0.0707539
-0.0559189
-0.070225
-0.0581899
-0.0715172
-0.0598109
-0.0702687
-0.0628177
-0.0677195
-0.0678024
-0.0640889
-0.0650746
-0.0676162
-0.0671117
-0.0671669
-0.0680472
-0.0669713
-0.0668252
-0.0687114
-0.0665009
-0.06994
-0.0704207
-0.0663276
-0.0707591
-0.066122
-0.0713029
-0.0656096
-0.071525
-0.0653371
-0.0716417
-0.0650656
-0.0644479
-0.071905
-0.0641185
-0.0717899
-0.0712321
-0.0637975
-0.0684743
-0.0631263
-0.0627905
-0.0667056
-0.062469
-0.0648445
-0.0617469
-0.0603938
-0.0582238
-0.0613933
-0.0563264
-0.06107
-0.0526568
-0.060358
-0.0511763
-0.0599764
-0.0501043
-0.0595992
-0.0487299
-0.0611054
-0.0486486
-0.0601159
-0.0587255
-0.0488122
-0.0501898
-0.0604571
-0.0594593
-0.0514613
-0.0526785
-0.058104
-0.0548768
-0.0597355
-0.0558227
-0.0588
-0.0565765
-0.0575819
-0.0579976
-0.057916
-0.0568074
-0.0585979
-0.0590955
-0.0567294
-0.0599929
-0.0563792
-0.0557999
-0.0603163
-0.0605311
-0.0553511
-0.0608778
-0.0542847
-0.0609773
-0.0537611
-0.061022
-0.0532688
-0.0610005
-0.0522039
-0.060971
-0.0516612
-0.0511409
-0.060907
-0.0595616
-0.0500257
-0.0494615
-0.0585059
-0.0572823
-0.0489201
-0.0541917
-0.0478572
-0.0525734
-0.0472651
-0.0510508
-0.0466855
-0.0479352
-0.0454175
-0.046546
-0.04483
-0.0442259
-0.0453836
-0.0434803
-0.0428655
-0.042355
-0.0428278
-0.0424481
-0.041723
-0.0402609
-0.0423169
-0.0396174
-0.0425289
-0.0429274
-0.0390634
-0.0439996
-0.0376402
-0.0443951
-0.0368622
-0.0362361
-0.0446901
-0.0451993
-0.0348275
-0.0453884
-0.0339844
-0.0455198
-0.0332607
-0.045687
-0.0317139
-0.0457248
-0.0309299
-0.0301918
-0.045723
-0.0456083
-0.02853
-0.0277207
-0.0454997
-0.0269314
-0.0453618
-0.0252148
-0.0449936
-0.0447719
-0.0243773
-0.0235634
-0.0445338
-0.0217807
-0.0438603
-0.0432422
-0.020908
-0.042374
-0.0200237
-0.0405108
-0.0181823
-0.0395626
-0.0172756
-0.0385549
-0.0163976
-0.0364016
-0.0145909
-0.0354054
-0.0137199
-0.0128593
-0.0344722
-0.0110916
-0.0327277
-0.0102105
-0.031865
-0.0312526
-0.00934349
-0.0303177
-0.00764332
-0.00681543
-0.0299766
-0.00601986
-0.029658
-0.00444512
-0.0291914
-0.0036885
-0.0290727
-0.00297492
-0.0287993
-0.0281402
-0.00156222
-0.000888872
-0.0279084
-0.000260763
-0.027544
-0.0266344
0.000943788
0.00148524
-0.0262151
0.00198203
-0.0257307
0.0028808
-0.0247631
-0.0242064
0.0032841
0.00363471
-0.023663
-0.022519
0.00425534
0.00452112
-0.0218951
0.00473394
-0.0212799
0.00507201
-0.0200198
-0.0193352
0.0051305
-0.0186439
0.0051765
-0.0172616
0.00511289
-0.0165792
0.00504487
-0.015927
0.00492597
-0.0146228
0.00458455
0.00437964
-0.0140109
0.00413345
-0.0134252
-0.0122454
0.00353762
0.00314059
-0.0116794
-0.0110929
0.00277338
-0.00992193
0.00193875
0.00151172
-0.00931966
-0.00870209
0.0010897
0.000169085
-0.00736565
-0.000293605
-0.00668183
-0.00596852
-0.000763047
-0.00461645
-0.00174663
-0.00227531
-0.00395164
-0.00276989
-0.00331424
-0.0020544
-0.00376893
-0.00145308
-0.00425436
-0.000891222
-0.00471001
-0.00563918
0.000216496
-0.00608702
0.000741417
-0.00651375
0.00122796
-0.00736981
0.00215105
0.00255466
-0.00779573
0.00292792
-0.00820293
0.00355944
-0.00898444
0.00382943
-0.00934905
-0.00967996
0.00404985
0.0042892
-0.0103227
0.00436952
-0.0106196
-0.0108869
0.00440486
-0.0114031
0.00440427
-0.00848851
0.00434691
-0.00870547
0.0043148
-0.00346332
0.00420255
0.00412361
-0.000999653
0.0011469
0.00401246
0.00381339
0.00516937
0.00697768
0.00371677
0.00859419
0.00355977
0.00325451
0.0116231
0.00304558
0.0129784
0.00281137
0.0141907
0.00227236
0.00195862
0.00161741
0.000783174
0.000354289
-7.0164e-05
-0.000965554
-0.00142454
-0.0018725
-0.00280866
-0.00328297
-0.00374876
-0.00476899
-0.00525975
-0.00572504
-0.00646378
-0.00674588
-0.00696265
-0.00725942
-0.00735668
-0.00741994
